label,message,clean_message,label_num
ham,"Go until jurong point, crazy.. Available only in bugis n great world la e buffet... Cine there got amore wat...",go jurong point crazy available bugis n great world la e buffet cine got amore wat,0
ham,Ok lar... Joking wif u oni...,ok lar joking wif u oni,0
spam,Free entry in 2 a wkly comp to win FA Cup final tkts 21st May 2005. Text FA to 87121 to receive entry question(std txt rate)T&C's apply 08452810075over18's,free entry wkly comp win fa cup final tkts st may text fa receive entry questionstd txt ratetcs apply over,1
ham,U dun say so early hor... U c already then say...,u dun say early hor u c already say,0
ham,"Nah I don't think he goes to usf, he lives around here though",nah dont think go usf life around though,0
spam,"FreeMsg Hey there darling it's been 3 week's now and no word back! I'd like some fun you up for it still? Tb ok! XxX std chgs to send, å£1.50 to rcv",freemsg hey darling week word back id like fun still tb ok xxx std chgs send rcv,1
ham,Even my brother is not like to speak with me. They treat me like aids patent.,even brother like speak treat like aid patent,0
ham,As per your request 'Melle Melle (Oru Minnaminunginte Nurungu Vettam)' has been set as your callertune for all Callers. Press *9 to copy your friends Callertune,per request melle melle oru minnaminunginte nurungu vettam set callertune caller press copy friend callertune,0
spam,WINNER!! As a valued network customer you have been selected to receivea å£900 prize reward! To claim call 09061701461. Claim code KL341. Valid 12 hours only.,winner valued network customer selected receivea prize reward claim call claim code kl valid hour,1
spam,Had your mobile 11 months or more? U R entitled to Update to the latest colour mobiles with camera for Free! Call The Mobile Update Co FREE on 08002986030,mobile month u r entitled update latest colour mobile camera free call mobile update co free,1
ham,"I'm gonna be home soon and i don't want to talk about this stuff anymore tonight, k? I've cried enough today.",im gonna home soon dont want talk stuff anymore tonight k ive cried enough today,0
spam,"SIX chances to win CASH! From 100 to 20,000 pounds txt> CSH11 and send to 87575. Cost 150p/day, 6days, 16+ TsandCs apply Reply HL 4 info",six chance win cash pound txt csh send cost pday day tsandcs apply reply hl info,1
spam,"URGENT! You have won a 1 week FREE membership in our å£100,000 Prize Jackpot! Txt the word: CLAIM to No: 81010 T&C www.dbuk.net LCCLTD POBOX 4403LDNW1A7RW18",urgent week free membership prize jackpot txt word claim tc lccltd pobox ldnwarw,1
ham,I've been searching for the right words to thank you for this breather. I promise i wont take your help for granted and will fulfil my promise. You have been wonderful and a blessing at all times.,ive searching right word thank breather promise wont take help granted fulfil promise wonderful blessing time,0
ham,I HAVE A DATE ON SUNDAY WITH WILL!!,date sunday,0
spam,"XXXMobileMovieClub: To use your credit, click the WAP link in the next txt message or click here>> http://wap. xxxmobilemovieclub.com?n=QJKGIGHJJGCBL",xxxmobilemovieclub use credit click wap link next txt message click xxxmobilemovieclubcomnqjkgighjjgcbl,1
ham,Oh k...i'm watching here:),oh kim watching,0
ham,Eh u remember how 2 spell his name... Yes i did. He v naughty make until i v wet.,eh u remember spell name yes v naughty make v wet,0
ham,Fine if thatåÕs the way u feel. ThatåÕs the way its gota b,fine thats way u feel thats way gota b,0
spam,"England v Macedonia - dont miss the goals/team news. Txt ur national team to 87077 eg ENGLAND to 87077 Try:WALES, SCOTLAND 4txt/Ì¼1.20 POBOXox36504W45WQ 16+",england v macedonia dont miss goalsteam news txt ur national team eg england trywales scotland txt poboxoxwwq,1
ham,Is that seriously how you spell his name?,seriously spell name,0
ham,IÛ÷m going to try for 2 months ha ha only joking,im going try month ha ha joking,0
ham,So Ì_ pay first lar... Then when is da stock comin...,pay first lar da stock comin,0
ham,Aft i finish my lunch then i go str down lor. Ard 3 smth lor. U finish ur lunch already?,aft finish lunch go str lor ard smth lor u finish ur lunch already,0
ham,Ffffffffff. Alright no way I can meet up with you sooner?,ffffffffff alright way meet sooner,0
ham,Just forced myself to eat a slice. I'm really not hungry tho. This sucks. Mark is getting worried. He knows I'm sick when I turn down pizza. Lol,forced eat slice im really hungry tho suck mark getting worried know im sick turn pizza lol,0
ham,Lol your always so convincing.,lol always convincing,0
ham,Did you catch the bus ? Are you frying an egg ? Did you make a tea? Are you eating your mom's left over dinner ? Do you feel my Love ?,catch bus frying egg make tea eating mom left dinner feel love,0
ham,"I'm back &amp; we're packing the car now, I'll let you know if there's room",im back amp packing car ill let know there room,0
ham,Ahhh. Work. I vaguely remember that! What does it feel like? Lol,ahhh work vaguely remember feel like lol,0
ham,"Wait that's still not all that clear, were you not sure about me being sarcastic or that that's why x doesn't want to live with us",wait thats still clear sure sarcastic thats x doesnt want live u,0
ham,Yeah he got in at 2 and was v apologetic. n had fallen out and she was actin like spoilt child and he got caught up in that. Till 2! But we won't go there! Not doing too badly cheers. You? ,yeah got v apologetic n fallen actin like spoilt child got caught till wont go badly cheer,0
ham,K tell me anything about you.,k tell anything,0
ham,For fear of fainting with the of all that housework you just did? Quick have a cuppa,fear fainting housework quick cuppa,0
spam,Thanks for your subscription to Ringtone UK your mobile will be charged å£5/month Please confirm by replying YES or NO. If you reply NO you will not be charged,thanks subscription ringtone uk mobile charged month please confirm replying yes reply charged,1
ham,Yup... Ok i go home look at the timings then i msg Ì_ again... Xuhui going to learn on 2nd may too but her lesson is at 8am,yup ok go home look timing msg xuhui going learn nd may lesson,0
ham,"Oops, I'll let you know when my roommate's done",oops ill let know roommate done,0
ham,I see the letter B on my car,see letter b car,0
ham,Anything lor... U decide...,anything lor u decide,0
ham,Hello! How's you and how did saturday go? I was just texting to see if you'd decided to do anything tomo. Not that i'm trying to invite myself or anything!,hello hows saturday go texting see youd decided anything tomo im trying invite anything,0
ham,Pls go ahead with watts. I just wanted to be sure. Do have a great weekend. Abiola,pls go ahead watt wanted sure great weekend abiola,0
ham,"Did I forget to tell you ? I want you , I need you, I crave you ... But most of all ... I love you my sweet Arabian steed ... Mmmmmm ... Yummy",forget tell want need crave love sweet arabian steed mmmmmm yummy,0
spam,07732584351 - Rodger Burns - MSG = We tried to call you re your reply to our sms for a free nokia mobile + free camcorder. Please call now 08000930705 for delivery tomorrow,rodger burn msg tried call reply sm free nokia mobile free camcorder please call delivery tomorrow,1
ham,WHO ARE YOU SEEING?,seeing,0
ham,Great! I hope you like your man well endowed. I am  &lt;#&gt;  inches...,great hope like man well endowed ltgt inch,0
ham,No calls..messages..missed calls,callsmessagesmissed call,0
ham,Didn't you get hep b immunisation in nigeria.,didnt get hep b immunisation nigeria,0
ham,"Fair enough, anything going on?",fair enough anything going,0
ham,"Yeah hopefully, if tyler can't do it I could maybe ask around a bit",yeah hopefully tyler cant could maybe ask around bit,0
ham,U don't know how stubborn I am. I didn't even want to go to the hospital. I kept telling Mark I'm not a weak sucker. Hospitals are for weak suckers.,u dont know stubborn didnt even want go hospital kept telling mark im weak sucker hospital weak sucker,0
ham,What you thinked about me. First time you saw me in class.,thinked first time saw class,0
ham,"A gram usually runs like  &lt;#&gt; , a half eighth is smarter though and gets you almost a whole second gram for  &lt;#&gt;",gram usually run like ltgt half eighth smarter though get almost whole second gram ltgt,0
ham,K fyi x has a ride early tomorrow morning but he's crashing at our place tonight,k fyi x ride early tomorrow morning he crashing place tonight,0
ham,"Wow. I never realized that you were so embarassed by your accomodations. I thought you liked it, since i was doing the best i could and you always seemed so happy about \the cave\"". I'm sorry I didn't and don't have more to give. I'm sorry i offered. I'm sorry your room was so embarassing.""",wow never realized embarassed accomodations thought liked since best could always seemed happy cave im sorry didnt dont give im sorry offered im sorry room embarassing,0
spam,SMS. ac Sptv: The New Jersey Devils and the Detroit Red Wings play Ice Hockey. Correct or Incorrect? End? Reply END SPTV,sm ac sptv new jersey devil detroit red wing play ice hockey correct incorrect end reply end sptv,1
ham,Do you know what Mallika Sherawat did yesterday? Find out now @  &lt;URL&gt;,know mallika sherawat yesterday find lturlgt,0
spam,"Congrats! 1 year special cinema pass for 2 is yours. call 09061209465 now! C Suprman V, Matrix3, StarWars3, etc all 4 FREE! bx420-ip4-5we. 150pm. Dont miss out! ",congrats year special cinema pas call c suprman v matrix starwars etc free bxipwe pm dont miss,1
ham,"Sorry, I'll call later in meeting.",sorry ill call later meeting,0
ham,Tell where you reached,tell reached,0
ham,Yes..gauti and sehwag out of odi series.,yesgauti sehwag odi series,0
ham,Your gonna have to pick up a $1 burger for yourself on your way home. I can't even move. Pain is killing me.,gonna pick burger way home cant even move pain killing,0
ham,Ha ha ha good joke. Girls are situation seekers.,ha ha ha good joke girl situation seeker,0
ham,Its a part of checking IQ,part checking iq,0
ham,"Sorry my roommates took forever, it ok if I come by now?",sorry roommate took forever ok come,0
ham,Ok lar i double check wif da hair dresser already he said wun cut v short. He said will cut until i look nice.,ok lar double check wif da hair dresser already said wun cut v short said cut look nice,0
spam,"As a valued customer, I am pleased to advise you that following recent review of your Mob No. you are awarded with a å£1500 Bonus Prize, call 09066364589",valued customer pleased advise following recent review mob awarded bonus prize call,1
ham,"Today is \song dedicated day..\"" Which song will u dedicate for me? Send this to all ur valuable frnds but first rply me...""",today song dedicated day song u dedicate send ur valuable frnds first rply,0
spam,"Urgent UR awarded a complimentary trip to EuroDisinc Trav, Aco&Entry41 Or å£1000. To claim txt DIS to 87121 18+6*å£1.50(moreFrmMob. ShrAcomOrSglSuplt)10, LS1 3AJ",urgent ur awarded complimentary trip eurodisinc trav acoentry claim txt dis morefrmmob shracomorsglsuplt l aj,1
spam,"Did you hear about the new \Divorce Barbie\""? It comes with all of Ken's stuff!""",hear new divorce barbie come ken stuff,1
ham,I plane to give on this month end.,plane give month end,0
ham,Wah lucky man... Then can save money... Hee...,wah lucky man save money hee,0
ham,Finished class where are you.,finished class,0
ham,HI BABE IM AT HOME NOW WANNA DO SOMETHING? XX,hi babe im home wanna something xx,0
ham,K..k:)where are you?how did you performed?,kkwhere youhow performed,0
ham,U can call me now...,u call,0
ham,I am waiting machan. Call me once you free.,waiting machan call free,0
ham,Thats cool. i am a gentleman and will treat you with dignity and respect.,thats cool gentleman treat dignity respect,0
ham,I like you peoples very much:) but am very shy pa.,like people much shy pa,0
ham,Does not operate after  &lt;#&gt;  or what,operate ltgt,0
ham,Its not the same here. Still looking for a job. How much do Ta's earn there.,still looking job much ta earn,0
ham,"Sorry, I'll call later",sorry ill call later,0
ham,K. Did you call me just now ah? ,k call ah,0
ham,Ok i am on the way to home hi hi,ok way home hi hi,0
ham,You will be in the place of that man,place man,0
ham,Yup next stop.,yup next stop,0
ham,"I call you later, don't have network. If urgnt, sms me.",call later dont network urgnt sm,0
ham,For real when u getting on yo? I only need 2 more tickets and one more jacket and I'm done. I already used all my multis.,real u getting yo need ticket one jacket im done already used multis,0
ham,Yes I started to send requests to make it but pain came back so I'm back in bed. Double coins at the factory too. I gotta cash in all my nitros.,yes started send request make pain came back im back bed double coin factory gotta cash nitros,0
ham,I'm really not up to it still tonight babe,im really still tonight babe,0
ham,"Ela kano.,il download, come wen ur free..",ela kanoil download come wen ur free,0
ham,Yeah do! DonÛ÷t stand to close tho- youÛ÷ll catch something!,yeah dont stand close tho youll catch something,0
ham,Sorry to be a pain. Is it ok if we meet another night? I spent late afternoon in casualty and that means i haven't done any of y stuff42moro and that includes all my time sheets and that. Sorry. ,sorry pain ok meet another night spent late afternoon casualty mean havent done stuffmoro includes time sheet sorry,0
ham,Smile in Pleasure Smile in Pain Smile when trouble pours like Rain Smile when sum1 Hurts U Smile becoz SOMEONE still Loves to see u Smiling!!,smile pleasure smile pain smile trouble pours like rain smile sum hurt u smile becoz someone still love see u smiling,0
spam,Please call our customer service representative on 0800 169 6031 between 10am-9pm as you have WON a guaranteed å£1000 cash or å£5000 prize!,please call customer service representative ampm guaranteed cash prize,1
ham,Havent planning to buy later. I check already lido only got 530 show in e afternoon. U finish work already?,havent planning buy later check already lido got show e afternoon u finish work already,0
spam,"Your free ringtone is waiting to be collected. Simply text the password \MIX\"" to 85069 to verify. Get Usher and Britney. FML",free ringtone waiting collected simply text password mix verify get usher britney fml,1
ham,Watching telugu movie..wat abt u?,watching telugu moviewat abt u,0
ham,i see. When we finish we have loads of loans to pay,see finish load loan pay,0
ham,"Hi. Wk been ok - on hols now! Yes on for a bit of a run. Forgot that i have hairdressers appointment at four so need to get home n shower beforehand. Does that cause prob for u?\""ham""",hi wk ok hols yes bit run forgot hairdresser appointment four need get home n shower beforehand cause prob u ham,0
ham,Please don't text me anymore. I have nothing else to say.,please dont text anymore nothing else say,0
ham,Okay name ur price as long as its legal! Wen can I pick them up? Y u ave x ams xx,okay name ur price long legal wen pick u ave x am xx,0
ham,I'm still looking for a car to buy. And have not gone 4the driving test yet.,im still looking car buy gone driving test yet,0
ham,"wow. You're right! I didn't mean to do that. I guess once i gave up on boston men and changed my search location to nyc, something changed. Cuz on my signin page it still says boston.",wow youre right didnt mean guess gave boston men changed search location nyc something changed cuz signin page still say boston,0
ham,Umma my life and vava umma love you lot dear,umma life vava umma love lot dear,0
ham,Thanks a lot for your wishes on my birthday. Thanks you for making my birthday truly memorable.,thanks lot wish birthday thanks making birthday truly memorable,0
ham,"Aight, I'll hit you up when I get some cash",aight ill hit get cash,0
ham,How would my ip address test that considering my computer isn't a minecraft server,would ip address test considering computer isnt minecraft server,0
ham,I know! Grumpy old people. My mom was like you better not be lying. Then again I am always the one to play jokes...,know grumpy old people mom like better lying always one play joke,0
ham,Dont worry. I guess he's busy.,dont worry guess he busy,0
ham,What is the plural of the noun research?,plural noun research,0
ham,Going for dinner.msg you after.,going dinnermsg,0
ham,I'm ok wif it cos i like 2 try new things. But i scared u dun like mah. Cos u said not too loud.,im ok wif co like try new thing scared u dun like mah co u said loud,0
spam,GENT! We are trying to contact you. Last weekends draw shows that you won a å£1000 prize GUARANTEED. Call 09064012160. Claim Code K52. Valid 12hrs only. 150ppm,gent trying contact last weekend draw show prize guaranteed call claim code k valid hr ppm,1
ham,"Wa, ur openin sentence very formal... Anyway, i'm fine too, juz tt i'm eatin too much n puttin on weight...Haha... So anythin special happened?",wa ur openin sentence formal anyway im fine juz tt im eatin much n puttin weighthaha anythin special happened,0
ham,"As I entered my cabin my PA said, '' Happy B'day Boss !!''. I felt special. She askd me 4 lunch. After lunch she invited me to her apartment. We went there.",entered cabin pa said happy bday bos felt special askd lunch lunch invited apartment went,0
spam,You are a winner U have been specially selected 2 receive å£1000 or a 4* holiday (flights inc) speak to a live operator 2 claim 0871277810910p/min (18+) ,winner u specially selected receive holiday flight inc speak live operator claim pmin,1
ham,Goodo! Yes we must speak friday - egg-potato ratio for tortilla needed! ,goodo yes must speak friday eggpotato ratio tortilla needed,0
ham,Hmm...my uncle just informed me that he's paying the school directly. So pls buy food.,hmmmy uncle informed he paying school directly pls buy food,0
spam,PRIVATE! Your 2004 Account Statement for 07742676969 shows 786 unredeemed Bonus Points. To claim call 08719180248 Identifier Code: 45239 Expires,private account statement show unredeemed bonus point claim call identifier code expires,1
spam,"URGENT! Your Mobile No. was awarded å£2000 Bonus Caller Prize on 5/9/03 This is our final try to contact U! Call from Landline 09064019788 BOX42WR29C, 150PPM",urgent mobile awarded bonus caller prize final try contact u call landline boxwrc ppm,1
ham,here is my new address -apples&pairs&all that malarky,new address applespairsall malarky,0
spam,Todays Voda numbers ending 7548 are selected to receive a $350 award. If you have a match please call 08712300220 quoting claim code 4041 standard rates app,today voda number ending selected receive award match please call quoting claim code standard rate app,1
ham,I am going to sao mu today. Will be done only at 12 ,going sao mu today done,0
ham,ÌÏ predict wat time Ì_'ll finish buying?,predict wat time finish buying,0
ham,"Good stuff, will do.",good stuff,0
ham,"Just so that you know,yetunde hasn't sent money yet. I just sent her a text not to bother sending. So its over, you dont have to involve yourself in anything. I shouldn't have imposed anything on you in the first place so for that, i apologise.",knowyetunde hasnt sent money yet sent text bother sending dont involve anything shouldnt imposed anything first place apologise,0
ham,Are you there in room.,room,0
ham,HEY GIRL. HOW R U? HOPE U R WELL ME AN DEL R BAK! AGAIN LONG TIME NO C! GIVE ME A CALL SUM TIME FROM LUCYxx,hey girl r u hope u r well del r bak long time c give call sum time lucyxx,0
ham,K..k:)how much does it cost?,kkhow much cost,0
ham,I'm home.,im home,0
ham,"Dear, will call Tmorrow.pls accomodate.",dear call tmorrowpls accomodate,0
ham,First answer my question.,first answer question,0
spam,Sunshine Quiz Wkly Q! Win a top Sony DVD player if u know which country the Algarve is in? Txt ansr to 82277. å£1.50 SP:Tyrone,sunshine quiz wkly q win top sony dvd player u know country algarve txt ansr sptyrone,1
spam,Want 2 get laid tonight? Want real Dogging locations sent direct 2 ur mob? Join the UK's largest Dogging Network bt Txting GRAVEL to 69888! Nt. ec2a. 31p.msg@150p,want get laid tonight want real dogging location sent direct ur mob join uk largest dogging network bt txting gravel nt eca pmsgp,1
ham,I only haf msn. It's yijue@hotmail.com,haf msn yijuehotmailcom,0
ham,He is there. You call and meet him,call meet,0
ham,No no. I will check all rooms befor activities,check room befor activity,0
spam,You'll not rcv any more msgs from the chat svc. For FREE Hardcore services text GO to: 69988 If u get nothing u must Age Verify with yr network & try again,youll rcv msg chat svc free hardcore service text go u get nothing u must age verify yr network try,1
ham,Got c... I lazy to type... I forgot Ì_ in lect... I saw a pouch but like not v nice...,got c lazy type forgot lect saw pouch like v nice,0
ham,"K, text me when you're on the way",k text youre way,0
ham,"Sir, Waiting for your mail.",sir waiting mail,0
ham,"A swt thought: \Nver get tired of doing little things 4 lovable persons..\"" Coz..somtimes those little things occupy d biggest part in their Hearts.. Gud ni8""",swt thought nver get tired little thing lovable person cozsomtimes little thing occupy biggest part heart gud ni,0
ham,I know you are. Can you pls open the back?,know pls open back,0
ham,Yes see ya not on the dot,yes see ya dot,0
ham,Whats the staff name who is taking class for us?,whats staff name taking class u,0
spam,"FreeMsg Why haven't you replied to my text? I'm Randy, sexy, female and live local. Luv to hear from u. Netcollex Ltd 08700621170150p per msg reply Stop to end",freemsg havent replied text im randy sexy female live local luv hear u netcollex ltd p per msg reply stop end,1
ham,Ummma.will call after check in.our life will begin from qatar so pls pray very hard.,ummmawill call check inour life begin qatar pls pray hard,0
ham,K..i deleted my contact that why?,ki deleted contact,0
ham,Sindu got job in birla soft ..,sindu got job birla soft,0
ham,The wine is flowing and i'm i have nevering..,wine flowing im nevering,0
ham,Yup i thk cine is better cos no need 2 go down 2 plaza mah.,yup thk cine better co need go plaza mah,0
ham,Ok... Ur typical reply...,ok ur typical reply,0
ham,"You are everywhere dirt, on the floor, the windows, even on my shirt. And sometimes when i open my mouth, you are all that comes flowing out. I dream of my world without you, then half my chores are out too. A time of joy for me, lots of tv shows i.ll see. But i guess like all things you just must exist, like rain, hail and mist, and when my time here is done, you and i become one.",everywhere dirt floor window even shirt sometimes open mouth come flowing dream world without half chore time joy lot tv show ill see guess like thing must exist like rain hail mist time done become one,0
ham,Aaooooright are you at work?,aaooooright work,0
ham,I'm leaving my house now...,im leaving house,0
ham,"Hello, my love. What are you doing? Did you get to that interview today? Are you you happy? Are you being a good boy? Do you think of me?Are you missing me ?",hello love get interview today happy good boy think meare missing,0
spam,Customer service annoncement. You have a New Years delivery waiting for you. Please call 07046744435 now to arrange delivery,customer service annoncement new year delivery waiting please call arrange delivery,1
spam,You are a winner U have been specially selected 2 receive å£1000 cash or a 4* holiday (flights inc) speak to a live operator 2 claim 0871277810810,winner u specially selected receive cash holiday flight inc speak live operator claim,1
ham,Keep yourself safe for me because I need you and I miss you already and I envy everyone that see's you in real life,keep safe need miss already envy everyone see real life,0
ham,New car and house for my parents.:)i have only new job in hand:),new car house parentsi new job hand,0
ham,I'm so in love with you. I'm excited each day i spend with you. You make me so happy.,im love im excited day spend make happy,0
spam,-PLS STOP bootydelious (32/F) is inviting you to be her friend. Reply YES-434 or NO-434 See her: www.SMS.ac/u/bootydelious STOP? Send STOP FRND to 62468,pls stop bootydelious f inviting friend reply yes see stop send stop frnd,1
spam,"BangBabes Ur order is on the way. U SHOULD receive a Service Msg 2 download UR content. If U do not, GoTo wap. bangb. tv on UR mobile internet/service menu",bangbabes ur order way u receive service msg download ur content u goto wap bangb tv ur mobile internetservice menu,1
ham,I place all ur points on e cultures module already.,place ur point e culture module already,0
spam,URGENT! We are trying to contact you. Last weekends draw shows that you have won a å£900 prize GUARANTEED. Call 09061701939. Claim code S89. Valid 12hrs only,urgent trying contact last weekend draw show prize guaranteed call claim code valid hr,1
ham,"Hi frnd, which is best way to avoid missunderstding wit our beloved one's?",hi frnd best way avoid missunderstding wit beloved one,0
ham,Great escape. I fancy the bridge but needs her lager. See you tomo ,great escape fancy bridge need lager see tomo,0
ham,Yes :)it completely in out of form:)clark also utter waste.,yes completely formclark also utter waste,0
ham,"Sir, I need AXIS BANK account no and bank address.",sir need axis bank account bank address,0
ham,"Hmmm.. Thk sure got time to hop ard... Ya, can go 4 free abt... Muz call u to discuss liao... ",hmmm thk sure got time hop ard ya go free abt muz call u discus liao,0
ham,What time you coming down later? ,time coming later,0
ham,"Bloody hell, cant believe you forgot my surname Mr . Ill give u a clue, its spanish and begins with m... ",bloody hell cant believe forgot surname mr ill give u clue spanish begin,0
ham,"Well, i'm gonna finish my bath now. Have a good...fine night.",well im gonna finish bath goodfine night,0
ham,Let me know when you've got the money so carlos can make the call,let know youve got money carlos make call,0
ham,U still going to the mall?,u still going mall,0
ham,"Turns out my friends are staying for the whole show and won't be back til ~ &lt;#&gt; , so feel free to go ahead and smoke that $ &lt;#&gt;  worth",turn friend staying whole show wont back til ltgt feel free go ahead smoke ltgt worth,0
ham,Text her. If she doesnt reply let me know so i can have her log in,text doesnt reply let know log,0
ham,Hi! You just spoke to MANEESHA V. We'd like to know if you were satisfied with the experience. Reply Toll Free with Yes or No.,hi spoke maneesha v wed like know satisfied experience reply toll free yes,0
ham,You lifted my hopes with the offer of money. I am in need. Especially when the end of the month approaches and it hurts my studying. Anyways have a gr8 weekend,lifted hope offer money need especially end month approach hurt studying anyways gr weekend,0
ham,Lol no. U can trust me.,lol u trust,0
ham,ok. I am a gentleman and will treat you with dignity and respect.,ok gentleman treat dignity respect,0
ham,"He will, you guys close?",guy close,0
ham,Going on nothing great.bye,going nothing greatbye,0
ham,Hello handsome ! Are you finding that job ? Not being lazy ? Working towards getting back that net for mummy ? Where's my boytoy now ? Does he miss me ?,hello handsome finding job lazy working towards getting back net mummy wheres boytoy miss,0
ham,"Haha awesome, be there in a minute",haha awesome minute,0
spam,Please call our customer service representative on FREEPHONE 0808 145 4742 between 9am-11pm as you have WON a guaranteed å£1000 cash or å£5000 prize!,please call customer service representative freephone ampm guaranteed cash prize,1
ham,Have you got Xmas radio times. If not i will get it now,got xmas radio time get,0
ham,I jus reached home. I go bathe first. But my sis using net tell u when she finishes k...,jus reached home go bathe first si using net tell u finish k,0
spam,Are you unique enough? Find out from 30th August. www.areyouunique.co.uk,unique enough find th august,1
ham,I'm sorry. I've joined the league of people that dont keep in touch. You mean a great deal to me. You have been a friend at all times even at great personal cost. Do have a great week.|,im sorry ive joined league people dont keep touch mean great deal friend time even great personal cost great week,0
ham,Hi :)finally i completed the course:),hi finally completed course,0
ham,It will stop on itself. I however suggest she stays with someone that will be able to give ors for every stool.,stop however suggest stay someone able give or every stool,0
ham,How are you doing? Hope you've settled in for the new school year. Just wishin you a gr8 day,hope youve settled new school year wishin gr day,0
ham,Gud mrng dear hav a nice day,gud mrng dear hav nice day,0
ham,Did u got that persons story,u got person story,0
ham,is your hamster dead? Hey so tmr i meet you at 1pm orchard mrt? ,hamster dead hey tmr meet pm orchard mrt,0
ham,Hi its Kate how is your evening? I hope i can see you tomorrow for a bit but i have to bloody babyjontet! Txt back if u can. :) xxx,hi kate evening hope see tomorrow bit bloody babyjontet txt back u xxx,0
ham,"Found it, ENC  &lt;#&gt; , where you at?",found enc ltgt,0
ham,I sent you  &lt;#&gt;  bucks,sent ltgt buck,0
ham,Hello darlin ive finished college now so txt me when u finish if u can love Kate xxx,hello darlin ive finished college txt u finish u love kate xxx,0
ham,Your account has been refilled successfully by INR  &lt;DECIMAL&gt; . Your KeralaCircle prepaid account balance is Rs  &lt;DECIMAL&gt; . Your Transaction ID is KR &lt;#&gt; .,account refilled successfully inr ltdecimalgt keralacircle prepaid account balance r ltdecimalgt transaction id kr ltgt,0
ham,Goodmorning sleeping ga.,goodmorning sleeping ga,0
ham,U call me alter at 11 ok.,u call alter ok,0
ham,ÌÏ say until like dat i dun buy ericsson oso cannot oredi lar...,say like dat dun buy ericsson oso cannot oredi lar,0
ham,"Aight yo, dats straight dogg",aight yo dat straight dogg,0
ham,You please give us connection today itself before  &lt;DECIMAL&gt;  or refund the bill,please give u connection today ltdecimalgt refund bill,0
ham,Both :) i shoot big loads so get ready!,shoot big load get ready,0
ham,"What's up bruv, hope you had a great break. Do have a rewarding semester.",whats bruv hope great break rewarding semester,0
ham,Home so we can always chat,home always chat,0
ham,K:)k:)good:)study well.,kkgoodstudy well,0
ham,Yup... How Ì_ noe leh...,yup noe leh,0
ham,Sounds great! Are you home now?,sound great home,0
ham,Finally the match heading towards draw as your prediction.,finally match heading towards draw prediction,0
ham,Tired. I haven't slept well the past few nights.,tired havent slept well past night,0
ham,Easy ah?sen got selected means its good..,easy ahsen got selected mean good,0
ham,I have to take exam with march 3,take exam march,0
ham,Yeah you should. I think you can use your gt atm now to register. Not sure but if there's anyway i can help let me know. But when you do be sure you are ready.,yeah think use gt atm register sure there anyway help let know sure ready,0
ham,Ok no prob. Take ur time.,ok prob take ur time,0
ham,There is os called ubandu which will run without installing in hard disk...you can use that os to copy the important files in system and give it to repair shop..,o called ubandu run without installing hard diskyou use o copy important file system give repair shop,0
ham,U say leh... Of course nothing happen lar. Not say v romantic jus a bit only lor. I thk e nite scenery not so nice leh.,u say leh course nothing happen lar say v romantic jus bit lor thk e nite scenery nice leh,0
spam,"500 New Mobiles from 2004, MUST GO! Txt: NOKIA to No: 89545 & collect yours today!From ONLY å£1 www.4-tc.biz 2optout 087187262701.50gbp/mtmsg18",new mobile must go txt nokia collect todayfrom optout gbpmtmsg,1
ham,Would really appreciate if you call me. Just need someone to talk to.,would really appreciate call need someone talk,0
spam,"Will u meet ur dream partner soon? Is ur career off 2 a flyng start? 2 find out free, txt HORO followed by ur star sign, e. g. HORO ARIES",u meet ur dream partner soon ur career flyng start find free txt horo followed ur star sign e g horo aries,1
ham,Hey company elama po mudyadhu.,hey company elama po mudyadhu,0
ham,"Life is more strict than teacher... Bcoz Teacher teaches lesson &amp; then conducts exam, But Life first conducts Exam &amp; then teaches Lessons. Happy morning. . .",life strict teacher bcoz teacher teach lesson amp conduct exam life first conduct exam amp teach lesson happy morning,0
ham,Dear good morning now only i am up,dear good morning,0
ham,Get down in gandhipuram and walk to cross cut road. Right side &lt;#&gt; street road and turn at first right.,get gandhipuram walk cross cut road right side ltgt street road turn first right,0
ham,Dear we are going to our rubber place,dear going rubber place,0
ham,"Sorry battery died, yeah I'm here",sorry battery died yeah im,0
ham,Yes:)here tv is always available in work place..,yeshere tv always available work place,0
spam,Text & meet someone sexy today. U can find a date or even flirt its up to U. Join 4 just 10p. REPLY with NAME & AGE eg Sam 25. 18 -msg recd@thirtyeight pence,text meet someone sexy today u find date even flirt u join p reply name age eg sam msg recdthirtyeight penny,1
ham,I have printed it oh. So  &lt;#&gt;  come upstairs,printed oh ltgt come upstairs,0
ham,Or ill be a little closer like at the bus stop on the same street,ill little closer like bus stop street,0
ham,Where are you?when wil you reach here?,youwhen wil reach,0
ham,"New Theory: Argument wins d SITUATION, but loses the PERSON. So dont argue with ur friends just.. . . . kick them &amp; say, I'm always correct.!",new theory argument win situation loses person dont argue ur friend kick amp say im always correct,0
spam,U 447801259231 have a secret admirer who is looking 2 make contact with U-find out who they R*reveal who thinks UR so special-call on 09058094597,u secret admirer looking make contact ufind rreveal think ur specialcall,1
ham,Tomarrow final hearing on my laptop case so i cant.,tomarrow final hearing laptop case cant,0
ham,PLEASSSSSSSEEEEEE TEL ME V AVENT DONE SPORTSx,pleassssssseeeeee tel v avent done sportsx,0
ham,"Okay. No no, just shining on. That was meant to be signing, but that sounds better.",okay shining meant signing sound better,0
ham,"Although i told u dat i'm into baig face watches now but i really like e watch u gave cos it's fr u. Thanx 4 everything dat u've done today, i'm touched...",although told u dat im baig face watch really like e watch u gave co fr u thanx everything dat uve done today im touched,0
ham,U don't remember that old commercial?,u dont remember old commercial,0
ham,Too late. I said i have the website. I didn't i have or dont have the slippers,late said website didnt dont slipper,0
ham,I asked you to call him now ok,asked call ok,0
ham,Kallis wont bat in 2nd innings.,kallis wont bat nd inning,0
ham,It didnt work again oh. Ok goodnight then. I.ll fix and have it ready by the time you wake up. You are very dearly missed have a good night sleep.,didnt work oh ok goodnight ill fix ready time wake dearly missed good night sleep,0
spam,Congratulations ur awarded 500 of CD vouchers or 125gift guaranteed & Free entry 2 100 wkly draw txt MUSIC to 87066 TnCs www.Ldew.com1win150ppmx3age16,congratulation ur awarded cd voucher gift guaranteed free entry wkly draw txt music tncs,1
ham,Ranjith cal drpd Deeraj and deepak 5min hold,ranjith cal drpd deeraj deepak min hold,0
ham,"Wen ur lovable bcums angry wid u, dnt take it seriously.. Coz being angry is d most childish n true way of showing deep affection, care n luv!.. kettoda manda... Have nice day da.",wen ur lovable bcums angry wid u dnt take seriously coz angry childish n true way showing deep affection care n luv kettoda manda nice day da,0
ham,What you doing?how are you?,doinghow,0
ham,"Ups which is 3days also, and the shipping company that takes 2wks. The other way is usps which takes a week but when it gets to lag you may have to bribe nipost to get your stuff.",ups day also shipping company take wks way usps take week get lag may bribe nipost get stuff,0
ham,"I'm back, lemme know when you're ready",im back lemme know youre ready,0
ham,Don't necessarily expect it to be done before you get back though because I'm just now headin out,dont necessarily expect done get back though im headin,0
ham,Mmm so yummy babe ... Nice jolt to the suzy,mmm yummy babe nice jolt suzy,0
ham,Where are you lover ? I need you ...,lover need,0
spam,We tried to contact you re your reply to our offer of a Video Handset? 750 anytime networks mins? UNLIMITED TEXT? Camcorder? Reply or call 08000930705 NOW,tried contact reply offer video handset anytime network min unlimited text camcorder reply call,1
ham,IÛ÷m parked next to a MINI!!!! When are you coming in today do you think?,im parked next mini coming today think,0
ham,Yup,yup,0
ham,Anyway i'm going shopping on my own now. Cos my sis not done yet. Dun disturb u liao.,anyway im going shopping co si done yet dun disturb u liao,0
ham,MY NO. IN LUTON 0125698789 RING ME IF UR AROUND! H*,luton ring ur around h,0
spam,Hey I am really horny want to chat or see me naked text hot to 69698 text charged at 150pm to unsubscribe text stop 69698,hey really horny want chat see naked text hot text charged pm unsubscribe text stop,1
ham,Why you Dint come with us.,dint come u,0
ham,Same. Wana plan a trip sometme then,wana plan trip sometme,0
ham,"Not sure yet, still trying to get a hold of him",sure yet still trying get hold,0
spam,Ur ringtone service has changed! 25 Free credits! Go to club4mobiles.com to choose content now! Stop? txt CLUB STOP to 87070. 150p/wk Club4 PO Box1146 MK45 2WT,ur ringtone service changed free credit go clubmobilescom choose content stop txt club stop pwk club po box mk wt,1
ham,The evo. I just had to download flash. Jealous?,evo download flash jealous,0
spam,Ringtone Club: Get the UK singles chart on your mobile each week and choose any top quality ringtone! This message is free of charge.,ringtone club get uk single chart mobile week choose top quality ringtone message free charge,1
ham,"Come to mu, we're sorting out our narcotics situation",come mu sorting narcotic situation,0
ham,"Night has ended for another day, morning has come in a special way. May you smile like the sunny rays and leaves your worries at the blue blue bay.",night ended another day morning come special way may smile like sunny ray leaf worry blue blue bay,0
spam,HMV BONUS SPECIAL 500 pounds of genuine HMV vouchers to be won. Just answer 4 easy questions. Play Now! Send HMV to 86688 More info:www.100percent-real.com,hmv bonus special pound genuine hmv voucher answer easy question play send hmv info,1
ham,"Usf I guess, might as well take 1 car",usf guess might well take car,0
ham,No objection. My bf not coming.,objection bf coming,0
ham,Thanx...,thanx,0
ham,Tell rob to mack his gf in the theater,tell rob mack gf theater,0
ham,"Awesome, I'll see you in a bit",awesome ill see bit,0
ham,Just sent it. So what type of food do you like?,sent type food like,0
ham,All done? All handed in? Celebrations in full swing yet?,done handed celebration full swing yet,0
ham,You got called a tool?,got called tool,0
ham,\Wen u miss someone,wen u miss someone,0
ham,Ok. I asked for money how far,ok asked money far,0
ham,Okie...,okie,0
ham,"Yeah I think my usual guy's still passed out from last night, if you get ahold of anybody let me know and I'll throw down",yeah think usual guy still passed last night get ahold anybody let know ill throw,0
ham,"K, I might come by tonight then if my class lets out early",k might come tonight class let early,0
ham,Ok..,ok,0
ham,hi baby im cruisin with my girl friend what r u up 2? give me a call in and hour at home if thats alright or fone me on this fone now love jenny xxx,hi baby im cruisin girl friend r u give call hour home thats alright fone fone love jenny xxx,0
ham,"My life Means a lot to me, Not because I love my life, But because I love the people in my life, The world calls them friends, I call them my World:-).. Ge:-)..",life mean lot love life love people life world call friend call world ge,0
ham,"Dear,shall mail tonite.busy in the street,shall update you tonite.things are looking ok.varunnathu edukkukayee raksha ollu.but a good one in real sense.",dearshall mail tonitebusy streetshall update tonitethings looking okvarunnathu edukkukayee raksha ollubut good one real sense,0
ham,Hey you told your name to gautham ah?,hey told name gautham ah,0
ham,Haf u found him? I feel so stupid da v cam was working.,haf u found feel stupid da v cam working,0
ham,Oops. 4 got that bit.,oops got bit,0
ham,Are you this much buzy,much buzy,0
ham,I accidentally deleted the message. Resend please.,accidentally deleted message resend please,0
spam,T-Mobile customer you may now claim your FREE CAMERA PHONE upgrade & a pay & go sim card for your loyalty. Call on 0845 021 3680.Offer ends 28thFeb.T&C's apply,tmobile customer may claim free camera phone upgrade pay go sim card loyalty call offer end thfebtcs apply,1
ham,Unless it's a situation where YOU GO GURL would be more appropriate,unless situation go gurl would appropriate,0
ham,Hurt me... Tease me... Make me cry... But in the end of my life when i die plz keep one rose on my grave and say STUPID I MISS U.. HAVE A NICE DAY BSLVYL,hurt tease make cry end life die plz keep one rose grave say stupid miss u nice day bslvyl,0
ham,I cant pick the phone right now. Pls send a message,cant pick phone right pls send message,0
ham,Need a coffee run tomo?Can't believe it's that time of week already,need coffee run tomocant believe time week already,0
ham,"Awesome, I remember the last time we got somebody high for the first time with diesel :V",awesome remember last time got somebody high first time diesel v,0
ham,"Shit that is really shocking and scary, cant imagine for a second. Def up for night out. Do u think there is somewhere i could crash for night, save on taxi?",shit really shocking scary cant imagine second def night u think somewhere could crash night save taxi,0
ham,Oh and by the way you do have more food in your fridge! Want to go out for a meal tonight? ,oh way food fridge want go meal tonight,0
ham,He is a womdarfull actor,womdarfull actor,0
spam,"SMS. ac Blind Date 4U!: Rodds1 is 21/m from Aberdeen, United Kingdom. Check Him out http://img. sms. ac/W/icmb3cktz8r7!-4 no Blind Dates send HIDE",sm ac blind date u rodds aberdeen united kingdom check sm acwicmbcktzr blind date send hide,1
ham,Yup... From what i remb... I think should be can book... ,yup remb think book,0
ham,Jos ask if u wana meet up?,jos ask u wana meet,0
ham,Lol yes. Our friendship is hanging on a thread cause u won't buy stuff.,lol yes friendship hanging thread cause u wont buy stuff,0
spam,"TheMob> Check out our newest selection of content, Games, Tones, Gossip, babes and sport, Keep your mobile fit and funky text WAP to 82468",themob check newest selection content game tone gossip babe sport keep mobile fit funky text wap,1
ham,Where are the garage keys? They aren't on the bookshelf,garage key arent bookshelf,0
ham,Today is ACCEPT DAY..U Accept me as? Brother Sister Lover Dear1 Best1 Clos1 Lvblefrnd Jstfrnd Cutefrnd Lifpartnr Belovd Swtheart Bstfrnd No rply means enemy,today accept dayu accept brother sister lover dear best clos lvblefrnd jstfrnd cutefrnd lifpartnr belovd swtheart bstfrnd rply mean enemy,0
spam,"Think ur smart ? Win å£200 this week in our weekly quiz, text PLAY to 85222 now!T&Cs WinnersClub PO BOX 84, M26 3UZ. 16+. GBP1.50/week",think ur smart win week weekly quiz text play nowtcs winnersclub po box uz gbpweek,1
ham,He says he'll give me a call when his friend's got the money but that he's definitely buying before the end of the week,say hell give call friend got money he definitely buying end week,0
ham,"Hi the way I was with u 2day, is the normal way&this is the real me. UR unique&I hope I know u 4 the rest of mylife. Hope u find wot was lost.",hi way u day normal waythis real ur uniquei hope know u rest mylife hope u find wot lost,0
ham,You made my day. Do have a great day too.,made day great day,0
ham,K.k:)advance happy pongal.,kkadvance happy pongal,0
ham,"Hmmm... Guess we can go 4 kb n power yoga... Haha, dunno we can tahan power yoga anot... Thk got lo oso, forgot liao...",hmmm guess go kb n power yoga haha dunno tahan power yoga anot thk got lo oso forgot liao,0
ham,"Not really dude, have no friends i'm afraid :(",really dude friend im afraid,0
spam,December only! Had your mobile 11mths+? You are entitled to update to the latest colour camera mobile for Free! Call The Mobile Update Co FREE on 08002986906,december mobile mths entitled update latest colour camera mobile free call mobile update co free,1
ham,"Coffee cake, i guess...",coffee cake guess,0
ham,"Merry Christmas to you too babe, i love ya *kisses*",merry christmas babe love ya kiss,0
ham,Hey... Why dont we just go watch x men and have lunch... Haha ,hey dont go watch x men lunch haha,0
ham,cud u tell ppl im gona b a bit l8 cos 2 buses hav gon past cos they were full & im still waitin 4 1. Pete x,cud u tell ppl im gona b bit l co bus hav gon past co full im still waitin pete x,0
ham,That would be great. We'll be at the Guild. Could meet on Bristol road or somewhere - will get in touch over weekend. Our plans take flight! Have a good week,would great well guild could meet bristol road somewhere get touch weekend plan take flight good week,0
ham,No problem. How are you doing?,problem,0
ham,Hi da:)how is the todays class?,hi dahow today class,0
ham,"I'd say that's a good sign but, well, you know my track record at reading women",id say thats good sign well know track record reading woman,0
ham,"Cool, text me when you're parked",cool text youre parked,0
ham,I'm reading the text i just sent you. Its meant to be a joke. So read it in that light,im reading text sent meant joke read light,0
ham,K.k:)apo k.good movie.,kkapo kgood movie,0
ham,Maybe i could get book out tomo then return it immediately ..? Or something.,maybe could get book tomo return immediately something,0
spam,Call Germany for only 1 pence per minute! Call from a fixed line via access number 0844 861 85 85. No prepayment. Direct access!,call germany penny per minute call fixed line via access number prepayment direct access,1
ham,Any chance you might have had with me evaporated as soon as you violated my privacy by stealing my phone number from your employer's paperwork. Not cool at all. Please do not contact me again or I will report you to your supervisor.,chance might evaporated soon violated privacy stealing phone number employer paperwork cool please contact report supervisor,0
spam,Valentines Day Special! Win over å£1000 in our quiz and take your partner on the trip of a lifetime! Send GO to 83600 now. 150p/msg rcvd. CustCare:08718720201.,valentine day special win quiz take partner trip lifetime send go pmsg rcvd custcare,1
ham,"Ta-Daaaaa! I am home babe, are you still up ?",tadaaaaa home babe still,0
ham,Cool. So how come you havent been wined and dined before?,cool come havent wined dined,0
ham,Just sleeping..and surfing,sleepingand surfing,0
ham,U calling me right? Call my hand phone...,u calling right call hand phone,0
ham,Ok that's great thanx a lot.,ok thats great thanx lot,0
ham,I take it the post has come then! You must have 1000s of texts now! Happy reading. My one from wiv hello caroline at the end is my favourite. Bless him,take post come must text happy reading one wiv hello caroline end favourite bless,0
ham,Where u been hiding stranger?,u hiding stranger,0
ham,Am not interested to do like that.,interested like,0
ham,My sister cleared two round in birla soft yesterday.,sister cleared two round birla soft yesterday,0
ham,Gudnite....tc...practice going on,gudnitetcpractice going,0
ham,Dis is yijue. I jus saw ur mail. In case huiming havent sent u my num. Dis is my num.,dis yijue jus saw ur mail case huiming havent sent u num dis num,0
ham,One small prestige problem now.,one small prestige problem,0
spam,Fancy a shag? I do.Interested? sextextuk.com txt XXUK SUZY to 69876. Txts cost 1.50 per msg. TnCs on website. X,fancy shag dointerested sextextukcom txt xxuk suzy txts cost per msg tncs website x,1
ham,Just checking in on you. Really do miss seeing Jeremiah. Do have a great month,checking really miss seeing jeremiah great month,0
ham,"Nah can't help you there, I've never had an iphone",nah cant help ive never iphone,0
ham,If you're not in my car in an hour and a half I'm going apeshit,youre car hour half im going apeshit,0
ham,"TODAY is Sorry day.! If ever i was angry with you, if ever i misbehaved or hurt you? plz plz JUST SLAP URSELF Bcoz, Its ur fault, I'm basically GOOD",today sorry day ever angry ever misbehaved hurt plz plz slap urself bcoz ur fault im basically good,0
ham,Yo you guys ever figure out how much we need for alcohol? Jay and I are trying to figure out how much we can safely spend on weed,yo guy ever figure much need alcohol jay trying figure much safely spend weed,0
ham,&lt;#&gt; ISH MINUTES WAS 5 MINUTES AGO. WTF.,ltgt ish minute minute ago wtf,0
ham,"Thank You for calling.Forgot to say Happy Onam to you Sirji.I am fine here and remembered you when i met an insurance person.Meet You in Qatar Insha Allah.Rakhesh, ex Tata AIG who joined TISSCO,Tayseer.",thank callingforgot say happy onam sirjii fine remembered met insurance personmeet qatar insha allahrakhesh ex tata aig joined tisscotayseer,0
spam,Ur cash-balance is currently 500 pounds - to maximize ur cash-in now send CASH to 86688 only 150p/msg. CC: 08708800282 HG/Suite342/2Lands Row/W1J6HL,ur cashbalance currently pound maximize ur cashin send cash pmsg cc hgsuitelands rowwjhl,1
ham,"I'm an actor. When i work, i work in the evening and sleep late. Since i'm unemployed at the moment, i ALWAYS sleep late. When you're unemployed, every day is saturday.",im actor work work evening sleep late since im unemployed moment always sleep late youre unemployed every day saturday,0
ham,"Hello! Just got here, st andrews-boy its a long way! Its cold. I will keep you posted",hello got st andrewsboy long way cold keep posted,0
ham,Ha ha cool cool chikku chikku:-):-DB-),ha ha cool cool chikku chikkudb,0
ham,Oh ok no prob..,oh ok prob,0
ham,Check audrey's status right now,check audreys status right,0
ham,Busy here. Trying to finish for new year. I am looking forward to finally meeting you...,busy trying finish new year looking forward finally meeting,0
ham,"Good afternoon sunshine! How dawns that day ? Are we refreshed and happy to be alive? Do we breathe in the air and smile ? I think of you, my love ... As always",good afternoon sunshine dawn day refreshed happy alive breathe air smile think love always,0
ham,Well i know Z will take care of me. So no worries.,well know z take care worry,0
spam,"Update_Now - Xmas Offer! Latest Motorola, SonyEricsson & Nokia & FREE Bluetooth! Double Mins & 1000 Txt on Orange. Call MobileUpd8 on 08000839402 or call2optout/F4Q=",updatenow xmas offer latest motorola sonyericsson nokia free bluetooth double min txt orange call mobileupd calloptoutfq,1
spam,Here is your discount code RP176781. To stop further messages reply stop. www.regalportfolio.co.uk. Customer Services 08717205546,discount code rp stop message reply stop customer service,1
ham,Wat uniform? In where get?,wat uniform get,0
ham,"Cool, text me when you're ready",cool text youre ready,0
ham,"Hello my boytoy ... Geeee I miss you already and I just woke up. I wish you were here in bed with me, cuddling me. I love you ...",hello boytoy geeee miss already woke wish bed cuddling love,0
ham,I will spoil you in bed as well :),spoil bed well,0
ham,I'm going for bath will msg you next  &lt;#&gt;  min..,im going bath msg next ltgt min,0
ham,I cant keep talking to people if am not sure i can pay them if they agree to price. So pls tell me what you want to really buy and how much you are willing to pay,cant keep talking people sure pay agree price pls tell want really buy much willing pay,0
spam,"Thanks for your Ringtone Order, Reference T91. You will be charged GBP 4 per week. You can unsubscribe at anytime by calling customer services on 09057039994",thanks ringtone order reference charged gbp per week unsubscribe anytime calling customer service,1
ham,Can you say what happen,say happen,0
ham,You could have seen me..i did't recognise you Face.:),could seen mei didt recognise face,0
ham,Well there's not a lot of things happening in Lindsay on New years *sighs* Some bars in Ptbo and the blue heron has something going,well there lot thing happening lindsay new year sigh bar ptbo blue heron something going,0
ham,Keep my payasam there if rinu brings,keep payasam rinu brings,0
ham,I taught that Ranjith sir called me. So only i sms like that. Becaus hes verifying about project. Prabu told today so only pa dont mistake me..,taught ranjith sir called sm like becaus he verifying project prabu told today pa dont mistake,0
ham,"I guess that's why you re worried. You must know that there's a way the body repairs itself. And i'm quite sure you shouldn't worry. We'll take it slow. First the tests, they will guide when your ovulation is then just relax. Nothing you've said is a reason to worry but i.ll keep on followin you up.",guess thats worried must know there way body repair im quite sure shouldnt worry well take slow first test guide ovulation relax nothing youve said reason worry ill keep followin,0
ham,"Yeah sure, give me a couple minutes to track down my wallet",yeah sure give couple minute track wallet,0
ham,Hey leave it. not a big deal:-) take care.,hey leave big deal take care,0
ham,Hey i will be late ah... Meet you at 945+,hey late ah meet,0
spam,"Double mins and txts 4 6months FREE Bluetooth on Orange. Available on Sony, Nokia Motorola phones. Call MobileUpd8 on 08000839402 or call2optout/N9DX",double min txts month free bluetooth orange available sony nokia motorola phone call mobileupd calloptoutndx,1
ham,It took Mr owl 3 licks,took mr owl lick,0
ham,Customer place i will call you.,customer place call,0
ham,Mm that time you dont like fun,mm time dont like fun,0
spam,4mths half price Orange line rental & latest camera phones 4 FREE. Had your phone 11mths ? Call MobilesDirect free on 08000938767 to update now! or2stoptxt,mths half price orange line rental latest camera phone free phone mths call mobilesdirect free update orstoptxt,1
ham,Yup having my lunch buffet now.. U eat already?,yup lunch buffet u eat already,0
ham,Huh so late... Fr dinner?,huh late fr dinner,0
ham,Hey so this sat are we going for the intro pilates only? Or the kickboxing too? ,hey sat going intro pilate kickboxing,0
ham,Morning only i can ok.,morning ok,0
ham,Yes i think so. I am in office but my lap is in room i think thats on for the last few days. I didnt shut that down,yes think office lap room think thats last day didnt shut,0
ham,Pick you up bout 7.30ish? What time are  and that going?,pick bout ish time going,0
ham,From here after The performance award is calculated every two month.not for current one month period..,performance award calculated every two monthnot current one month period,0
ham,Was actually sleeping and still might when u call back. So a text is gr8. You rock sis. Will send u a text wen i wake.,actually sleeping still might u call back text gr rock si send u text wen wake,0
ham,"You are always putting your business out there. You put pictures of your ass on facebook. You are one of the most open people i've ever met. Why would i think a picture of your room would hurt you, make you feel violated.",always putting business put picture as facebook one open people ive ever met would think picture room would hurt make feel violated,0
ham,"Good evening Sir, Al Salam Wahleykkum.sharing a happy news.By the grace of God, i got an offer from Tayseer,TISSCO and i joined.Hope you are fine.Inshah Allah,meet you sometime.Rakhesh,visitor from India.",good evening sir al salam wahleykkumsharing happy newsby grace god got offer tayseertissco joinedhope fineinshah allahmeet sometimerakheshvisitor india,0
ham,Hmmm...k...but i want to change the field quickly da:-)i wanna get system administrator or network administrator..,hmmmkbut want change field quickly dai wanna get system administrator network administrator,0
spam,"FREE RINGTONE text FIRST to 87131 for a poly or text GET to 87131 for a true tone! Help? 0845 2814032 16 after 1st free, tones are 3xå£150pw to eå£nd txt stop",free ringtone text first poly text get true tone help st free tone xpw end txt stop,1
ham,Dear how is chechi. Did you talk to her,dear chechi talk,0
ham,The hair cream has not been shipped.,hair cream shipped,0
ham,None of that's happening til you get here though,none thats happening til get though,0
ham,"Yep, the great loxahatchee xmas tree burning of  &lt;#&gt;  starts in an hour",yep great loxahatchee xmas tree burning ltgt start hour,0
ham,"Haha get used to driving to usf man, I know a lot of stoners",haha get used driving usf man know lot stoner,0
ham,All was well until slightly disastrous class this pm with my fav darlings! Hope day off ok. Coffee wld be good as can't stay late tomorrow. Same time + place as always?,well slightly disastrous class pm fav darling hope day ok coffee wld good cant stay late tomorrow time place always,0
ham,Hello! Good week? Fancy a drink or something later?,hello good week fancy drink something later,0
ham,Headin towards busetop,headin towards busetop,0
ham,Message:some text missing* Sender:Name Missing* *Number Missing *Sent:Date missing *Missing U a lot thats y everything is missing sent via fullonsms.com,messagesome text missing sendername missing number missing sentdate missing missing u lot thats everything missing sent via fullonsmscom,0
ham,Come by our room at some point so we can iron out the plan for this weekend,come room point iron plan weekend,0
ham,Cos i want it to be your thing,co want thing,0
ham,"Okies... I'll go yan jiu too... We can skip ard oso, go cine den go mrt one, blah blah blah... ",okies ill go yan jiu skip ard oso go cine den go mrt one blah blah blah,0
ham,Bring home some Wendy =D,bring home wendy,0
spam,100 dating service cal;l 09064012103 box334sk38ch,dating service call boxskch,1
ham,Whatsup there. Dont u want to sleep,whatsup dont u want sleep,0
ham,Alright i have a new goal now,alright new goal,0
spam,FREE entry into our å£250 weekly competition just text the word WIN to 80086 NOW. 18 T&C www.txttowin.co.uk,free entry weekly competition text word win tc,1
ham,"Alright, I'll head out in a few minutes, text me where to meet you",alright ill head minute text meet,0
spam,Send a logo 2 ur lover - 2 names joined by a heart. Txt LOVE NAME1 NAME2 MOBNO eg LOVE ADAM EVE 07123456789 to 87077 Yahoo! POBox36504W45WQ TxtNO 4 no ads 150p,send logo ur lover name joined heart txt love name name mobno eg love adam eve yahoo poboxwwq txtno ad p,1
ham,Yes:)from last week itself i'm taking live call.,yesfrom last week im taking live call,0
spam,Someone has contacted our dating service and entered your phone because they fancy you! To find out who it is call from a landline 09111032124 . PoBox12n146tf150p,someone contacted dating service entered phone fancy find call landline poboxntfp,1
ham,Siva is in hostel aha:-.,siva hostel aha,0
spam,URGENT! Your Mobile number has been awarded with a å£2000 prize GUARANTEED. Call 09058094455 from land line. Claim 3030. Valid 12hrs only,urgent mobile number awarded prize guaranteed call land line claim valid hr,1
ham,Send this to ur friends and receive something about ur voice..... How is my speaking expression? 1.childish 2.naughty 3.Sentiment 4.rowdy 5.ful of attitude 6.romantic 7.shy 8.Attractive 9.funny  &lt;#&gt; .irritating  &lt;#&gt; .lovable. reply me..,send ur friend receive something ur voice speaking expression childish naughty sentiment rowdy ful attitude romantic shy attractive funny ltgt irritating ltgt lovable reply,0
ham,Ok. She'll be ok. I guess,ok shell ok guess,0
ham,aathi..where are you dear..,aathiwhere dear,0
ham,Any pain on urination any thing else?,pain urination thing else,0
ham,7 at esplanade.. Do Ì_ mind giving me a lift cos i got no car today..,esplanade mind giving lift co got car today,0
ham,I wnt to buy a BMW car urgently..its vry urgent.but hv a shortage of  &lt;#&gt; Lacs.there is no source to arng dis amt. &lt;#&gt; lacs..thats my prob,wnt buy bmw car urgentlyits vry urgentbut hv shortage ltgt lacsthere source arng dis amt ltgt lacsthats prob,0
ham,At home watching tv lor.,home watching tv lor,0
ham,Does she usually take fifteen fucking minutes to respond to a yes or no question,usually take fifteen fucking minute respond yes question,0
spam,Congrats! Nokia 3650 video camera phone is your Call 09066382422 Calls cost 150ppm Ave call 3mins vary from mobiles 16+ Close 300603 post BCM4284 Ldn WC1N3XX,congrats nokia video camera phone call call cost ppm ave call min vary mobile close post bcm ldn wcnxx,1
ham,Booked ticket for pongal?,booked ticket pongal,0
ham,You available now? I'm like right around hillsborough &amp;  &lt;#&gt; th,available im like right around hillsborough amp ltgt th,0
ham,The message sent is askin for  &lt;#&gt; dollars. Shoul i pay  &lt;#&gt;  or  &lt;#&gt; ?,message sent askin ltgt dollar shoul pay ltgt ltgt,0
ham,"Ask g or iouri, I've told the story like ten times already",ask g iouri ive told story like ten time already,0
ham,How long does applebees fucking take,long applebees fucking take,0
ham,"Hi hope u get this txt~journey hasnt been gd,now about 50 mins late I think.",hi hope u get txtjourney hasnt gdnow min late think,0
ham,But i have to. I like to have love and arrange.,like love arrange,0
ham,Yes..he is really great..bhaji told kallis best cricketer after sachin in world:).very tough to get out.,yeshe really greatbhaji told kallis best cricketer sachin worldvery tough get,0
ham,You were supposed to wake ME up &gt;:(,supposed wake gt,0
ham,Oic... I saw him too but i tot he din c me... I found a group liao...,oic saw tot din c found group liao,0
ham,\HEY HEY WERETHE MONKEESPEOPLE SAY WE MONKEYAROUND! HOWDY GORGEOUS,hey hey werethe monkeespeople say monkeyaround howdy gorgeous,0
ham,"Sorry, my battery died, I can come by but I'm only getting a gram for now, where's your place?",sorry battery died come im getting gram wheres place,0
ham,"Well done, blimey, exercise, yeah, i kinda remember wot that is, hmm. ",well done blimey exercise yeah kinda remember wot hmm,0
ham,I wont get concentration dear you know you are my mind and everything :-),wont get concentration dear know mind everything,0
ham,LOL ... Have you made plans for new years?,lol made plan new year,0
ham,10 min later k...,min later k,0
ham,hanks lotsly!,hank lotsly,0
ham,Thanks for this hope you had a good day today,thanks hope good day today,0
ham,K:)k:)what are detail you want to transfer?acc no enough?,kkwhat detail want transferacc enough,0
ham,Ok i will tell her to stay out. Yeah its been tough but we are optimistic things will improve this month.,ok tell stay yeah tough optimistic thing improve month,0
spam,"Loan for any purpose å£500 - å£75,000. Homeowners + Tenants welcome. Have you been previously refused? We can still help. Call Free 0800 1956669 or text back 'help'",loan purpose homeowner tenant welcome previously refused still help call free text back help,1
ham,Si si. I think ill go make those oreo truffles.,si si think ill go make oreo truffle,0
ham,"LOOK AT AMY URE A BEAUTIFUL, INTELLIGENT WOMAN AND I LIKE U A LOT. I KNOW U DONåÕT LIKE ME LIKE THAT SO DONåÕT WORRY.",look amy ure beautiful intelligent woman like u lot know u dont like like dont worry,0
ham,I hope you that's the result of being consistently intelligent and kind. Start asking him about practicum links and keep your ears open and all the best. ttyl,hope thats result consistently intelligent kind start asking practicum link keep ear open best ttyl,0
ham,"1.20 that call cost. Which i guess isnt bad. Miss ya, need ya, want ya, love ya",call cost guess isnt bad miss ya need ya want ya love ya,0
ham,Going thru a very different feeling.wavering decisions and coping up with the same is the same individual.time will heal everything i believe.,going thru different feelingwavering decision coping individualtime heal everything believe,0
ham,Where did u go? My phone is gonna die you have to stay in here,u go phone gonna die stay,0
ham,Great. Never been better. Each day gives even more reasons to thank God,great never better day give even reason thank god,0
spam,"UpgrdCentre Orange customer, you may now claim your FREE CAMERA PHONE upgrade for your loyalty. Call now on 0207 153 9153. Offer ends 26th July. T&C's apply. Opt-out available",upgrdcentre orange customer may claim free camera phone upgrade loyalty call offer end th july tc apply optout available,1
ham,"Sorry, I'll call later ok bye",sorry ill call later ok bye,0
ham,Ok i am on the way to railway,ok way railway,0
ham,great princess! I love giving and receiving oral. Doggy style is my fave position. How about you? I enjoy making love  &lt;#&gt;  times per night :),great princess love giving receiving oral doggy style fave position enjoy making love ltgt time per night,0
ham,They don't put that stuff on the roads to keep it from getting slippery over there?,dont put stuff road keep getting slippery,0
ham,When are you going to ride your bike?,going ride bike,0
ham,"Yup, no need. I'll jus wait 4 e rain 2 stop.",yup need ill jus wait e rain stop,0
ham,There are many company. Tell me the language.,many company tell language,0
spam,okmail: Dear Dave this is your final notice to collect your 4* Tenerife Holiday or #5000 CASH award! Call 09061743806 from landline. TCs SAE Box326 CW25WX 150ppm,okmail dear dave final notice collect tenerife holiday cash award call landline tc sae box cwwx ppm,1
ham,"How long has it been since you screamed, princess?",long since screamed princess,0
ham,"Nothing. I meant that once the money enters your account here, the bank will remove its flat rate. Someone transfered  &lt;#&gt;  to my account and  &lt;#&gt; dollars got removed. So the banks differ and charges also differ.be sure you trust the 9ja person you are sending account details to cos...",nothing meant money enters account bank remove flat rate someone transfered ltgt account ltgt dollar got removed bank differ charge also differbe sure trust ja person sending account detail co,0
spam,Want 2 get laid tonight? Want real Dogging locations sent direct 2 ur Mob? Join the UK's largest Dogging Network by txting MOAN to 69888Nyt. ec2a. 31p.msg@150p,want get laid tonight want real dogging location sent direct ur mob join uk largest dogging network txting moan nyt eca pmsgp,1
ham,Nice line said by a broken heart- Plz don't cum 1 more times infront of me... Other wise once again I ll trust U... Good 9t:),nice line said broken heart plz dont cum time infront wise trust u good,0
ham,Ok I'm gonna head up to usf in like fifteen minutes,ok im gonna head usf like fifteen minute,0
ham,Love you aathi..love u lot..,love aathilove u lot,0
ham,Tension ah?what machi?any problem?,tension ahwhat machiany problem,0
ham,"K, can I pick up another 8th when you're done?",k pick another th youre done,0
ham,When're you guys getting back? G said you were thinking about not staying for mcr,whenre guy getting back g said thinking staying mcr,0
ham,"Almost there, see u in a sec",almost see u sec,0
ham,"Yo carlos, a few friends are already asking me about you, you working at all this weekend?",yo carlos friend already asking working weekend,0
ham,Watching tv lor...,watching tv lor,0
ham,Thank you baby! I cant wait to taste the real thing...,thank baby cant wait taste real thing,0
ham,You should change your fb to jaykwon thuglyfe falconerf,change fb jaykwon thuglyfe falconerf,0
ham,If we win its really no 1 side for long time.,win really side long time,0
spam,"FREE MESSAGE Activate your 500 FREE Text Messages by replying to this message with the word FREE For terms & conditions, visit www.07781482378.com",free message activate free text message replying message word free term condition visit,1
ham,Dear reached railway. What happen to you,dear reached railway happen,0
ham,"Depends on quality. If you want the type i sent boye, faded glory, then about 6. If you want ralphs maybe 2",depends quality want type sent boye faded glory want ralphs maybe,0
ham,I think i've fixed it can you send a test message?,think ive fixed send test message,0
ham,"Sorry man my account's dry or I would, if you want we could trade back half or I could buy some shit with my credit card",sorry man account dry would want could trade back half could buy shit credit card,0
ham,"Sorry,in meeting I'll call later",sorryin meeting ill call later,0
ham,What class of  &lt;#&gt;  reunion?,class ltgt reunion,0
ham,Are you free now?can i call now?,free nowcan call,0
ham,Got meh... When?,got meh,0
ham,Nope... Think i will go for it on monday... Sorry i replied so late,nope think go monday sorry replied late,0
ham,Some of them told accenture is not confirm. Is it true.,told accenture confirm true,0
ham,"Kate jackson rec center before 7ish, right?",kate jackson rec center ish right,0
ham,Dear i have reache room,dear reache room,0
ham,"Fighting with the world is easy, u either win or lose bt fightng with some1 who is close to u is dificult if u lose - u lose if u win - u still lose.",fighting world easy u either win lose bt fightng close u dificult u lose u lose u win u still lose,0
ham,When can Ì_ come out?,come,0
ham,Check with nuerologist.,check nuerologist,0
ham,Lolnice. I went from a fish to ..water.?,lolnice went fish water,0
spam,+123 Congratulations - in this week's competition draw u have won the å£1450 prize to claim just call 09050002311 b4280703. T&Cs/stop SMS 08718727868. Over 18 only 150ppm,congratulation week competition draw u prize claim call b tcsstop sm ppm,1
ham,No it's waiting in e car dat's bored wat. Cos wait outside got nothing 2 do. At home can do my stuff or watch tv wat.,waiting e car dat bored wat co wait outside got nothing home stuff watch tv wat,0
ham,"Maybe westshore or hyde park village, the place near my house?",maybe westshore hyde park village place near house,0
ham,You should know now. So how's anthony. Are you bringing money. I've school fees to pay and rent and stuff like that. Thats why i need your help. A friend in need....|,know hows anthony bringing money ive school fee pay rent stuff like thats need help friend need,0
ham,What's the significance?,whats significance,0
ham,Your opinion about me? 1. Over 2. Jada 3. Kusruthi 4. Lovable 5. Silent 6. Spl character 7. Not matured 8. Stylish 9. Simple Pls reply..,opinion jada kusruthi lovable silent spl character matured stylish simple pls reply,0
ham,"8 at the latest, g's still there if you can scrounge up some ammo and want to give the new ak a try",latest g still scrounge ammo want give new ak try,0
ham,Prabha..i'm soryda..realy..frm heart i'm sory,prabhaim sorydarealyfrm heart im sory,0
ham,Lol ok your forgiven :),lol ok forgiven,0
ham,No..jst change tat only..,nojst change tat,0
spam,"You are guaranteed the latest Nokia Phone, a 40GB iPod MP3 player or a å£500 prize! Txt word: COLLECT to No: 83355! IBHltd LdnW15H 150p/Mtmsgrcvd18+",guaranteed latest nokia phone gb ipod mp player prize txt word collect ibhltd ldnwh pmtmsgrcvd,1
ham,S:)no competition for him.,sno competition,0
spam,Boltblue tones for 150p Reply POLY# or MONO# eg POLY3 1. Cha Cha Slide 2. Yeah 3. Slow Jamz 6. Toxic 8. Come With Me or STOP 4 more tones txt MORE,boltblue tone p reply poly mono eg poly cha cha slide yeah slow jamz toxic come stop tone txt,1
spam,Your credits have been topped up for http://www.bubbletext.com Your renewal Pin is tgxxrz,credit topped renewal pin tgxxrz,1
ham,"That way transport is less problematic than on sat night. By the way, if u want to ask  n  to join my bday, feel free. But need to know definite nos as booking on fri. ",way transport less problematic sat night way u want ask n join bday feel free need know definite no booking fri,0
ham,Usually the person is unconscious that's in children but in adults they may just behave abnormally. I.ll call you now,usually person unconscious thats child adult may behave abnormally ill call,0
ham,But that's on ebay it might be less elsewhere.,thats ebay might less elsewhere,0
ham,Shall i come to get pickle,shall come get pickle,0
ham,Were gonna go get some tacos,gonna go get taco,0
ham,"That's very rude, you on campus?",thats rude campus,0
spam,"URGENT!: Your Mobile No. was awarded a å£2,000 Bonus Caller Prize on 02/09/03! This is our 2nd attempt to contact YOU! Call 0871-872-9755 BOX95QU",urgent mobile awarded bonus caller prize nd attempt contact call boxqu,1
ham,Hi i won't b ard 4 christmas. But do enjoy n merry x'mas.,hi wont b ard christmas enjoy n merry xmas,0
spam,"Today's Offer! Claim ur å£150 worth of discount vouchers! Text YES to 85023 now! SavaMob, member offers mobile! T Cs 08717898035. å£3.00 Sub. 16 . Unsub reply X",today offer claim ur worth discount voucher text yes savamob member offer mobile c sub unsub reply x,1
ham,Yes! How is a pretty lady like you single?,yes pretty lady like single,0
spam,You will recieve your tone within the next 24hrs. For Terms and conditions please see Channel U Teletext Pg 750,recieve tone within next hr term condition please see channel u teletext pg,1
ham,Jay says that you're a double-faggot,jay say youre doublefaggot,0
spam,PRIVATE! Your 2003 Account Statement for 07815296484 shows 800 un-redeemed S.I.M. points. Call 08718738001 Identifier Code 41782 Expires 18/11/04 ,private account statement show unredeemed sim point call identifier code expires,1
ham,What Today-sunday..sunday is holiday..so no work..,todaysundaysunday holidayso work,0
ham,I'll be late...,ill late,0
ham,"I've not called you in a while. This is hoping it was l8r malaria and that you know that we miss you guys. I miss Bani big, so pls give her my love especially. Have a great day.",ive called hoping lr malaria know miss guy miss ban big pls give love especially great day,0
ham,"Good afternoon, my love! How goes that day ? I hope maybe you got some leads on a job. I think of you, boytoy and send you a passionate kiss from across the sea",good afternoon love go day hope maybe got lead job think boytoy send passionate kiss across sea,0
ham,"Probably gonna be here for a while, see you later tonight &lt;)",probably gonna see later tonight lt,0
ham,Or maybe my fat fingers just press all these buttons and it doesn't know what to do.,maybe fat finger press button doesnt know,0
ham,Ummmmmaah Many many happy returns of d day my dear sweet heart.. HAPPY BIRTHDAY dear,ummmmmaah many many happy return day dear sweet heart happy birthday dear,0
ham,"I am in tirupur da, once you started from office call me.",tirupur da started office call,0
spam,from www.Applausestore.com MonthlySubscription@50p/msg max6/month T&CsC web age16 2stop txt stop,monthlysubscriptionpmsg maxmonth tcsc web age stop txt stop,1
ham,"A famous quote : when you develop the ability to listen to 'anything' unconditionally without losing your temper or self confidence, it means you are ......... 'MARRIED'",famous quote develop ability listen anything unconditionally without losing temper self confidence mean married,0
ham,But am going to college pa. What to do. are else ill come there it self. Pa.,going college pa else ill come self pa,0
ham,4 oclock at mine. Just to bash out a flat plan.,oclock mine bash flat plan,0
ham,This girl does not stay in bed. This girl doesn't need recovery time. Id rather pass out while having fun then be cooped up in bed,girl stay bed girl doesnt need recovery time id rather pas fun cooped bed,0
ham,Then any special there?,special,0
ham,I know but you need to get hotel now. I just got my invitation but i had to apologise. Cali is to sweet for me to come to some english bloke's weddin,know need get hotel got invitation apologise cali sweet come english bloke weddin,0
ham,"Sorry that took so long, omw now",sorry took long omw,0
ham,Wait  &lt;#&gt;  min..,wait ltgt min,0
ham,Ok give me 5 minutes I think I see her. BTW you're my alibi. You were cutting my hair the whole time.,ok give minute think see btw youre alibi cutting hair whole time,0
ham,"Imagine you finally get to sink into that bath after I have put you through your paces, maybe even having you eat me for a while before I left ... But also imagine the feel of that cage on your cock surrounded by the bath water, reminding you always who owns you ... Enjoy, my cuck",imagine finally get sink bath put pace maybe even eat left also imagine feel cage cock surrounded bath water reminding always owns enjoy cuck,0
ham,"Hurry up, I've been weed-deficient for like three days",hurry ive weeddeficient like three day,0
ham,"Sure, if I get an acknowledgement from you that it's astoundingly tactless and generally faggy to demand a blood oath fo",sure get acknowledgement astoundingly tactless generally faggy demand blood oath fo,0
ham,Ok. Every night take a warm bath drink a cup of milk and you'll see a work of magic. You still need to loose weight. Just so that you know,ok every night take warm bath drink cup milk youll see work magic still need loose weight know,0
ham,IÛ÷ll have a look at the frying pan in case itÛ÷s cheap or a book perhaps. No thatÛ÷s silly a frying pan isnÛ÷t likely to be a book,ill look frying pan case cheap book perhaps thats silly frying pan isnt likely book,0
ham,O. Well uv causes mutations. Sunscreen is like essential thesedays,well uv cause mutation sunscreen like essential thesedays,0
ham,Having lunch:)you are not in online?why?,lunchyou onlinewhy,0
ham,I know that my friend already told that.,know friend already told,0
ham,Hi Princess! Thank you for the pics. You are very pretty. How are you?,hi princess thank pic pretty,0
ham,"Aiyo... U always c our ex one... I dunno abt mei, she haven reply... First time u reply so fast... Y so lucky not workin huh, got bao by ur sugardad ah...gee.. ",aiyo u always c ex one dunno abt mei reply first time u reply fast lucky workin huh got bao ur sugardad ahgee,0
ham,Hi msg me:)i'm in office..,hi msg meim office,0
ham,Thanx 4 e brownie it's v nice...,thanx e brownie v nice,0
ham,Geeeee ... I love you so much I can barely stand it,geeeee love much barely stand,0
ham,"Fuck babe ... I miss you already, you know ? Can't you let me send you some money towards your net ? I need you ... I want you ... I crave you ...",fuck babe miss already know cant let send money towards net need want crave,0
ham,"Ill call u 2mrw at ninish, with my address that icky American freek wont stop callin me 2 bad Jen k eh?",ill call u mrw ninish address icky american freek wont stop callin bad jen k eh,0
ham,Oooh bed ridden ey? What are YOU thinking of?,oooh bed ridden ey thinking,0
ham,"So anyways, you can just go to your gym or whatever, my love *smiles* I hope your ok and having a good day babe ... I miss you so much already",anyways go gym whatever love smile hope ok good day babe miss much already,0
ham,Love it! Daddy will make you scream with pleasure! I am going to slap your ass with my dick!,love daddy make scream pleasure going slap as dick,0
ham,WOT U WANNA DO THEN MISSY?,wot u wanna missy,0
ham,Yar lor wait 4 my mum 2 finish sch then have lunch lor... I whole morning stay at home clean my room now my room quite clean... Hee...,yar lor wait mum finish sch lunch lor whole morning stay home clean room room quite clean hee,0
ham,Do you know where my lab goggles went,know lab goggles went,0
ham,Can you open the door?,open door,0
ham,Waiting for your call.,waiting call,0
ham,Nope i waiting in sch 4 daddy... ,nope waiting sch daddy,0
spam,"You have won ?1,000 cash or a ?2,000 prize! To claim, call09050000327",cash prize claim call,1
ham,"I'm tired of arguing with you about this week after week. Do what you want and from now on, i'll do the same.",im tired arguing week week want ill,0
ham,ÌÏ wait 4 me in sch i finish ard 5..,wait sch finish ard,0
spam,"our mobile number has won å£5000, to claim calls us back or ring the claims hot line on 09050005321.",mobile number claim call u back ring claim hot line,1
ham,"Arngd marriage is while u r walkin unfortuntly a snake bites u. bt love marriage is dancing in frnt of d snake &amp; sayin Bite me, bite me.",arngd marriage u r walkin unfortuntly snake bite u bt love marriage dancing frnt snake amp sayin bite bite,0
ham,Huh so early.. Then Ì_ having dinner outside izzit?,huh early dinner outside izzit,0
ham,Ok anyway no need to change with what you said,ok anyway need change said,0
spam,We tried to contact you re your reply to our offer of 750 mins 150 textand a new video phone call 08002988890 now or reply for free delivery tomorrow,tried contact reply offer min textand new video phone call reply free delivery tomorrow,1
ham,my ex-wife was not able to have kids. Do you want kids one day?,exwife able kid want kid one day,0
ham,So how's scotland. Hope you are not over showing your JJC tendencies. Take care. Live the dream,hows scotland hope showing jjc tendency take care live dream,0
ham,Tell them u have a headache and just want to use 1 hour of sick time.,tell u headache want use hour sick time,0
ham,"I dun thk i'll quit yet... Hmmm, can go jazz ? Yogasana oso can... We can go meet em after our lessons den... ",dun thk ill quit yet hmmm go jazz yogasana oso go meet em lesson den,0
ham,"\Pete can you please ring meive hardly gotany credit\""""",pete please ring meive hardly gotany credit,0
ham,Ya srsly better than yi tho,ya srsly better yi tho,0
ham,"I'm in a meeting, call me later at",im meeting call later,0
spam,"For ur chance to win a å£250 wkly shopping spree TXT: SHOP to 80878. T's&C's www.txt-2-shop.com custcare 08715705022, 1x150p/wk",ur chance win wkly shopping spree txt shop tscs custcare xpwk,1
spam,You have been specially selected to receive a 2000 pound award! Call 08712402050 BEFORE the lines close. Cost 10ppm. 16+. T&Cs apply. AG Promo,specially selected receive pound award call line close cost ppm tc apply ag promo,1
spam,PRIVATE! Your 2003 Account Statement for 07753741225 shows 800 un-redeemed S. I. M. points. Call 08715203677 Identifier Code: 42478 Expires 24/10/04,private account statement show unredeemed point call identifier code expires,1
ham,You still at grand prix?,still grand prix,0
ham,"I met you as a stranger and choose you as my friend. As long as the world stands, our friendship never ends. Lets be Friends forever!!! Gud nitz...",met stranger choose friend long world stand friendship never end let friend forever gud nitz,0
ham,I am great! How are you?,great,0
ham,Gud mrng dear have a nice day,gud mrng dear nice day,0
spam,You have an important customer service announcement. Call FREEPHONE 0800 542 0825 now!,important customer service announcement call freephone,1
ham,Will do. Was exhausted on train this morning. Too much wine and pie. You sleep well too,exhausted train morning much wine pie sleep well,0
ham,I'm going out to buy mum's present ar.,im going buy mum present ar,0
ham,Mind blastin.. No more Tsunamis will occur from now on.. Rajnikant stopped swimming in Indian Ocean..:-D,mind blastin tsunami occur rajnikant stopped swimming indian oceand,0
ham,If u sending her home first it's ok lor. I'm not ready yet.,u sending home first ok lor im ready yet,0
ham,Speaking of does he have any cash yet?,speaking cash yet,0
ham,Be happy there. I will come after noon,happy come noon,0
ham,Meet after lunch la...,meet lunch la,0
ham,TaKe CaRE n gET WeLL sOOn,take care n get well soon,0
spam,XCLUSIVE@CLUBSAISAI 2MOROW 28/5 SOIREE SPECIALE ZOUK WITH NICHOLS FROM PARIS.FREE ROSES 2 ALL LADIES !!! info: 07946746291/07880867867 ,xclusiveclubsaisai morow soiree speciale zouk nichols parisfree rose lady info,1
ham,what I meant to say is cant wait to see u again getting bored of this bridgwater banter,meant say cant wait see u getting bored bridgwater banter,0
ham,Neva mind it's ok..,neva mind ok,0
ham,"It's fine, imma get a drink or somethin. Want me to come find you?",fine imma get drink somethin want come find,0
spam,22 days to kick off! For Euro2004 U will be kept up to date with the latest news and results daily. To be removed send GET TXT STOP to 83222,day kick euro u kept date latest news result daily removed send get txt stop,1
ham,Its a valentine game. . . Send dis msg to all ur friends. .. If 5 answers r d same then someone really loves u. Ques- which colour suits me the best?rply me,valentine game send dis msg ur friend answer r someone really love u ques colour suit bestrply,0
ham,I have many dependents,many dependent,0
ham,THANX4 TODAY CER IT WAS NICE 2 CATCH UP BUT WE AVE 2 FIND MORE TIME MORE OFTEN OH WELL TAKE CARE C U SOON.C,thanx today cer nice catch ave find time often oh well take care c u soonc,0
ham,I called and said all to him:)then he have to choose this future.,called said himthen choose future,0
ham,"\Happy valentines day\"" I know its early but i have hundreds of handsomes and beauties to wish. So i thought to finish off aunties and uncles 1st...""",happy valentine day know early hundred handsomes beauty wish thought finish aunty uncle st,0
ham,He like not v shock leh. Cos telling shuhui is like telling leona also. Like dat almost all know liao. He got ask me abt ur reaction lor.,like v shock leh co telling shuhui like telling leona also like dat almost know liao got ask abt ur reaction lor,0
ham,For my family happiness..,family happiness,0
ham,I come n pick Ì_ up... Come out immediately aft ur lesson...,come n pick come immediately aft ur lesson,0
ham,Let there be snow. Let there be snow. This kind of weather brings ppl together so friendships can grow.,let snow let snow kind weather brings ppl together friendship grow,0
ham,Dear we got  &lt;#&gt;  dollars hi hi,dear got ltgt dollar hi hi,0
ham,Good words.... But words may leave u in dismay many times.,good word word may leave u dismay many time,0
ham,MAKE SURE ALEX KNOWS HIS BIRTHDAY IS OVER IN FIFTEEN MINUTES AS FAR AS YOU'RE CONCERNED,make sure alex know birthday fifteen minute far youre concerned,0
ham,"sorry, no, have got few things to do. may be in pub later.",sorry got thing may pub later,0
ham,"Nah it's straight, if you can just bring bud or drinks or something that's actually a little more useful than straight cash",nah straight bring bud drink something thats actually little useful straight cash,0
ham,"Haha good to hear, I'm officially paid and on the market for an 8th",haha good hear im officially paid market th,0
ham,How many licks does it take to get to the center of a tootsie pop?,many lick take get center tootsie pop,0
ham,Yup i thk they r e teacher said that will make my face look longer. Darren ask me not 2 cut too short.,yup thk r e teacher said make face look longer darren ask cut short,0
spam,New TEXTBUDDY Chat 2 horny guys in ur area 4 just 25p Free 2 receive Search postcode or at gaytextbuddy.com. TXT ONE name to 89693,new textbuddy chat horny guy ur area p free receive search postcode gaytextbuddycom txt one name,1
spam,Todays Vodafone numbers ending with 4882 are selected to a receive a å£350 award. If your number matches call 09064019014 to receive your å£350 award.,today vodafone number ending selected receive award number match call receive award,1
ham,Please dont say like that. Hi hi hi,please dont say like hi hi hi,0
ham,Thank u!,thank u,0
ham,Oh that was a forwarded message. I thought you send that to me,oh forwarded message thought send,0
ham,Got it. Seventeen pounds for seven hundred ml ÛÒ hope ok.,got seventeen pound seven hundred ml hope ok,0
spam,"Dear Voucher Holder, 2 claim this weeks offer, at your PC go to http://www.e-tlp.co.uk/expressoffer Ts&Cs apply.2 stop texts txt STOP to 80062.",dear voucher holder claim week offer pc go tscs apply stop text txt stop,1
ham,Me n him so funny...,n funny,0
ham,"Sweetheart, hope you are not having that kind of day! Have one with loads of reasons to smile. Biola",sweetheart hope kind day one load reason smile biola,0
ham,When Ì_ login dat time... Dad fetching Ì_ home now?,login dat time dad fetching home,0
ham,"What will we do in the shower, baby?",shower baby,0
ham,I had askd u a question some hours before. Its answer,askd u question hour answer,0
ham,"Well imma definitely need to restock before thanksgiving, I'll let you know when I'm out",well imma definitely need restock thanksgiving ill let know im,0
ham," said kiss, kiss, i can't do the sound effects! He is a gorgeous man isn't he! Kind of person who needs a smile to brighten his day! ",said kiss kiss cant sound effect gorgeous man isnt kind person need smile brighten day,0
ham,Probably gonna swing by in a wee bit,probably gonna swing wee bit,0
ham,Ya very nice. . .be ready on thursday,ya nice ready thursday,0
ham,Allo! We have braved the buses and taken on the trains and triumphed. I mean weÛ÷re in bÛ÷ham. Have a jolly good rest of week,allo braved bus taken train triumphed mean bham jolly good rest week,0
ham,"Watching cartoon, listening music &amp; at eve had to go temple &amp; church.. What about u?",watching cartoon listening music amp eve go temple amp church u,0
ham,Do you mind if I ask what happened? You dont have to say if it is uncomfortable.,mind ask happened dont say uncomfortable,0
ham,No prob. I will send to your email.,prob send email,0
spam,"You have won ?1,000 cash or a ?2,000 prize! To claim, call09050000327. T&C: RSTM, SW7 3SS. 150ppm",cash prize claim call tc rstm sw s ppm,1
ham,Thats cool! Sometimes slow and gentle. Sonetimes rough and hard :),thats cool sometimes slow gentle sonetimes rough hard,0
ham,I'm gonna say no. Sorry. I would but as normal am starting to panic about time. Sorry again! Are you seeing on Tuesday?,im gonna say sorry would normal starting panic time sorry seeing tuesday,0
ham,"Wait, do you know if wesleys in town? I bet she does hella drugs!",wait know wesley town bet hella drug,0
ham,Fine i miss you very much.,fine miss much,0
ham,Tell them the drug dealer's getting impatient,tell drug dealer getting impatient,0
ham,"Sun cant come to earth but send luv as rays. cloud cant come to river but send luv as rain. I cant come to meet U, but can send my care as msg to U. Gud evng",sun cant come earth send luv ray cloud cant come river send luv rain cant come meet u send care msg u gud evng,0
ham,"It doesnt make sense to take it there unless its free. If you need to know more, wikipedia.com",doesnt make sense take unless free need know wikipediacom,0
spam,88800 and 89034 are premium phone services call 08718711108,premium phone service call,1
ham,"Under the sea, there lays a rock. In the rock, there is an envelope. In the envelope, there is a paper. On the paper, there are 3 words... '",sea lay rock rock envelope envelope paper paper word,0
ham,Then mum's repent how?,mum repent,0
ham,Sorry me going home first... Daddy come fetch Ì_ later...,sorry going home first daddy come fetch later,0
ham,Leave it de:-). Start Prepare for next:-)..,leave de start prepare next,0
ham,Yes baby! We can study all the positions of the kama sutra ;),yes baby study position kama sutra,0
ham,En chikku nange bakra msg kalstiya..then had tea/coffee?,en chikku nange bakra msg kalstiyathen teacoffee,0
ham,Carlos'll be here in a minute if you still need to buy,carlosll minute still need buy,0
ham,This pay is  &lt;DECIMAL&gt;  lakhs:),pay ltdecimalgt lakh,0
ham,Have a good evening! Ttyl,good evening ttyl,0
ham,Did u receive my msg?,u receive msg,0
ham,Ho ho - big belly laugh! See ya tomo,ho ho big belly laugh see ya tomo,0
spam,SMS. ac sun0819 posts HELLO:\You seem cool,sm ac sun post helloyou seem cool,1
spam,Get ur 1st RINGTONE FREE NOW! Reply to this msg with TONE. Gr8 TOP 20 tones to your phone every week just å£1.50 per wk 2 opt out send STOP 08452810071 16,get ur st ringtone free reply msg tone gr top tone phone every week per wk opt send stop,1
ham,"Ditto. And you won't have to worry about me saying ANYTHING to you anymore. Like i said last night, you do whatever you want and i'll do the same. Peace.",ditto wont worry saying anything anymore like said last night whatever want ill peace,0
ham,"I've got  &lt;#&gt; , any way I could pick up?",ive got ltgt way could pick,0
ham,"I dont knw pa, i just drink milk..",dont knw pa drink milk,0
ham,Maybe?! Say hi to  and find out if  got his card. Great escape or wetherspoons? ,maybe say hi find got card great escape wetherspoons,0
ham,"Piggy, r u awake? I bet u're still sleeping. I'm going 4 lunch now...",piggy r u awake bet ure still sleeping im going lunch,0
ham,Cause I'm not freaky lol,cause im freaky lol,0
ham,Missed your call cause I was yelling at scrappy. Miss u. Can't wait for u to come home. I'm so lonely today.,missed call cause yelling scrappy miss u cant wait u come home im lonely today,0
ham,What is this 'hex' place you talk of? Explain!,hex place talk explain,0
ham,ÌÏ log off 4 wat. It's sdryb8i,log wat sdrybi,0
ham,Is xy going 4 e lunch?,xy going e lunch,0
spam,Hi I'm sue. I am 20 years old and work as a lapdancer. I love sex. Text me live - I'm i my bedroom now. text SUE to 89555. By TextOperator G2 1DA 150ppmsg 18+,hi im sue year old work lapdancer love sex text live im bedroom text sue textoperator g da ppmsg,1
ham,I wanted to ask Ì_ to wait 4 me to finish lect. Cos my lect finishes in an hour anyway.,wanted ask wait finish lect co lect finish hour anyway,0
ham,Have you finished work yet? :),finished work yet,0
ham,"Every King Was Once A Crying Baby And Every Great Building Was Once A Map.. Not Imprtant Where U r TODAY, BUT Where U Wil Reach TOMORW. Gud ni8",every king cry baby every great building map imprtant u r today u wil reach tomorw gud ni,0
ham,"Dear,Me at cherthala.in case u r coming cochin pls call bfore u start.i shall also reach accordingly.or tell me which day u r coming.tmorow i am engaged ans its holiday.",dearme cherthalain case u r coming cochin pls call bfore u starti shall also reach accordinglyor tell day u r comingtmorow engaged an holiday,0
ham,Thanks love. But am i doing torch or bold.,thanks love torch bold,0
spam,<Forwarded from 448712404000>Please CALL 08712404000 immediately as there is an urgent message waiting for you.,forwarded please call immediately urgent message waiting,1
ham,Was the farm open?,farm open,0
ham,"Sorry to trouble u again. Can buy 4d for my dad again? 1405, 1680, 1843. All 2 big 1 small, sat n sun. Thanx.",sorry trouble u buy dad big small sat n sun thanx,0
ham,"My sister in law, hope you are having a great month. Just saying hey. Abiola",sister law hope great month saying hey abiola,0
ham,Will purchase d stuff today and mail to you. Do you have a po box number?,purchase stuff today mail po box number,0
ham,Ah poop. Looks like ill prob have to send in my laptop to get fixed cuz it has a gpu problem,ah poop look like ill prob send laptop get fixed cuz gpu problem,0
ham,Good. Good job. I like entrepreneurs,good good job like entrepreneur,0
ham,"Aight, you close by or still down around alex's place?",aight close still around alexs place,0
ham,meet you in corporation st outside gap Û_ you can see how my mind is working!,meet corporation st outside gap see mind working,0
ham,Mum ask Ì_ to buy food home...,mum ask buy food home,0
ham,K..u also dont msg or reply to his msg..,ku also dont msg reply msg,0
ham,How much r Ì_ willing to pay?,much r willing pay,0
ham,What is important is that you prevent dehydration by giving her enough fluids,important prevent dehydration giving enough fluid,0
ham,"Thats a bit weird, even ?- where is the do supposed to be happening? But good idea, sure they will be in pub!",thats bit weird even supposed happening good idea sure pub,0
ham,True dear..i sat to pray evening and felt so.so i sms'd you in some time...,true deari sat pray evening felt soso smsd time,0
ham,"I don't think I can get away for a trek that long with family in town, sorry",dont think get away trek long family town sorry,0
ham,So when do you wanna gym harri,wanna gym harri,0
ham,Quite late lar... Ard 12 anyway i wun b drivin...,quite late lar ard anyway wun b drivin,0
spam,"To review and KEEP the fantastic Nokia N-Gage game deck with Club Nokia, go 2 www.cnupdates.com/newsletter. unsubscribe from alerts reply with the word OUT",review keep fantastic nokia ngage game deck club nokia go unsubscribe alert reply word,1
spam,4mths half price Orange line rental & latest camera phones 4 FREE. Had your phone 11mths+? Call MobilesDirect free on 08000938767 to update now! or2stoptxt T&Cs,mths half price orange line rental latest camera phone free phone mths call mobilesdirect free update orstoptxt tc,1
ham,Height of Confidence: All the Aeronautics professors wer calld &amp; they wer askd 2 sit in an aeroplane. Aftr they sat they wer told dat the plane ws made by their students. Dey all hurried out of d plane.. Bt only 1 didnt move... He said:\if it is made by my students,height confidence aeronautics professor wer calld amp wer askd sit aeroplane aftr sat wer told dat plane w made student dey hurried plane bt didnt move saidif made student,0
ham,It just seems like weird timing that the night that all you and g want is for me to come smoke is the same day as when a shitstorm is attributed to me always coming over and making everyone smoke,seems like weird timing night g want come smoke day shitstorm attributed always coming making everyone smoke,0
spam,08714712388 between 10am-7pm Cost 10p,ampm cost p,1
ham,"Save yourself the stress. If the person has a dorm account, just send your account details and the money will be sent to you.",save stress person dorm account send account detail money sent,0
ham,He also knows about lunch menu only da. . I know,also know lunch menu da know,0
ham,When i have stuff to sell i.ll tell you,stuff sell ill tell,0
spam,+449071512431 URGENT! This is the 2nd attempt to contact U!U have WON å£1250 CALL 09071512433 b4 050703 T&CsBCM4235WC1N3XX. callcost 150ppm mobilesvary. maxå£7. 50,urgent nd attempt contact uu call b tcsbcmwcnxx callcost ppm mobilesvary max,1
ham,Book which lesson? then you msg me... I will call up after work or sth... I'm going to get specs. My membership is PX3748,book lesson msg call work sth im going get spec membership px,0
spam,You have WON a guaranteed å£1000 cash or a å£2000 prize. To claim yr prize call our customer service representative on 08714712394 between 10am-7pm,guaranteed cash prize claim yr prize call customer service representative ampm,1
ham,Macha dont feel upset.i can assume your mindset.believe me one evening with me and i have some wonderful plans for both of us.LET LIFE BEGIN AGAIN.call me anytime,macha dont feel upseti assume mindsetbelieve one evening wonderful plan uslet life begin againcall anytime,0
ham,Oh is it? Send me the address,oh send address,0
ham,S'fine. Anytime. All the best with it.,sfine anytime best,0
ham,That is wondar full flim.,wondar full flim,0
ham,Ya even those cookies have jelly on them,ya even cooky jelly,0
ham,"The world is running and i am still.maybe all are feeling the same,so be it.or i have to admit,i am mad.then where is the correction?or let me call this is life.and keep running with the world,may be u r also running.lets run.",world running stillmaybe feeling sameso itor admiti madthen correctionor let call lifeand keep running worldmay u r also runninglets run,0
ham,Got it! It looks scrumptious... daddy wants to eat you all night long!,got look scrumptious daddy want eat night long,0
ham,Of cos can lar i'm not so ba dao ok... 1 pm lor... Y u never ask where we go ah... I said u would ask on fri but he said u will ask today...,co lar im ba dao ok pm lor u never ask go ah said u would ask fri said u ask today,0
ham,"Alright omw, gotta change my order to a half8th",alright omw gotta change order halfth,0
ham,Exactly. Anyways how far. Is jide her to study or just visiting,exactly anyways far jide study visiting,0
ham,Dunno y u ask me.,dunno u ask,0
spam,Email AlertFrom: Jeri StewartSize: 2KBSubject: Low-cost prescripiton drvgsTo listen to email call 123,email alertfrom jeri stewartsize kbsubject lowcost prescripiton drvgsto listen email call,1
ham,No he didn't. Spring is coming early yay!,didnt spring coming early yay,0
ham,Lol you won't feel bad when I use her money to take you out to a steak dinner =D,lol wont feel bad use money take steak dinner,0
ham,Even u dont get in trouble while convincing..just tel him once or twice and just tel neglect his msgs dont c and read it..just dont reply,even u dont get trouble convincingjust tel twice tel neglect msg dont c read itjust dont reply,0
ham,Leaving to qatar tonite in search of an opportunity.all went fast.pls add me in ur prayers dear.Rakhesh,leaving qatar tonite search opportunityall went fastpls add ur prayer dearrakhesh,0
ham,Then why no one talking to me,one talking,0
ham,Thanks for looking out for me. I really appreciate.,thanks looking really appreciate,0
spam,Hi. Customer Loyalty Offer:The NEW Nokia6650 Mobile from ONLY å£10 at TXTAUCTION! Txt word: START to No: 81151 & get yours Now! 4T&Ctxt TC 150p/MTmsg,hi customer loyalty offerthe new nokia mobile txtauction txt word start get tctxt tc pmtmsg,1
ham,Wish i were with you now!,wish,0
ham,Haha mayb u're rite... U know me well. Da feeling of being liked by someone is gd lor. U faster go find one then all gals in our group attached liao.,haha mayb ure rite u know well da feeling liked someone gd lor u faster go find one gal group attached liao,0
ham,Yes i will be there. Glad you made it.,yes glad made,0
ham,Do well :)all will for little time. Thing of good times ahead:,well little time thing good time ahead,0
ham,Just got up. have to be out of the room very soon. Û_. i hadn't put the clocks back til at 8 i shouted at everyone to get up and then realised it was 7. wahay. another hour in bed.,got room soon hadnt put clock back til shouted everyone get realised wahay another hour bed,0
ham,Ok. There may be a free gym about.,ok may free gym,0
ham,Men like shorter ladies. Gaze up into his eyes.,men like shorter lady gaze eye,0
ham,Dunno he jus say go lido. Same time 930.,dunno jus say go lido time,0
ham,"I promise to take good care of you, princess. I have to run now. Please send pics when you get a chance. Ttyl!",promise take good care princess run please send pic get chance ttyl,0
spam,U are subscribed to the best Mobile Content Service in the UK for å£3 per 10 days until you send STOP to 82324. Helpline 08706091795,u subscribed best mobile content service uk per day send stop helpline,1
ham,Is there a reason we've not spoken this year? Anyways have a great week and all the best in your exam,reason weve spoken year anyways great week best exam,0
ham,By monday next week. Give me the full gist,monday next week give full gist,0
spam,"Do you realize that in about 40 years, we'll have thousands of old ladies running around with tattoos?",realize year well thousand old lady running around tattoo,1
spam,You have an important customer service announcement from PREMIER.,important customer service announcement premier,1
ham,Dont gimme that lip caveboy,dont gimme lip caveboy,0
ham,When did you get to the library,get library,0
ham,Realy sorry-i don't recognise this number and am now confused :) who r u please?! ,realy sorryi dont recognise number confused r u please,0
ham,So why didnt you holla?,didnt holla,0
ham,Cant think of anyone with * spare room off * top of my head,cant think anyone spare room top head,0
ham,"Faith makes things possible,Hope makes things work,Love makes things beautiful,May you have all three this Christmas!Merry Christmas!",faith make thing possiblehope make thing worklove make thing beautifulmay three christmasmerry christmas,0
ham,U should have made an appointment,u made appointment,0
ham,"Call me when you/carlos is/are here, my phone's vibrate is acting up and I might not hear texts",call youcarlos isare phone vibrate acting might hear text,0
spam,"Romantic Paris. 2 nights, 2 flights from å£79 Book now 4 next year. Call 08704439680Ts&Cs apply.",romantic paris night flight book next year call tscs apply,1
ham,"We are at grandmas. Oh dear, u still ill? I felt Shit this morning but i think i am just hungover! Another night then. We leave on sat.",grandma oh dear u still ill felt shit morning think hungover another night leave sat,0
spam,Urgent Ur å£500 guaranteed award is still unclaimed! Call 09066368327 NOW closingdate04/09/02 claimcode M39M51 å£1.50pmmorefrommobile2Bremoved-MobyPOBox734LS27YF,urgent ur guaranteed award still unclaimed call closingdate claimcode mm pmmorefrommobilebremovedmobypoboxlsyf,1
ham,Nothing but we jus tot u would ask cos u ba gua... But we went mt faber yest... Yest jus went out already mah so today not going out... Jus call lor...,nothing jus tot u would ask co u ba gua went mt faber yest yest jus went already mah today going jus call lor,0
ham,"Wishing you and your family Merry \X\"" mas and HAPPY NEW Year in advance..""",wishing family merry x ma happy new year advance,0
spam,UR awarded a City Break and could WIN a å£200 Summer Shopping spree every WK. Txt STORE to 88039 . SkilGme. TsCs087147403231Winawk!Age16 å£1.50perWKsub,ur awarded city break could win summer shopping spree every wk txt store skilgme tscswinawkage perwksub,1
ham,"I'm nt goin, got somethin on, unless they meetin 4 dinner lor... Haha, i wonder who will go tis time...",im nt goin got somethin unless meetin dinner lor haha wonder go ti time,0
ham,Lol I know! They're so dramatic. Schools already closed for tomorrow. Apparently we can't drive in the inch of snow were supposed to get.,lol know theyre dramatic school already closed tomorrow apparently cant drive inch snow supposed get,0
ham,Not getting anywhere with this damn job hunting over here!,getting anywhere damn job hunting,0
ham,Lol! U drunkard! Just doing my hair at d moment. Yeah still up 4 tonight. Wats the plan? ,lol u drunkard hair moment yeah still tonight wats plan,0
ham,"idc get over here, you are not weaseling your way out of this shit twice in a row",idc get weaseling way shit twice row,0
ham,I wil be there with in  &lt;#&gt;  minutes. Got any space,wil ltgt minute got space,0
ham,Thanks for picking up the trash.,thanks picking trash,0
ham,Why don't you go tell your friend you're not sure you want to live with him because he smokes too much then spend hours begging him to come smoke,dont go tell friend youre sure want live smoke much spend hour begging come smoke,0
ham,"\Hi its Kate it was lovely to see you tonight and ill phone you tomorrow. I got to sing and a guy gave me his card! xxx\""""",hi kate lovely see tonight ill phone tomorrow got sing guy gave card xxx,0
ham,Happy New year my dear brother. I really do miss you. Just got your number and decided to send you this text wishing you only happiness. Abiola,happy new year dear brother really miss got number decided send text wishing happiness abiola,0
ham,That means get the door,mean get door,0
ham,"Hmmm ... I thought we said 2 hours slave, not 3 ... You are late ... How should I punish you ?",hmmm thought said hour slave late punish,0
ham,Beerage?,beerage,0
spam,You have an important customer service announcement from PREMIER. Call FREEPHONE 0800 542 0578 now!,important customer service announcement premier call freephone,1
ham,Dont think so. It turns off like randomlly within 5min of opening,dont think turn like randomlly within min opening,0
ham,"She was supposed to be but couldn't make it, she's still in town though",supposed couldnt make shes still town though,0
ham,It does it on its own. Most of the time it fixes my spelling. But sometimes it gets a completely diff word. Go figure,time fix spelling sometimes get completely diff word go figure,0
spam,Ever thought about living a good life with a perfect partner? Just txt back NAME and AGE to join the mobile community. (100p/SMS),ever thought living good life perfect partner txt back name age join mobile community psms,1
spam,"5 Free Top Polyphonic Tones call 087018728737, National Rate. Get a toppoly tune sent every week, just text SUBPOLY to 81618, å£3 per pole. UnSub 08718727870.",free top polyphonic tone call national rate get toppoly tune sent every week text subpoly per pole unsub,1
ham,This is hoping you enjoyed your game yesterday. Sorry i've not been in touch but pls know that you are fondly bein thot off. Have a great week. Abiola,hoping enjoyed game yesterday sorry ive touch pls know fondly bein thot great week abiola,0
ham,All e best 4 ur driving tmr :-),e best ur driving tmr,0
ham,Y?WHERE U AT DOGBREATH? ITS JUST SOUNDING LIKE JAN C THATåÕS AL!!!!!!!!!,ywhere u dogbreath sounding like jan c thats al,0
ham,Omg I want to scream. I weighed myself and I lost more weight! Woohoo!,omg want scream weighed lost weight woohoo,0
ham,There generally isn't one. It's an uncountable noun - u in the dictionary. pieces of research?,generally isnt one uncountable noun u dictionary piece research,0
ham,it's really getting me down just hanging around.,really getting hanging around,0
spam,"Orange customer, you may now claim your FREE CAMERA PHONE upgrade for your loyalty. Call now on 0207 153 9996. Offer ends 14thMarch. T&C's apply. Opt-out availa",orange customer may claim free camera phone upgrade loyalty call offer end thmarch tc apply optout availa,1
ham,"\Petey boy whereare you me and all your friendsare in theKingshead come down if you canlove Nic\""""",petey boy whereare friendsare thekingshead come canlove nic,0
ham,Ok i msg u b4 i leave my house.,ok msg u b leave house,0
ham,"\Gimme a few\"" was  &lt;#&gt;  minutes ago""",gimme ltgt minute ago,0
spam,"Last Chance! Claim ur å£150 worth of discount vouchers today! Text SHOP to 85023 now! SavaMob, offers mobile! T Cs SavaMob POBOX84, M263UZ. å£3.00 Sub. 16",last chance claim ur worth discount voucher today text shop savamob offer mobile c savamob pobox muz sub,1
ham,Appt is at &lt;TIME&gt; am. Not my fault u don't listen. I told u twice,appt lttimegt fault u dont listen told u twice,0
spam,FREE for 1st week! No1 Nokia tone 4 ur mobile every week just txt NOKIA to 8077 Get txting and tell ur mates. www.getzed.co.uk POBox 36504 W45WQ 16+ norm150p/tone,free st week nokia tone ur mobile every week txt nokia get txting tell ur mate pobox wwq normptone,1
spam,You have won a guaranteed å£200 award or even å£1000 cashto claim UR award call free on 08000407165 (18+) 2 stop getstop on 88222 PHP. RG21 4JX,guaranteed award even cashto claim ur award call free stop getstop php rg jx,1
ham,K I'll be there before 4.,k ill,0
ham,I dled 3d its very imp,dled imp,0
ham,"sure, but make sure he knows we ain't smokin yet",sure make sure know aint smokin yet,0
ham,Boooo you always work. Just quit.,boooo always work quit,0
ham,I am taking half day leave bec i am not well,taking half day leave bec well,0
ham,Ugh I don't wanna get out of bed. It's so warm.,ugh dont wanna get bed warm,0
ham,S:)s.nervous  &lt;#&gt; :),ssnervous ltgt,0
ham,So there's a ring that comes with the guys costumes. It's there so they can gift their future yowifes. Hint hint,there ring come guy costume gift future yowifes hint hint,0
spam,Congratulations ur awarded either å£500 of CD gift vouchers & Free entry 2 our å£100 weekly draw txt MUSIC to 87066 TnCs www.Ldew.com1win150ppmx3age16,congratulation ur awarded either cd gift voucher free entry weekly draw txt music tncs,1
ham,I borrow ur bag ok.,borrow ur bag ok,0
spam,"U were outbid by simonwatson5120 on the Shinco DVD Plyr. 2 bid again, visit sms. ac/smsrewards 2 end bid notifications, reply END OUT",u outbid simonwatson shinco dvd plyr bid visit sm acsmsrewards end bid notification reply end,1
ham,Where's my boytoy? I miss you ... What happened?,wheres boytoy miss happened,0
ham,"He has lots of used ones babe, but the model doesn't help. Youi have to bring it over and he'll match it up",lot used one babe model doesnt help youi bring hell match,0
ham,Also are you bringing galileo or dobby,also bringing galileo dobby,0
ham,Then why you not responding,responding,0
ham,"\BOO BABE! U ENJOYIN YOURJOB? U SEEMED 2 B GETTIN ON WELL HUNNY!HOPE URE OK?TAKE CARE & IåÕLLSPEAK 2U SOONLOTS OF LOVEME XXXX.\""""",boo babe u enjoyin yourjob u seemed b gettin well hunnyhope ure oktake care illspeak u soonlots loveme xxxx,0
ham,Good afternoon starshine! How's my boytoy? Does he crave me yet? Ache to fuck me ? *sips cappuccino* I miss you babe *teasing kiss*,good afternoon starshine hows boytoy crave yet ache fuck sip cappuccino miss babe teasing kiss,0
ham,On the road so cant txt,road cant txt,0
spam,"SMSSERVICES. for yourinclusive text credits, pls goto www.comuk.net login= 3qxj9 unsubscribe with STOP, no extra charge. help 08702840625.COMUK. 220-CM2 9AE",smsservices yourinclusive text credit pls goto login qxj unsubscribe stop extra charge help comuk cm ae,1
spam,25p 4 alfie Moon's Children in need song on ur mob. Tell ur m8s. Txt Tone charity to 8007 for Nokias or Poly charity for polys: zed 08701417012 profit 2 charity.,p alfie moon child need song ur mob tell ur m txt tone charity nokias poly charity polys zed profit charity,1
ham,Hmm .. Bits and pieces lol ... *sighs* ...,hmm bit piece lol sigh,0
ham,Hahaha..use your brain dear,hahahause brain dear,0
ham,Hey. You got any mail?,hey got mail,0
ham,"Sorry light turned green, I meant another friend wanted  &lt;#&gt;  worth but he may not be around",sorry light turned green meant another friend wanted ltgt worth may around,0
ham,Thanks for yesterday sir. You have been wonderful. Hope you enjoyed the burial. MojiBiola,thanks yesterday sir wonderful hope enjoyed burial mojibiola,0
spam,U have a secret admirer. REVEAL who thinks U R So special. Call 09065174042. To opt out Reply REVEAL STOP. 1.50 per msg recd. Cust care 07821230901,u secret admirer reveal think u r special call opt reply reveal stop per msg recd cust care,1
ham,Hi mate its RV did u hav a nice hol just a message 3 say hello coz havenåÕt sent u 1 in ages started driving so stay off roads!RVx,hi mate rv u hav nice hol message say hello coz havent sent u age started driving stay roadsrvx,0
spam,"Dear Voucher Holder, To claim this weeks offer, at you PC please go to http://www.e-tlp.co.uk/expressoffer Ts&Cs apply. To stop texts, txt STOP to 80062",dear voucher holder claim week offer pc please go tscs apply stop text txt stop,1
ham,"Thank you so much. When we skyped wit kz and sura, we didnt get the pleasure of your company. Hope you are good. We've given you ultimatum oh! We are countin down to aburo. Enjoy! This is the message i sent days ago",thank much skyped wit kz sura didnt get pleasure company hope good weve given ultimatum oh countin aburo enjoy message sent day ago,0
ham,Surely result will offer:),surely result offer,0
ham,Good Morning my Dear........... Have a great &amp; successful day.,good morning dear great amp successful day,0
spam,Do you want 750 anytime any network mins 150 text and a NEW VIDEO phone for only five pounds per week call 08002888812 or reply for delivery tomorrow,want anytime network min text new video phone five pound per week call reply delivery tomorrow,1
ham,"Sir, I have been late in paying rent for the past few months and had to pay a $ &lt;#&gt;  charge. I felt it would be inconsiderate of me to nag about something you give at great cost to yourself and that's why i didnt speak up. I however am in a recession and wont be able to pay the charge this month hence my askin well ahead of month's end. Can you please help. Thanks",sir late paying rent past month pay ltgt charge felt would inconsiderate nag something give great cost thats didnt speak however recession wont able pay charge month hence askin well ahead month end please help thanks,0
spam,We tried to contact you re our offer of New Video Phone 750 anytime any network mins HALF PRICE Rental camcorder call 08000930705 or reply for delivery Wed,tried contact offer new video phone anytime network min half price rental camcorder call reply delivery wed,1
spam,Last chance 2 claim ur å£150 worth of discount vouchers-Text YES to 85023 now!SavaMob-member offers mobile T Cs 08717898035. å£3.00 Sub. 16 . Remove txt X or STOP,last chance claim ur worth discount voucherstext yes nowsavamobmember offer mobile c sub remove txt x stop,1
ham,I luv u soo much u donåÕt understand how special u r 2 me ring u 2morrow luv u xxx,luv u soo much u dont understand special u r ring u morrow luv u xxx,0
ham,"Pls send me a comprehensive mail about who i'm paying, when and how much.",pls send comprehensive mail im paying much,0
ham,Our Prashanthettan's mother passed away last night. pray for her and family.,prashanthettans mother passed away last night pray family,0
spam,"Urgent! call 09066350750 from your landline. Your complimentary 4* Ibiza Holiday or 10,000 cash await collection SAE T&Cs PO BOX 434 SK3 8WP 150 ppm 18+ ",urgent call landline complimentary ibiza holiday cash await collection sae tc po box sk wp ppm,1
ham,K.k:)when are you going?,kkwhen going,0
ham,Meanwhile in the shit suite: xavier decided to give us  &lt;#&gt;  seconds of warning that samantha was coming over and is playing jay's guitar to impress her or some shit. Also I don't think doug realizes I don't live here anymore,meanwhile shit suite xavier decided give u ltgt second warning samantha coming playing jay guitar impress shit also dont think doug realizes dont live anymore,0
ham,My stomach has been thru so much trauma I swear I just can't eat. I better lose weight.,stomach thru much trauma swear cant eat better lose weight,0
ham,I am in office:)whats the matter..msg me now.i will call you at break:).,officewhats mattermsg nowi call break,0
ham,"Yeah there's barely enough room for the two of us, x has too many fucking shoes. Sorry man, see you later",yeah there barely enough room two u x many fucking shoe sorry man see later,0
ham,U reach orchard already? U wan 2 go buy tickets first?,u reach orchard already u wan go buy ticket first,0
ham,"I am real, baby! I want to bring out your inner tigress...",real baby want bring inner tigress,0
ham,No da if you run that it activate the full version da.,da run activate full version da,0
ham,"\AH POOR BABY!HOPE URFEELING BETTERSN LUV! PROBTHAT OVERDOSE OF WORK HEY GO CAREFUL SPK 2 U SN LOTS OF LOVEJEN XXX.\""""",ah poor babyhope urfeeling bettersn luv probthat overdose work hey go careful spk u sn lot lovejen xxx,0
ham,Stop the story. I've told him i've returned it and he's saying i should not re order it.,stop story ive told ive returned he saying order,0
spam,Talk sexy!! Make new friends or fall in love in the worlds most discreet text dating service. Just text VIP to 83110 and see who you could meet.,talk sexy make new friend fall love world discreet text dating service text vip see could meet,1
ham,Going to take your babe out ?,going take babe,0
ham,Hai ana tomarrow am coming on morning.  &lt;DECIMAL&gt;  ill be there in sathy then we ll go to RTO office. Reply me after came to home.,hai ana tomarrow coming morning ltdecimalgt ill sathy go rto office reply came home,0
ham,Spoons it is then okay?,spoon okay,0
ham,Did he just say somebody is named tampa,say somebody named tampa,0
ham,In work now. Going have in few min.,work going min,0
ham,Your brother is a genius,brother genius,0
ham,"Sorry, I guess whenever I can get a hold of my connections, maybe an hour or two? I'll text you",sorry guess whenever get hold connection maybe hour two ill text,0
ham,Did u find out what time the bus is at coz i need to sort some stuff out.,u find time bus coz need sort stuff,0
ham,Dude ive been seeing a lotta corvettes lately,dude ive seeing lotta corvette lately,0
spam,Congratulations ur awarded either a yrs supply of CDs from Virgin Records or a Mystery Gift GUARANTEED Call 09061104283 Ts&Cs www.smsco.net å£1.50pm approx 3mins,congratulation ur awarded either yr supply cd virgin record mystery gift guaranteed call tscs pm approx min,1
ham,"Same here, but I consider walls and bunkers and shit important just because I never play on peaceful but I guess your place is high enough that it don't matter",consider wall bunker shit important never play peaceful guess place high enough dont matter,0
spam,PRIVATE! Your 2003 Account Statement for 07808 XXXXXX shows 800 un-redeemed S. I. M. points. Call 08719899217 Identifier Code: 41685 Expires 07/11/04,private account statement xxxxxx show unredeemed point call identifier code expires,1
spam,Hello. We need some posh birds and chaps to user trial prods for champneys. Can i put you down? I need your address and dob asap. Ta r,hello need posh bird chap user trial prod champneys put need address dob asap ta r,1
spam,What do U want for Xmas? How about 100 free text messages & a new video phone with half price line rental? Call free now on 0800 0721072 to find out more!,u want xmas free text message new video phone half price line rental call free find,1
ham,"Well am officially in a philosophical hole, so if u wanna call am at home ready to be saved!",well officially philosophical hole u wanna call home ready saved,0
ham,Its going good...no problem..but still need little experience to understand american customer voice...,going goodno problembut still need little experience understand american customer voice,0
ham,I'll text you when I drop x off,ill text drop x,0
ham,Ugh its been a long day. I'm exhausted. Just want to cuddle up and take a nap,ugh long day im exhausted want cuddle take nap,0
ham,Talk With Yourself Atleast Once In A Day...!!! Otherwise You Will Miss Your Best FRIEND In This WORLD...!!! -Shakespeare- SHESIL  &lt;#&gt;,talk atleast day otherwise miss best friend world shakespeare shesil ltgt,0
spam,"Shop till u Drop, IS IT YOU, either 10K, 5K, å£500 Cash or å£100 Travel voucher, Call now, 09064011000. NTT PO Box CR01327BT fixedline Cost 150ppm mobile vary",shop till u drop either k k cash travel voucher call ntt po box crbt fixedline cost ppm mobile vary,1
ham,Are you in castor? You need to see something,castor need see something,0
spam,Sunshine Quiz Wkly Q! Win a top Sony DVD player if u know which country Liverpool played in mid week? Txt ansr to 82277. å£1.50 SP:Tyrone,sunshine quiz wkly q win top sony dvd player u know country liverpool played mid week txt ansr sptyrone,1
spam,U have a Secret Admirer who is looking 2 make contact with U-find out who they R*reveal who thinks UR so special-call on 09065171142-stopsms-08,u secret admirer looking make contact ufind rreveal think ur specialcall stopsms,1
spam,Reminder: You have not downloaded the content you have already paid for. Goto http://doit. mymoby. tv/ to collect your content.,reminder downloaded content already paid goto mymoby tv collect content,1
ham,"see, i knew giving you a break a few times woul lead to you always wanting to miss curfew. I was gonna gibe you 'til one, but a MIDNIGHT movie is not gonna get out til after 2. You need to come home. You need to getsleep and, if anything, you need to b studdying ear training.",see knew giving break time woul lead always wanting miss curfew gonna gibe til one midnight movie gonna get til need come home need getsleep anything need b studdying ear training,0
ham,I love to give massages. I use lots of baby oil... What is your fave position?,love give massage use lot baby oil fave position,0
ham,Dude we should go sup again,dude go sup,0
ham,Yoyyooo u know how to change permissions for a drive in mac. My usb flash drive,yoyyooo u know change permission drive mac usb flash drive,0
ham,Gibbs unsold.mike hussey,gibbs unsoldmike hussey,0
ham,I like to talk pa but am not able to. I dont know y.,like talk pa able dont know,0
ham,Y dun cut too short leh. U dun like ah? She failed. She's quite sad.,dun cut short leh u dun like ah failed shes quite sad,0
ham,You unbelievable faglord,unbelievable faglord,0
ham,Wife.how she knew the time of murder exactly,wifehow knew time murder exactly,0
ham,Why do you ask princess?,ask princess,0
ham,I am great princess! What are you thinking about me? :),great princess thinking,0
ham,Nutter. Cutter. Ctter. Cttergg. Cttargg. Ctargg. Ctagg. ie you,nutter cutter ctter cttergg cttargg ctargg ctagg ie,0
ham,It's ok i noe u're busy but i'm really too bored so i msg u. I oso dunno wat colour she choose 4 me one.,ok noe ure busy im really bored msg u oso dunno wat colour choose one,0
ham,Doesn't g have class early tomorrow and thus shouldn't be trying to smoke at  &lt;#&gt;,doesnt g class early tomorrow thus shouldnt trying smoke ltgt,0
ham,"Superb Thought- \Be grateful that u dont have everything u want. That means u still have an opportunity to be happier tomorrow than u are today.\"":-)""",superb thought grateful u dont everything u want mean u still opportunity happier tomorrow u today,0
ham,Hope you are having a good week. Just checking in,hope good week checking,0
ham,"I'm used to it. I just hope my agents don't drop me since i've only booked a few things this year. This whole me in boston, them in nyc was an experiment.",im used hope agent dont drop since ive booked thing year whole boston nyc experiment,0
ham,"Thursday night? Yeah, sure thing, we'll work it out then",thursday night yeah sure thing well work,0
ham,Probably money worries. Things are coming due and i have several outstanding invoices for work i did two and three months ago.,probably money worry thing coming due several outstanding invoice work two three month ago,0
ham,How is it possible to teach you. And where.,possible teach,0
ham,"I wonder if your phone battery went dead ? I had to tell you, I love you babe",wonder phone battery went dead tell love babe,0
ham,Lovely smell on this bus and it ain't tobacco... ,lovely smell bus aint tobacco,0
ham,"We're all getting worried over here, derek and taylor have already assumed the worst",getting worried derek taylor already assumed worst,0
ham,Hey what's up charles sorry about the late reply.,hey whats charles sorry late reply,0
spam,"all the lastest from Stereophonics, Marley, Dizzee Racal, Libertines and The Strokes! Win Nookii games with Flirt!! Click TheMob WAP Bookmark or text WAP to 82468",lastest stereophonics marley dizzee racal libertine stroke win nookii game flirt click themob wap bookmark text wap,1
ham,I.ll give her once i have it. Plus she said grinule greet you whenever we speak,ill give plus said grinule greet whenever speak,0
ham,WHITE FUDGE OREOS ARE IN STORES,white fudge oreo store,0
spam,"January Male Sale! Hot Gay chat now cheaper, call 08709222922. National rate from 1.5p/min cheap to 7.8p/min peak! To stop texts call 08712460324 (10p/min)",january male sale hot gay chat cheaper call national rate pmin cheap pmin peak stop text call pmin,1
ham,My love ! How come it took you so long to leave for Zaher's? I got your words on ym and was happy to see them but was sad you had left. I miss you,love come took long leave zahers got word ym happy see sad left miss,0
ham,I am sorry it hurt you.,sorry hurt,0
ham,Can't. I feel nauseous. I'm so pissed. I didn't eat any sweets all week cause today I was planning to pig out. I was dieting all week. And now I'm not hungry :/,cant feel nauseous im pissed didnt eat sweet week cause today planning pig dieting week im hungry,0
ham,Ok lor but not too early. Me still having project meeting now.,ok lor early still project meeting,0
ham,"Call me da, i am waiting for your call.",call da waiting call,0
ham,I could ask carlos if we could get more if anybody else can chip in,could ask carlos could get anybody else chip,0
ham,Was actually about to send you a reminder today. Have a wonderful weekend,actually send reminder today wonderful weekend,0
ham,"When people see my msgs, They think Iam addicted to msging... They are wrong, Bcoz They don\'t know that Iam addicted to my sweet Friends..!! BSLVYL",people see msg think iam addicted msging wrong bcoz dont know iam addicted sweet friend bslvyl,0
ham,Hey you gave them your photo when you registered for driving ah? Tmr wanna meet at yck? ,hey gave photo registered driving ah tmr wanna meet yck,0
ham,Dont talk to him ever ok its my word.,dont talk ever ok word,0
ham,When u wana see it then,u wana see,0
ham,On ma way to school. Can you pls send me ashley's number,way school pls send ashleys number,0
ham,It shall be fine. I have avalarr now. Will hollalater,shall fine avalarr hollalater,0
ham,She went to attend another two rounds today..but still did't reach home..,went attend another two round todaybut still didt reach home,0
ham,Actually i deleted my old website..now i m blogging at magicalsongs.blogspot.com,actually deleted old websitenow blogging magicalsongsblogspotcom,0
ham,"K, wait chikku..il send aftr  &lt;#&gt; mins",k wait chikkuil send aftr ltgt min,0
ham,But I'm on a diet. And I ate 1 too many slices of pizza yesterday. Ugh I'm ALWAYS on a diet.,im diet ate many slice pizza yesterday ugh im always diet,0
ham,K:)i will give my kvb acc details:),ki give kvb acc detail,0
ham,Oh all have to come ah?,oh come ah,0
spam,money!!! you r a lucky winner ! 2 claim your prize text money 2 88600 over å£1million to give away ! ppt150x3+normal text rate box403 w1t1jy,money r lucky winner claim prize text money million give away pptxnormal text rate box wtjy,1
ham,I'm really sorry i won't b able 2 do this friday.hope u can find an alternative.hope yr term's going ok:-),im really sorry wont b able fridayhope u find alternativehope yr term going ok,0
ham,Congratulations ore mo owo re wa. Enjoy it and i wish you many happy moments to and fro wherever you go,congratulation ore mo owo wa enjoy wish many happy moment fro wherever go,0
ham,So do you have samus shoulders yet,samus shoulder yet,0
ham,What time you think you'll have it? Need to know when I should be near campus,time think youll need know near campus,0
spam,"Dear Matthew please call 09063440451 from a landline, your complimentary 4*Lux Tenerife holiday or å£1000 CASH await collection. ppm150 SAE T&Cs Box334 SK38XH.",dear matthew please call landline complimentary lux tenerife holiday cash await collection ppm sae tc box skxh,1
ham,Then dun wear jeans lor...,dun wear jean lor,0
ham,"Since when, which side, any fever, any vomitin.",since side fever vomitin,0
ham,K:)k.are you in college?,kkare college,0
spam,"Urgent! call 09061749602 from Landline. Your complimentary 4* Tenerife Holiday or å£10,000 cash await collection SAE T&Cs BOX 528 HP20 1YF 150ppm 18+",urgent call landline complimentary tenerife holiday cash await collection sae tc box hp yf ppm,1
ham,Better. Made up for Friday and stuffed myself like a pig yesterday. Now I feel bleh. But at least its not writhing pain kind of bleh.,better made friday stuffed like pig yesterday feel bleh least writhing pain kind bleh,0
ham,No we sell it all so we'll have tons if coins. Then sell our coins to someone thru paypal. Voila! Money back in life pockets:),sell well ton coin sell coin someone thru paypal voila money back life pocket,0
ham,Theyre doing it to lots of places. Only hospitals and medical places are safe.,theyre lot place hospital medical place safe,0
spam,How about getting in touch with folks waiting for company? Just txt back your NAME and AGE to opt in! Enjoy the community (150p/SMS),getting touch folk waiting company txt back name age opt enjoy community psms,1
ham,And also I've sorta blown him off a couple times recently so id rather not text him out of the blue looking for weed,also ive sorta blown couple time recently id rather text blue looking weed,0
ham,"I sent my scores to sophas and i had to do secondary application for a few schools. I think if you are thinking of applying, do a research on cost also. Contact joke ogunrinde, her school is one me the less expensive ones",sent score sophas secondary application school think thinking applying research cost also contact joke ogunrinde school one less expensive one,0
ham,I cant wait to see you! How were the photos were useful? :),cant wait see photo useful,0
spam,Ur cash-balance is currently 500 pounds - to maximize ur cash-in now send GO to 86688 only 150p/msg. CC: 08718720201 PO BOX 114/14 TCR/W1,ur cashbalance currently pound maximize ur cashin send go pmsg cc po box tcrw,1
ham,Hey i booked the kb on sat already... what other lessons are we going for ah? Keep your sat night free we need to meet and confirm our lodging ,hey booked kb sat already lesson going ah keep sat night free need meet confirm lodging,0
ham,Chk in ur belovd ms dict,chk ur belovd m dict,0
ham,Is that what time you want me to come?,time want come,0
ham,"Awesome, lemme know whenever you're around",awesome lemme know whenever youre around,0
ham,Shb b ok lor... Thanx...,shb b ok lor thanx,0
ham,"Beautiful Truth against Gravity.. Read carefully: \Our heart feels light when someone is in it.. But it feels very heavy when someone leaves it..\"" GOOD NIGHT""",beautiful truth gravity read carefully heart feel light someone feel heavy someone leaf good night,0
ham,Also remember to get dobby's bowl from your car,also remember get dobbys bowl car,0
spam,Filthy stories and GIRLS waiting for your,filthy story girl waiting,1
ham,Sorry i now then c ur msg... Yar lor so poor thing... But only 4 one night... Tmr u'll have a brand new room 2 sleep in...,sorry c ur msg yar lor poor thing one night tmr ull brand new room sleep,0
ham,"Love isn't a decision, it's a feeling. If we could decide who to love, then, life would be much simpler, but then less magical",love isnt decision feeling could decide love life would much simpler less magical,0
ham,Welp apparently he retired,welp apparently retired,0
ham,My sort code is  and acc no is . The bank is natwest. Can you reply to confirm i've sent this to the right person!,sort code acc bank natwest reply confirm ive sent right person,0
ham,Where @,,0
ham,U sure u can't take any sick time?,u sure u cant take sick time,0
spam,URGENT! We are trying to contact U. Todays draw shows that you have won a å£800 prize GUARANTEED. Call 09050001808 from land line. Claim M95. Valid12hrs only,urgent trying contact u today draw show prize guaranteed call land line claim validhrs,1
ham,Yo chad which gymnastics class do you wanna take? The site says Christians class is full..,yo chad gymnastics class wanna take site say christian class full,0
ham,Or better still can you catch her and let ask her if she can sell  &lt;#&gt;  for me.,better still catch let ask sell ltgt,0
ham,I am not sure about night menu. . . I know only about noon menu,sure night menu know noon menu,0
ham,What do u want when i come back?.a beautiful necklace as a token of my heart for you.thats what i will give but ONLY to MY WIFE OF MY LIKING.BE THAT AND SEE..NO ONE can give you that.dont call me.i will wait till i come.,u want come backa beautiful necklace token heart youthats give wife likingbe seeno one give thatdont call mei wait till come,0
ham,Are you willing to go for aptitude class.,willing go aptitude class,0
ham,"It wont b until 2.15 as trying 2 sort house out, is that ok?",wont b trying sort house ok,0
ham,"Yar lor he wan 2 go c horse racing today mah, so eat earlier lor. I ate chicken rice. U?",yar lor wan go c horse racing today mah eat earlier lor ate chicken rice u,0
ham,"Haha awesome, omw back now then",haha awesome omw back,0
ham,Yup i thk so until e shop closes lor.,yup thk e shop close lor,0
ham,what is your account number?,account number,0
ham,Eh u send wrongly lar...,eh u send wrongly lar,0
ham,Hey no I ad a crap nite was borin without ya 2 boggy with me u boring biatch! Thanx but u wait til nxt time il ave ya ,hey ad crap nite borin without ya boggy u boring biatch thanx u wait til nxt time il ave ya,0
ham,Ok i shall talk to him,ok shall talk,0
ham,Dont hesitate. You know this is the second time she has had weakness like that. So keep i notebook of what she eat and did the day before or if anything changed the day before so that we can be sure its nothing,dont hesitate know second time weakness like keep notebook eat day anything changed day sure nothing,0
ham,Hey you can pay. With salary de. Only  &lt;#&gt; .,hey pay salary de ltgt,0
ham,Another month. I need chocolate weed and alcohol.,another month need chocolate weed alcohol,0
ham,If he started searching he will get job in few days.he have great potential and talent.,started searching get job dayshe great potential talent,0
ham,Reckon need to be in town by eightish to walk from * carpark.,reckon need town eightish walk carpark,0
spam,"Congrats! 2 mobile 3G Videophones R yours. call 09063458130 now! videochat wid your mates, play java games, Dload polyPH music, noline rentl.",congrats mobile g videophones r call videochat wid mate play java game dload polyph music noline rentl,1
ham,LOOK AT THE FUCKIN TIME. WHAT THE FUCK YOU THINK IS UP,look fuckin time fuck think,0
ham,Yo guess what I just dropped,yo guess dropped,0
ham,Carlos says he'll be at mu in  &lt;#&gt;  minutes,carlos say hell mu ltgt minute,0
ham,I'm in office now . I will call you  &lt;#&gt;  min:),im office call ltgt min,0
ham,"Geeee ... I miss you already, you know ? Your all I can think about. Fuck, I can't wait till next year when we will be together ... *loving kiss*",geeee miss already know think fuck cant wait till next year together loving kiss,0
ham,"Yun ah.the ubi one say if Ì_ wan call by tomorrow.call 67441233 look for irene.ere only got bus8,22,65,61,66,382. Ubi cres,ubi tech park.6ph for 1st 5wkg days.Ì¬n",yun ahthe ubi one say wan call tomorrowcall look ireneere got bus ubi cresubi tech parkph st wkg daysn,0
ham,Ugh. Gotta drive back to sd from la. My butt is sore.,ugh gotta drive back sd la butt sore,0
ham,26th OF JULY,th july,0
ham,Hi im having the most relaxing time ever! we have to get up at 7am every day! was the party good the other night? I get home tomorrow at 5ish.,hi im relaxing time ever get every day party good night get home tomorrow ish,0
ham,Up to Ì_... ÌÏ wan come then come lor... But i din c any stripes skirt...,wan come come lor din c stripe skirt,0
ham,The Xmas story is peace.. The Xmas msg is love.. The Xmas miracle is jesus.. Hav a blessed month ahead &amp; wish U Merry Xmas...,xmas story peace xmas msg love xmas miracle jesus hav blessed month ahead amp wish u merry xmas,0
ham,"I can't, I don't have her number!",cant dont number,0
ham,Change again... It's e one next to escalator...,change e one next escalator,0
ham,Yetunde i'm in class can you not run water on it to make it ok. Pls now.,yetunde im class run water make ok pls,0
ham,Not a lot has happened here. Feels very quiet. Beth is at her aunts and charlie is working lots. Just me and helen in at the mo. How have you been? ,lot happened feel quiet beth aunt charlie working lot helen mo,0
ham,Then Ì_ wait 4 me at bus stop aft ur lect lar. If i dun c Ì_ then i go get my car then come back n pick Ì_.,wait bus stop aft ur lect lar dun c go get car come back n pick,0
ham,"Aight will do, thanks again for comin out",aight thanks comin,0
ham,No..but heard abt tat..,nobut heard abt tat,0
ham,&lt;#&gt;  am I think? Should say on syllabus,ltgt think say syllabus,0
ham,Umma. Did she say anything,umma say anything,0
ham,Give me a sec to think think about it,give sec think think,0
spam,Panasonic & BluetoothHdset FREE. Nokia FREE. Motorola FREE & DoubleMins & DoubleTxt on Orange contract. Call MobileUpd8 on 08000839402 or call 2optout,panasonic bluetoothhdset free nokia free motorola free doublemins doubletxt orange contract call mobileupd call optout,1
ham,I don't quite know what to do. I still can't get hold of anyone. I cud pick you up bout 7.30pm and we can see if they're in the pub?,dont quite know still cant get hold anyone cud pick bout pm see theyre pub,0
ham,"Poyyarikatur,kolathupalayam,unjalur post,erode dis, &lt;#&gt; .",poyyarikaturkolathupalayamunjalur posterode dis ltgt,0
ham,"Dear Hero,i am leaving to qatar tonite for an apt opportunity.pls do keep in touch at  &lt;EMAIL&gt; ,kerala",dear heroi leaving qatar tonite apt opportunitypls keep touch ltemailgt kerala,0
ham,Lol I would but my mom would have a fit and tell the whole family how crazy and terrible I am,lol would mom would fit tell whole family crazy terrible,0
ham,"I just got home babe, are you still awake ?",got home babe still awake,0
ham,I dunno they close oredi not... ÌÏ v ma fan...,dunno close oredi v fan,0
ham,Just buy a pizza. Meat lovers or supreme. U get to pick.,buy pizza meat lover supreme u get pick,0
ham,"Ya, told..she was asking wats matter?",ya toldshe asking wats matter,0
ham,"Dear,regret i cudnt pick call.drove down frm ctla now at cochin home.left mobile in car..ente style ishtamayoo?happy bakrid!",dearregret cudnt pick calldrove frm ctla cochin homeleft mobile carente style ishtamayoohappy bakrid,0
spam,FREE for 1st week! No1 Nokia tone 4 ur mob every week just txt NOKIA to 8007 Get txting and tell ur mates www.getzed.co.uk POBox 36504 W45WQ norm150p/tone 16+,free st week nokia tone ur mob every week txt nokia get txting tell ur mate pobox wwq normptone,1
ham,Shall i send that exe to your mail id.,shall send exe mail id,0
ham,Nope watching tv at home... Not going out. V bored...,nope watching tv home going v bored,0
ham,Don know..wait i will check it.,knowwait check,0
ham,"Good afternoon on this glorious anniversary day, my sweet J !! I hope this finds you happy and content, my Prey. I think of you and send a teasing kiss from across the sea coaxing images of fond souveniers ... You Cougar-Pen",good afternoon glorious anniversary day sweet j hope find happy content prey think send teasing kiss across sea coaxing image fond souveniers cougarpen,0
spam,Guess what! Somebody you know secretly fancies you! Wanna find out who it is? Give us a call on 09065394514 From Landline DATEBox1282EssexCM61XN 150p/min 18,guess somebody know secretly fancy wanna find give u call landline dateboxessexcmxn pmin,1
ham,We still on for tonight?,still tonight,0
ham,May i call You later Pls,may call later pls,0
ham,Hasn't that been the pattern recently crap weekends?,hasnt pattern recently crap weekend,0
ham,I have a sore throat. It's scratches when I talk,sore throat scratch talk,0
ham,Yes da. Any plm at ur office,yes da plm ur office,0
ham,Are you not around or just still asleep? :V,around still asleep v,0
ham,"Lol you forgot it eh ? Yes, I'll bring it in babe",lol forgot eh yes ill bring babe,0
ham,"Its good, we'll find a way",good well find way,0
ham,Can not use foreign stamps in this country. Good lecture .,use foreign stamp country good lecture,0
ham,Yup bathe liao...,yup bathe liao,0
ham,HAPPY NEW YEAR MY NO.1 MAN,happy new year man,0
ham,"OH MR SHEFFIELD! You wanna play THAT game, okay. You're the boss and I'm the nanny. You give me a raise and I'll give YOU one!!",oh mr sheffield wanna play game okay youre bos im nanny give raise ill give one,0
ham,ZOE IT JUST HIT ME 2 IM FUCKING SHITIN MYSELF IL DEFO TRY MY HARDEST 2 CUM 2MOROW LUV U MILLIONS LEKDOG,zoe hit im fucking shitin il defo try hardest cum morow luv u million lekdog,0
ham,"Hello baby, did you get back to your mom's ? Are you setting up the computer now ? Filling your belly ? How goes it loverboy ? I miss you already ... *sighs*",hello baby get back mom setting computer filling belly go loverboy miss already sigh,0
ham,"No my blankets are sufficient, thx",blanket sufficient thx,0
ham,"naughty little thought: 'its better to flirt, flirt n flirt, rather than loving someone n gettin hurt, hurt n hurt...:-) Gud nyt",naughty little thought better flirt flirt n flirt rather loving someone n gettin hurt hurt n hurt gud nyt,0
ham,"Edison has rightly said, \A fool can ask more questions than a wise man can answer\"" Now you know why all of us are speechless during ViVa.. GM",edison rightly said fool ask question wise man answer know u speechless viva gm,0
ham,They just talking thats it de. They wont any other.,talking thats de wont,0
ham,Today am going to college so am not able to atten the class.,today going college able atten class,0
ham,I'm in class. Will holla later,im class holla later,0
ham,Mmm thats better now i got a roast down me! iåÕd b better if i had a few drinks down me 2! Good indian?,mmm thats better got roast id b better drink good indian,0
spam,"We know someone who you know that fancies you. Call 09058097218 to find out who. POBox 6, LS15HB 150p",know someone know fancy call find pobox lshb p,1
ham,"Come round, it's . ",come round,0
ham,"Do 1 thing! Change that sentence into: \Because i want 2 concentrate in my educational career im leaving here..\""""",thing change sentence want concentrate educational career im leaving,0
spam,"1000's flirting NOW! Txt GIRL or BLOKE & ur NAME & AGE, eg GIRL ZOE 18 to 8007 to join and get chatting!",flirting txt girl bloke ur name age eg girl zoe join get chatting,1
ham,I walked an hour 2 c u! doesnåÕt that show I care y wont u believe im serious?,walked hour c u doesnt show care wont u believe im serious,0
spam,18 days to Euro2004 kickoff! U will be kept informed of all the latest news and results daily. Unsubscribe send GET EURO STOP to 83222.,day euro kickoff u kept informed latest news result daily unsubscribe send get euro stop,1
ham,Are you available for soiree on June 3rd?,available soiree june rd,0
ham,Do u noe wat time e place dat sells 4d closes?,u noe wat time e place dat sell close,0
ham,"I got another job! The one at the hospital doing data analysis or something, starts on monday! Not sure when my thesis will got finished",got another job one hospital data analysis something start monday sure thesis got finished,0
ham,Jay's getting really impatient and belligerent,jay getting really impatient belligerent,0
ham,HIYA COMIN 2 BRISTOL 1 ST WEEK IN APRIL. LES GOT OFF + RUDI ON NEW YRS EVE BUT I WAS SNORING.THEY WERE DRUNK! U BAK AT COLLEGE YET? MY WORK SENDS INK 2 BATH.,hiya comin bristol st week april le got rudi new yr eve snoringthey drunk u bak college yet work sends ink bath,0
ham,I'm at work. Please call,im work please call,0
ham,Then u drive lor.,u drive lor,0
ham,Ard 515 like dat. Y?,ard like dat,0
ham,Tell me they're female :V how're you throwing in? We're deciding what all to get now,tell theyre female v howre throwing deciding get,0
spam,EASTENDERS TV Quiz. What FLOWER does DOT compare herself to? D= VIOLET E= TULIP F= LILY txt D E or F to 84025 NOW 4 chance 2 WIN å£100 Cash WKENT/150P16+,eastenders tv quiz flower dot compare violet e tulip f lily txt e f chance win cash wkentp,1
ham,I'm working technical support :)voice process.networking field.,im working technical support voice processnetworking field,0
ham,I might come to kerala for 2 days.so you can be prepared to take a leave once i finalise .dont plan any travel during my visit.need to finish urgent works.,might come kerala daysso prepared take leave finalise dont plan travel visitneed finish urgent work,0
ham,Ok. Not sure what time tho as not sure if can get to library before class. Will try. See you at some point! Have good eve.,ok sure time tho sure get library class try see point good eve,0
spam,We have new local dates in your area - Lots of new people registered in YOUR AREA. Reply DATE to start now! 18 only www.flirtparty.us REPLYS150,new local date area lot new people registered area reply date start reply,1
ham,"That's fine, I'll bitch at you about it later then",thats fine ill bitch later,0
ham,No my mum went 2 dentist.,mum went dentist,0
ham,Once free call me sir. I am waiting for you.,free call sir waiting,0
ham,Meeting u is my work. . . Tel me when shall i do my work tomorrow,meeting u work tel shall work tomorrow,0
spam,Someone U know has asked our dating service 2 contact you! Cant Guess who? CALL 09058091854 NOW all will be revealed. PO BOX385 M6 6WU,someone u know asked dating service contact cant guess call revealed po box wu,1
ham,Jus finish bathing...,jus finish bathing,0
ham,"alright, I'll make sure the car is back tonight",alright ill make sure car back tonight,0
spam,URGENT! We are trying to contact U. Todays draw shows that you have won a å£800 prize GUARANTEED. Call 09050003091 from land line. Claim C52. Valid12hrs only,urgent trying contact u today draw show prize guaranteed call land line claim c validhrs,1
spam,Dear U've been invited to XCHAT. This is our final attempt to contact u! Txt CHAT to 86688,dear uve invited xchat final attempt contact u txt chat,1
ham,Lul im gettin some juicy gossip at the hospital. Two nurses are talking about how fat they are gettin. And one thinks shes obese. Oyea.,lul im gettin juicy gossip hospital two nurse talking fat gettin one think shes obese oyea,0
ham,Aight ill get on fb in a couple minutes,aight ill get fb couple minute,0
ham,Oi. Ami parchi na re. Kicchu kaaj korte iccha korche na. Phone ta tul na. Plz. Plz.,oi ami parchi na kicchu kaaj korte iccha korche na phone ta tul na plz plz,0
ham,Where can download clear movies. Dvd copies.,download clear movie dvd copy,0
ham,"Yep, by the pretty sculpture",yep pretty sculpture,0
ham,Convey my regards to him,convey regard,0
ham,Me too watching surya movie only. . .after 6 pm vijay movie POKKIRI,watching surya movie pm vijay movie pokkiri,0
ham,You tell what happen dont behave like this to me. Ok no need to say,tell happen dont behave like ok need say,0
ham,Can u get pic msgs to your phone?,u get pic msg phone,0
ham,Send to someone else :-),send someone else,0
ham,Wat makes some people dearer is not just de happiness dat u feel when u meet them but de pain u feel when u miss dem!!!,wat make people dearer de happiness dat u feel u meet de pain u feel u miss dem,0
ham,For me the love should start with attraction.i should feel that I need her every time around me.she should be the first thing which comes in my thoughts.I would start the day and end it with her.she should be there every time I dream.love will be then when my every breath has her name.my life should happen around her.my life will be named to her.I would cry for her.will give all my happiness and take all her sorrows.I will be ready to fight with anyone for her.I will be in love when I will be doing the craziest things for her.love will be when I don't have to proove anyone that my girl is the most beautiful lady on the whole planet.I will always be singing praises for her.love will be when I start up making chicken curry and end up makiing sambar.life will be the most beautiful then.will get every morning and thank god for the day because she is with me.I would like to say a lot..will tell later..,love start attractioni feel need every time around meshe first thing come thoughtsi would start day end hershe every time dreamlove every breath namemy life happen around hermy life named heri would cry herwill give happiness take sorrowsi ready fight anyone heri love craziest thing herlove dont proove anyone girl beautiful lady whole planeti always singing praise herlove start making chicken curry end makiing sambarlife beautiful thenwill get every morning thank god day mei would like say lotwill tell later,0
ham,"FR'NDSHIP is like a needle of a clock. Though V r in d same clock, V r nt able 2 met. Evn if V meet,itz only 4few seconds. Bt V alwys stay conected. Gud 9t;-)",frndship like needle clock though v r clock v r nt able met evn v meetitz second bt v alwys stay conected gud,0
ham,I don't think he has spatula hands!,dont think spatula hand,0
ham,You can never do NOTHING,never nothing,0
spam,You are awarded a SiPix Digital Camera! call 09061221061 from landline. Delivery within 28days. T Cs Box177. M221BP. 2yr warranty. 150ppm. 16 . p på£3.99,awarded sipix digital camera call landline delivery within day c box mbp yr warranty ppm p p,1
ham,Goodmorning today i am late for  &lt;DECIMAL&gt; min.,goodmorning today late ltdecimalgt min,0
spam,WIN URGENT! Your mobile number has been awarded with a å£2000 prize GUARANTEED call 09061790121 from land line. claim 3030 valid 12hrs only 150ppm ,win urgent mobile number awarded prize guaranteed call land line claim valid hr ppm,1
ham,Please da call me any mistake from my side sorry da. Pls da goto doctor.,please da call mistake side sorry da pls da goto doctor,0
ham,Where r we meeting?,r meeting,0
ham,"Well the weather in cali's great. But its complexities are great. You need a car to move freely, its taxes are outrageous. But all in all its a great place. The sad part is i missing home.",well weather cali great complexity great need car move freely tax outrageous great place sad part missing home,0
ham,Now only i reached home. . . I am very tired now. . I will come tomorro,reached home tired come tomorro,0
ham,Ryder unsold.now gibbs.,ryder unsoldnow gibbs,0
spam,Dear Subscriber ur draw 4 å£100 gift voucher will b entered on receipt of a correct ans. When was Elvis Presleys Birthday? TXT answer to 80062,dear subscriber ur draw gift voucher b entered receipt correct an elvis presley birthday txt answer,1
ham,Don't fret. I'll buy the ovulation test strips and send them to you. You wont get them til like march. Can you send me your postal address.u'll be alright.Okay.,dont fret ill buy ovulation test strip send wont get til like march send postal addressull alrightokay,0
ham,NO GIFTS!! You trying to get me to throw myself off a cliff or something?,gift trying get throw cliff something,0
ham,Been up to ne thing interesting. Did you have a good birthday? When are u wrking nxt? I started uni today.,ne thing interesting good birthday u wrking nxt started uni today,0
ham,You busy or can I come by at some point and figure out what we're doing tomorrow,busy come point figure tomorrow,0
ham,"Yeah go on then, bored and depressed sittin waitin for phone to ring... Hope the wind drops though, scary",yeah go bored depressed sittin waitin phone ring hope wind drop though scary,0
ham,Black shirt n blue jeans... I thk i c Ì_...,black shirt n blue jean thk c,0
ham,Aiyah sorry lor... I watch tv watch until i forgot 2 check my phone.,aiyah sorry lor watch tv watch forgot check phone,0
spam,Message Important information for O2 user. Today is your lucky day! 2 find out why log onto http://www.urawinner.com there is a fantastic surprise awaiting you,message important information user today lucky day find log onto fantastic surprise awaiting,1
ham,on hen night. Going with a swing,hen night going swing,0
ham,"Good afternoon, my love. How goes your day ? What are you up to ? I woke early and am online waiting for you ... Hmmm ... Italian boy is online I see . *grins*",good afternoon love go day woke early online waiting hmmm italian boy online see grin,0
ham,From someone not to smoke when every time I've smoked in the last two weeks is because of you calling or texting me that you wanted to smoke,someone smoke every time ive smoked last two week calling texting wanted smoke,0
ham,No you'll just get a headache trying to figure it out. U can trust me to do the math. I promise. O:-),youll get headache trying figure u trust math promise,0
ham,S s..first time..dhoni rocks...,sfirst timedhoni rock,0
ham,Ok ill tell the company,ok ill tell company,0
ham,"Awesome, think we can get an 8th at usf some time tonight?",awesome think get th usf time tonight,0
ham,So that means you still think of teju,mean still think teju,0
ham,"No I'm good for the movie, is it ok if I leave in an hourish?",im good movie ok leave hourish,0
ham,No no:)this is kallis home ground.amla home town is durban:),nothis kallis home groundamla home town durban,0
ham,So lets make it saturday or monday as per convenience.,let make saturday monday per convenience,0
ham,Hey... What time is your driving on fri? We go for evaluation on fri?,hey time driving fri go evaluation fri,0
spam,"449050000301 You have won a å£2,000 price! To claim, call 09050000301.",price claim call,1
ham,I'm going 4 lunch now wif my family then aft dat i go str 2 orchard lor.,im going lunch wif family aft dat go str orchard lor,0
spam,"Bored of speed dating? Try SPEEDCHAT, txt SPEEDCHAT to 80155, if you don't like em txt SWAP and get a new chatter! Chat80155 POBox36504W45WQ 150p/msg rcd 16",bored speed dating try speedchat txt speedchat dont like em txt swap get new chatter chat poboxwwq pmsg rcd,1
ham,Cancel cheyyamo?and get some money back?,cancel cheyyamoand get money back,0
ham,Ok.ok ok..then..whats ur todays plan,okok okthenwhats ur today plan,0
ham,Good morning princess! How are you?,good morning princess,0
ham,Aiyar sorry lor forgot 2 tell u...,aiyar sorry lor forgot tell u,0
spam,For taking part in our mobile survey yesterday! You can now have 500 texts 2 use however you wish. 2 get txts just send TXT to 80160 T&C www.txt43.com 1.50p,taking part mobile survey yesterday text use however wish get txts send txt tc p,1
ham,Not tonight mate. Catching up on some sleep. This is my new number by the way. ,tonight mate catching sleep new number way,0
ham,"Height of \Oh shit....!!\"" situation: A guy throws a luv letter on a gal but falls on her brothers head whos a gay",height oh shit situation guy throw luv letter gal fall brother head who gay,0
spam,Ur HMV Quiz cash-balance is currently å£500 - to maximize ur cash-in now send HMV1 to 86688 only 150p/msg,ur hmv quiz cashbalance currently maximize ur cashin send hmv pmsg,1
ham,"So check your errors and if you had difficulties, do correction.",check error difficulty correction,0
ham,Howz pain?hope u r fine..,howz painhope u r fine,0
ham,U wake up already? Thanx 4 e tau sar piah it's quite nice.,u wake already thanx e tau sar piah quite nice,0
ham,K do I need a login or anything,k need login anything,0
spam,Dont forget you can place as many FREE Requests with 1stchoice.co.uk as you wish. For more Information call 08707808226.,dont forget place many free request stchoicecouk wish information call,1
ham,LOL ... No just was busy,lol busy,0
ham,What * u wearing?,u wearing,0
ham,Oh:)as usual vijay film or its different?,ohas usual vijay film different,0
spam,I don't know u and u don't know me. Send CHAT to 86688 now and let's find each other! Only 150p/Msg rcvd. HG/Suite342/2Lands/Row/W1J6HL LDN. 18 years or over.,dont know u u dont know send chat let find pmsg rcvd hgsuitelandsrowwjhl ldn year,1
ham,Have you had a good day? Mine was really busy are you up to much tomorrow night?,good day mine really busy much tomorrow night,0
ham,And is there a way you can send shade's stuff to her. And she has been wonderful too.,way send shade stuff wonderful,0
ham,Really... I tot ur paper ended long ago... But wat u copied jus now got use? U happy lar... I still haf 2 study :-(,really tot ur paper ended long ago wat u copied jus got use u happy lar still haf study,0
spam,"Thank you, winner notified by sms. Good Luck! No future marketing reply STOP to 84122 customer services 08450542832",thank winner notified sm good luck future marketing reply stop customer service,1
ham,Babe ? I lost you ... :-(,babe lost,0
ham,Ok... Help me ask if she's working tmr a not?,ok help ask shes working tmr,0
ham,I'm not driving... Raining! Then i'll get caught at e mrt station lor.,im driving raining ill get caught e mrt station lor,0
ham,Not a drop in the tank,drop tank,0
ham,(That said can you text him one more time?),said text one time,0
ham,Ok i go change also...,ok go change also,0
spam,1000's of girls many local 2 u who r virgins 2 this & r ready 2 4fil ur every sexual need. Can u 4fil theirs? text CUTE to 69911(å£1.50p. m),girl many local u r virgin r ready fil ur every sexual need u fil text cute p,1
ham,Did u find a sitter for kaitlyn? I was sick and slept all day yesterday.,u find sitter kaitlyn sick slept day yesterday,0
ham,"Sorry man, accidentally left my phone on silent last night and didn't check it til I got up",sorry man accidentally left phone silent last night didnt check til got,0
ham,Hey.. Something came up last min.. Think i wun be signing up tmr.. Hee,hey something came last min think wun signing tmr hee,0
ham,He's an adult and would learn from the experience. There's no real danger. I just dont like peeps using drugs they dont need. But no comment,he adult would learn experience there real danger dont like peep using drug dont need comment,0
ham,Hey! There's veggie pizza... :/,hey there veggie pizza,0
ham,Yun buying... But school got offer 2000 plus only...,yun buying school got offer plus,0
ham,You sure your neighbors didnt pick it up,sure neighbor didnt pick,0
ham,K. I will sent it again,k sent,0
ham,Well. Im computerless. Time to make some oreo truffles,well im computerless time make oreo truffle,0
ham,"Haha yeah I see that now, be there in a sec",haha yeah see sec,0
ham,I am not having her number sir,number sir,0
ham,Lol now I'm after that hot air balloon!,lol im hot air balloon,0
ham,Ok . . now i am in bus. . If i come soon i will come otherwise tomorrow,ok bus come soon come otherwise tomorrow,0
ham,Msgs r not time pass.They silently say that I am thinking of U right now and also making U think of me at least 4 a moment. Gd nt.swt drms @Shesil,msg r time passthey silently say thinking u right also making u think least moment gd ntswt drms shesil,0
ham,"Yeah, we can probably swing by once my roommate finishes up with his girl",yeah probably swing roommate finish girl,0
spam,"Got what it takes 2 take part in the WRC Rally in Oz? U can with Lucozade Energy! Text RALLY LE to 61200 (25p), see packs or lucozade.co.uk/wrc & itcould be u!",got take take part wrc rally oz u lucozade energy text rally le p see pack lucozadecoukwrc itcould u,1
ham,Happy new years melody!,happy new year melody,0
ham,ÌÏ dun need to pick ur gf?,dun need pick ur gf,0
ham,Yay! You better not have told that to 5 other girls either.,yay better told girl either,0
ham,Horrible u eat macs eat until u forgot abt me already rite... U take so long 2 reply. I thk it's more toot than b4 so b prepared. Now wat shall i eat?,horrible u eat mac eat u forgot abt already rite u take long reply thk toot b b prepared wat shall eat,0
ham,"Did he say how fantastic I am by any chance, or anything need a bigger life lift as losing the will 2 live, do you think I would be the first person 2 die from N V Q? ",say fantastic chance anything need bigger life lift losing live think would first person die n v q,0
ham,Just nw i came to hme da..,nw came hme da,0
ham,"I'm outside islands, head towards hard rock and you'll run into me",im outside island head towards hard rock youll run,0
ham,To day class is there are no class.,day class class,0
ham,I'm in chennai velachery:),im chennai velachery,0
ham,You flippin your shit yet?,flippin shit yet,0
ham,"K give me a sec, breaking a  &lt;#&gt;  at cstore",k give sec breaking ltgt cstore,0
ham,Am i that much bad to avoid like this?,much bad avoid like,0
ham,"Yo, you around? Just got my car back",yo around got car back,0
ham,Annoying isn't it.,annoying isnt,0
ham,"Goodmorning, Today i am late for  &lt;#&gt; min.",goodmorning today late ltgt min,0
ham,There's no point hangin on to mr not right if he's not makin u happy,there point hangin mr right he makin u happy,0
ham,All will come alive.better correct any good looking figure there itself..,come alivebetter correct good looking figure,0
ham,In that case I guess I'll see you at campus lodge,case guess ill see campus lodge,0
ham,We're done...,done,0
ham,Come to my home for one last time i wont do anything. Trust me.,come home one last time wont anything trust,0
ham,I was up all night too worrying about this appt. It's a shame we missed a girls night out with quizzes popcorn and you doing my hair.,night worrying appt shame missed girl night quiz popcorn hair,0
spam,Sex up ur mobile with a FREE sexy pic of Jordan! Just text BABE to 88600. Then every wk get a sexy celeb! PocketBabe.co.uk 4 more pics. 16 å£3/wk 087016248,sex ur mobile free sexy pic jordan text babe every wk get sexy celeb pocketbabecouk pic wk,1
ham,Ok... C ya...,ok c ya,0
spam,You have 1 new voicemail. Please call 08719181503,new voicemail please call,1
ham,What he said is not the matter. My mind saying some other matter is there.,said matter mind saying matter,0
ham,"Al he does is moan at me if n e thin goes wrong its my fault&al de arguments r my fault&fed up of him of himso y bother? Hav 2go, thanx.xx",al moan n e thin go wrong faultal de argument r faultfed himso bother hav go thanxxx,0
ham,NEFT Transaction with reference number  &lt;#&gt;  for Rs. &lt;DECIMAL&gt;  has been credited to the beneficiary account on  &lt;#&gt;  at  &lt;TIME&gt; : &lt;#&gt;,neft transaction reference number ltgt r ltdecimalgt credited beneficiary account ltgt lttimegt ltgt,0
ham,Otherwise had part time job na-tuition..,otherwise part time job natuition,0
ham,I know she called me,know called,0
ham,"Me also da, i feel yesterday night  wait til 2day night dear.",also da feel yesterday night wait til day night dear,0
ham,Thanks for understanding. I've been trying to tell sura that.,thanks understanding ive trying tell sura,0
spam,WIN a year supply of CDs 4 a store of ur choice worth å£500 & enter our å£100 Weekly draw txt MUSIC to 87066 Ts&Cs www.Ldew.com.subs16+1win150ppmx3,win year supply cd store ur choice worth enter weekly draw txt music tscs,1
ham,The whole car appreciated the last two! Dad and are having a map reading semi argument but apart from that things are going ok. P.,whole car appreciated last two dad map reading semi argument apart thing going ok p,0
spam,"As a SIM subscriber, you are selected to receive a Bonus! Get it delivered to your door, Txt the word OK to No: 88600 to claim. 150p/msg, EXP. 30Apr",sim subscriber selected receive bonus get delivered door txt word ok claim pmsg exp apr,1
ham,I need you to be in my strong arms...,need strong arm,0
ham,Also maaaan are you missing out,also maaaan missing,0
ham,His bday real is in april .,bday real april,0
ham,Guessin you ain't gonna be here before 9?,guessin aint gonna,0
ham,Ok then i will come to ur home after half an hour,ok come ur home half hour,0
ham,"Yo, the game almost over? Want to go to walmart soon",yo game almost want go walmart soon,0
ham,"Yeah, probably but not sure. Ilol let u know, but personally I wuldnt bother, then again if ur goin to then I mite as well!!",yeah probably sure ilol let u know personally wuldnt bother ur goin mite well,0
ham,I'll text now! All creepy like so he won't think that we forgot,ill text creepy like wont think forgot,0
ham,"that would be good Û_ I'll phone you tomo lunchtime, shall I, to organise something?",would good ill phone tomo lunchtime shall organise something,0
ham,"Damn, can you make it tonight or do you want to just wait til tomorrow",damn make tonight want wait til tomorrow,0
ham,K..k..i'm also fine:)when will you complete the course?,kkim also finewhen complete course,0
ham,"True. It is passable. And if you get a high score and apply for phd, you get 5years of salary. So it makes life easier.",true passable get high score apply phd get year salary make life easier,0
spam,No. 1 Nokia Tone 4 ur mob every week! Just txt NOK to 87021. 1st Tone FREE ! so get txtin now and tell ur friends. 150p/tone. 16 reply HL 4info,nokia tone ur mob every week txt nok st tone free get txtin tell ur friend ptone reply hl info,1
ham,Prakesh is there know.,prakesh know,0
ham,Teach me apps da. When you come to college.,teach apps da come college,0
ham,Rofl betta invest in some  anti aging products,rofl betta invest anti aging product,0
ham,"sir, you will receive the account no another 1hr time. Sorry for the delay.",sir receive account another hr time sorry delay,0
spam,Reply with your name and address and YOU WILL RECEIVE BY POST a weeks completely free accommodation at various global locations www.phb1.com ph:08700435505150p,reply name address receive post week completely free accommodation various global location php,1
ham,So Ì_'ll be submitting da project tmr rite?,submitting da project tmr rite,0
spam,FREE entry into our å£250 weekly comp just send the word ENTER to 84128 NOW. 18 T&C www.textcomp.com cust care 08712405020.,free entry weekly comp send word enter tc cust care,1
ham,Jus ans me lar. U'll noe later.,jus an lar ull noe later,0
ham,I want to send something that can sell fast.  &lt;#&gt; k is not easy money.,want send something sell fast ltgt k easy money,0
ham,have got * few things to do. may be in * pub later.,got thing may pub later,0
ham,1's finish meeting call me.,finish meeting call,0
ham,Lol ok. I'll snatch her purse too.,lol ok ill snatch purse,0
ham,"\Hello-/@drivby-:0quit edrunk sorry iff pthis makes no senrd-dnot no how ^ dancce 2 drum n basq!ihave fun 2nhite x ros xxxxxxx\""""",hellodrivbyquit edrunk sorry iff pthis make senrddnot dancce drum n basqihave fun nhite x ro xxxxxxx,0
ham,How much are we getting?,much getting,0
ham,Is ur paper in e morn or aft tmr?,ur paper e morn aft tmr,0
ham,"Dear relieved of westonzoyland, all going to plan this end too!",dear relieved westonzoyland going plan end,0
ham,Hope you are having a great new semester. Do wish you the very best. You are made for greatness.,hope great new semester wish best made greatness,0
ham,Oh yes I can speak txt 2 u no! Hmm. Did u get  email?,oh yes speak txt u hmm u get email,0
ham,"I want to show you the world, princess :) how about europe?",want show world princess europe,0
ham,Nobody can decide where to eat and dad wants Chinese,nobody decide eat dad want chinese,0
ham,No shoot me. I'm in the docs waiting room. :/,shoot im doc waiting room,0
ham,Now? I'm going out 4 dinner soon..,im going dinner soon,0
ham,Hello which the site to download songs its urgent pls,hello site download song urgent pls,0
ham,"I do know what u mean,  is the king of not havin credit! I'm goin2bed now. Night night sweet! Only1more sleep! ",know u mean king havin credit im goinbed night night sweet onlymore sleep,0
ham,Horrible gal. Me in sch doing some stuff. How come u got mc?,horrible gal sch stuff come u got mc,0
ham,"HI HUN! IM NOT COMIN 2NITE-TELL EVERY1 IM SORRY 4 ME, HOPE U AVA GOODTIME!OLI RANG MELNITE IFINK IT MITE B SORTED,BUT IL EXPLAIN EVERYTHIN ON MON.L8RS.x",hi hun im comin nitetell every im sorry hope u ava goodtimeoli rang melnite ifink mite b sortedbut il explain everythin monlrsx,0
spam,Please CALL 08712402779 immediately as there is an urgent message waiting for you,please call immediately urgent message waiting,1
ham,Yeah like if it goes like it did with my friends imma flip my shit in like half an hour,yeah like go like friend imma flip shit like half hour,0
ham,Mum say we wan to go then go... Then she can shun bian watch da glass exhibition... ,mum say wan go go shun bian watch da glass exhibition,0
ham,What your plan for pongal?,plan pongal,0
ham,Just wait till end of march when el nino gets himself. Oh.,wait till end march el nino get oh,0
ham,"Not yet chikku..going to room nw, i'm in bus..",yet chikkugoing room nw im bus,0
ham,Am also doing in cbe only. But have to pay.,also cbe pay,0
ham,Honey boo I'm missing u.,honey boo im missing u,0
ham,"We have sent JD for Customer Service cum Accounts Executive to ur mail id, For details contact us",sent jd customer service cum account executive ur mail id detail contact u,0
ham,"Yo, I'm at my parents' gettin cash. Good news: we picked up a downstem",yo im parent gettin cash good news picked downstem,0
ham,"Thank you so much. When we skyped wit kz and sura, we didnt get the pleasure of your company. Hope you are good. We've given you ultimatum oh! We are countin down to aburo. Enjoy!",thank much skyped wit kz sura didnt get pleasure company hope good weve given ultimatum oh countin aburo enjoy,0
spam,"Hungry gay guys feeling hungry and up 4 it, now. Call 08718730555 just 10p/min. To stop texts call 08712460324 (10p/min)",hungry gay guy feeling hungry call pmin stop text call pmin,1
ham,Ok. No wahala. Just remember that a friend in need ...,ok wahala remember friend need,0
ham,I will see in half an hour,see half hour,0
ham,"Im in inperialmusic listening2the weirdest track ever byåÓleafcutter johnåÓ-sounds like insects being molested&someone plumbing,remixed by evil men on acid!",im inperialmusic listeningthe weirdest track ever byleafcutter johnsounds like insect molestedsomeone plumbingremixed evil men acid,0
ham,\Hey sorry I didntgive ya a a bellearlier hunny,hey sorry didntgive ya bellearlier hunny,0
ham,SERIOUSLY. TELL HER THOSE EXACT WORDS RIGHT NOW.,seriously tell exact word right,0
spam,Can U get 2 phone NOW? I wanna chat 2 set up meet Call me NOW on 09096102316 U can cum here 2moro Luv JANE xx Callså£1/minmoremobsEMSPOBox45PO139WA,u get phone wanna chat set meet call u cum moro luv jane xx callsminmoremobsemspoboxpowa,1
ham,"Tee hee. Off to lecture, cheery bye bye.",tee hee lecture cheery bye bye,0
ham,"Sorry chikku, my cell got some problem thts y i was nt able to reply u or msg u..",sorry chikku cell got problem thts nt able reply u msg u,0
ham,If you still havent collected the dough pls let me know so i can go to the place i sent it to get the control number,still havent collected dough pls let know go place sent get control number,0
spam,network operator. The service is free. For T & C's visit 80488.biz,network operator service free c visit biz,1
ham,Let me know how to contact you. I've you settled in a room. Lets know you are ok.,let know contact ive settled room let know ok,0
ham,Wot u up 2 u weirdo?,wot u u weirdo,0
ham,Can do lor...,lor,0
ham,Dont put your phone on silent mode ok,dont put phone silent mode ok,0
ham,Can i meet Ì_ at 5.. As 4 where depends on where Ì_ wan 2 in lor..,meet depends wan lor,0
ham,Waiting 4 my tv show 2 start lor... U leh still busy doing ur report?,waiting tv show start lor u leh still busy ur report,0
ham,Oh ho. Is this the first time u use these type of words,oh ho first time u use type word,0
ham,Am I the only one who doesn't stalk profiles?,one doesnt stalk profile,0
ham,"Ever green quote ever told by Jerry in cartoon \A Person Who Irritates u Always Is the one Who Loves u Vry Much But Fails to Express It...!..!! :-) :-) gud nyt""",ever green quote ever told jerry cartoon person irritates u always one love u vry much fails express gud nyt,0
ham,Yes i thought so. Thanks.,yes thought thanks,0
ham,But if she.s drinkin i'm ok.,shes drinkin im ok,0
ham,"Just wondering, the others just took off",wondering others took,0
ham,"Night has ended for another day, morning has come in a special way. May you smile like the sunny rays and leaves your worries at the blue blue bay. Gud mrng",night ended another day morning come special way may smile like sunny ray leaf worry blue blue bay gud mrng,0
ham,"What do you do, my dog ? Must I always wait till the end of your day to have word from you ? Did you run out of time on your cell already?",dog must always wait till end day word run time cell already,0
ham,Happy new year to u too!,happy new year u,0
ham,"Hey...Great deal...Farm tour 9am to 5pm $95/pax, $50 deposit by 16 May",heygreat dealfarm tour pm pax deposit may,0
ham,Eat jap done oso aft ur lect wat... ÌÏ got lect at 12 rite... ,eat jap done oso aft ur lect wat got lect rite,0
ham,"Hey babe! I saw you came online for a second and then you disappeared, what happened ?",hey babe saw came online second disappeared happened,0
ham,Da my birthdate in certificate is in april but real date is today. But dont publish it. I shall give you a special treat if you keep the secret. Any way thanks for the wishes,da birthdate certificate april real date today dont publish shall give special treat keep secret way thanks wish,0
ham,Happy birthday... May all ur dreams come true...,happy birthday may ur dream come true,0
ham,Aiyah u did ok already lar. E nydc at wheellock?,aiyah u ok already lar e nydc wheellock,0
ham,TELL HER I SAID EAT SHIT.,tell said eat shit,0
ham,Sure! I am driving but will reach my destination soon.,sure driving reach destination soon,0
ham,"K so am I, how much for an 8th? Fifty?",k much th fifty,0
ham,Your daily text from me ÛÒ a favour this time,daily text favour time,0
ham,Great to hear you are settling well. So what's happenin wit ola?,great hear settling well whats happenin wit ola,0
ham,Those cocksuckers. If it makes you feel better ipads are worthless garbage novelty items and you should feel bad for even wanting one,cocksucker make feel better ipads worthless garbage novelty item feel bad even wanting one,0
ham,I tot u reach liao. He said t-shirt.,tot u reach liao said tshirt,0
ham,"FRAN I DECIDED 2 GO N E WAY IM COMPLETELY BROKE AN KNACKERED I GOT UP BOUT 3 C U 2MRW LOVE JANX P.S THIS IS MY DADS FONE, -NO CREDIT",fran decided go n e way im completely broke knackered got bout c u mrw love janx p dad fone credit,0
ham,Your right! I'll make the appointment right now.,right ill make appointment right,0
ham,Designation is software developer and may be she get chennai:),designation software developer may get chennai,0
spam,Enjoy the jamster videosound gold club with your credits for 2 new videosounds+2 logos+musicnews! get more fun from jamster.co.uk! 16+only Help? call: 09701213186 ,enjoy jamster videosound gold club credit new videosounds logosmusicnews get fun jamstercouk help call,1
spam,"Get 3 Lions England tone, reply lionm 4 mono or lionp 4 poly. 4 more go 2 www.ringtones.co.uk, the original n best. Tones 3GBP network operator rates apply",get lion england tone reply lionm mono lionp poly go original n best tone gbp network operator rate apply,1
ham,I jokin oni lar.. ÌÏ busy then i wun disturb Ì_.,jokin oni lar busy wun disturb,0
ham,"Ok, be careful ! Don't text and drive !",ok careful dont text drive,0
ham,"I.ll always be there, even if its just in spirit. I.ll get a bb soon. Just trying to be sure i need it.",ill always even spirit ill get bb soon trying sure need,0
ham,U r too much close to my heart. If u go away i will be shattered. Plz stay with me.,u r much close heart u go away shattered plz stay,0
ham,I love u 2 babe! R u sure everything is alrite. Is he being an idiot? Txt bak girlie,love u babe r u sure everything alrite idiot txt bak girlie,0
ham,How abt making some of the pics bigger?,abt making pic bigger,0
ham,Got but got 2 colours lor. One colour is quite light n e other is darker lor. Actually i'm done she's styling my hair now.,got got colour lor one colour quite light n e darker lor actually im done shes styling hair,0
ham,"Whenevr ur sad, Whenevr ur gray, Remembr im here 2 listn 2 watevr u wanna say, Jus walk wid me a little while,&amp; I promise I'll bring back ur smile.:-)",whenevr ur sad whenevr ur gray remembr im listn watevr u wanna say jus walk wid little whileamp promise ill bring back ur smile,0
ham,Why nothing. Ok anyway give me treat,nothing ok anyway give treat,0
spam,"Win the newest ÛÏHarry Potter and the Order of the Phoenix (Book 5) reply HARRY, answer 5 questions - chance to be the first among readers!",win newest harry potter order phoenix book reply harry answer question chance first among reader,1
ham,Correct. So how was work today,correct work today,0
ham,"Just sent again. Do you scream and moan in bed, princess?",sent scream moan bed princess,0
ham,"I wake up long ago already... Dunno, what other thing?",wake long ago already dunno thing,0
ham,Oh just getting even with u.... u?,oh getting even u u,0
ham,I thk 50 shd be ok he said plus minus 10.. Did Ì_ leave a line in between paragraphs?,thk shd ok said plus minus leave line paragraph,0
ham,Can you call me plz. Your number shows out of coveragd area. I have urgnt call in vasai &amp; have to reach before 4'o clock so call me plz,call plz number show coveragd area urgnt call vasai amp reach clock call plz,0
ham,Yeah jay's sort of a fucking retard,yeah jay sort fucking retard,0
ham,"Sorry, was in the bathroom, sup",sorry bathroom sup,0
spam,Ur balance is now å£500. Ur next question is: Who sang 'Uptown Girl' in the 80's ? 2 answer txt ur ANSWER to 83600. Good luck!,ur balance ur next question sang uptown girl answer txt ur answer good luck,1
ham,My exam is for february 4. Wish you a great day.,exam february wish great day,0
ham,I dont know what to do to come out of this so only am ask questions like this dont mistake me.,dont know come ask question like dont mistake,0
ham,"Aight no rush, I'll ask jay",aight rush ill ask jay,0
ham,Good Morning plz call me sir,good morning plz call sir,0
ham,It's ok lar. U sleep early too... Nite...,ok lar u sleep early nite,0
ham,"Oh... Icic... K lor, den meet other day...",oh icic k lor den meet day,0
ham,"Oh ! A half hour is much longer in Syria than Canada, eh ? Wow you must get SO much more work done in a day than us with all that extra time ! *grins*",oh half hour much longer syria canada eh wow must get much work done day u extra time grin,0
ham,"Sometimes we put walls around our hearts,not just to be safe from getting hurt.. But to find out who cares enough to break the walls &amp; get closer.. GOODNOON:)",sometimes put wall around heartsnot safe getting hurt find care enough break wall amp get closer goodnoon,0
ham,"Sweet, we may or may not go to 4U to meet carlos so gauge patty's interest in that",sweet may may go u meet carlos gauge patty interest,0
ham,Then she buying today? ÌÏ no need to c meh...,buying today need c meh,0
ham,Aight sorry I take ten years to shower. What's the plan?,aight sorry take ten year shower whats plan,0
ham,Every monday..nxt week vl be completing..,every mondaynxt week vl completing,0
ham,Might ax well im there.,might ax well im,0
ham,Just chill for another 6hrs. If you could sleep the pain is not a surgical emergency so see how it unfolds. Okay,chill another hr could sleep pain surgical emergency see unfolds okay,0
ham,Yeah I'll try to scrounge something up,yeah ill try scrounge something,0
ham,Crazy ar he's married. ÌÏ like gd looking guys not me. My frens like say he's korean leona's fave but i dun thk he is. Aft some thinking mayb most prob i'll go.,crazy ar he married like gd looking guy frens like say he korean leonas fave dun thk aft thinking mayb prob ill go,0
ham,Were somewhere on Fredericksburg,somewhere fredericksburg,0
ham,Que pases un buen tiempo or something like that,que pas un buen tiempo something like,0
ham,Is it ok if I stay the night here? Xavier has a sleeping bag and I'm getting tired,ok stay night xavier sleeping bag im getting tired,0
ham,She doesnt need any test.,doesnt need test,0
ham,"Nothing much, chillin at home. Any super bowl plan?",nothing much chillin home super bowl plan,0
spam,"FREE2DAY sexy St George's Day pic of Jordan!Txt PIC to 89080 dont miss out, then every wk a saucy celeb!4 more pics c PocketBabe.co.uk 0870241182716 å£3/wk",freeday sexy st george day pic jordantxt pic dont miss every wk saucy celeb pic c pocketbabecouk wk,1
ham,Bugis oso near wat... ,bugis oso near wat,0
ham,Yo theres no class tmrw right?,yo there class tmrw right,0
ham,Let Ur Heart Be Ur Compass Ur Mind Ur Map Ur Soul Ur Guide And U Will Never loose in world....gnun - Sent via WAY2SMS.COM,let ur heart ur compass ur mind ur map ur soul ur guide u never loose worldgnun sent via waysmscom,0
ham,"Goodnight, sleep well da please take care pa. Please.",goodnight sleep well da please take care pa please,0
ham,Baaaaabe! I misss youuuuu ! Where are you ? I have to go and teach my class at 5 ...,baaaaabe miss youuuuu go teach class,0
ham,U ned to convince him tht its not possible witot hurting his feeling its the main,u ned convince tht possible witot hurting feeling main,0
ham,"Good afternoon loverboy ! How goes you day ? Any luck come your way? I think of you, sweetie and send my love across the sea to make you smile and happy",good afternoon loverboy go day luck come way think sweetie send love across sea make smile happy,0
ham,If i start sending blackberry torch to nigeria will you find buyer for me?like 4a month. And tell dad not to buy bb from anyone oh.,start sending blackberry torch nigeria find buyer melike month tell dad buy bb anyone oh,0
ham,"&lt;#&gt; %of pple marry with their lovers... becz they hav gud undrstndng dat avoids problems. i sent dis 2 u, u wil get gud news on friday by d person you like. And tomorrow will be the best day of your life. Dont break this chain. If you break you will suffer. send this to  &lt;#&gt;  frnds in &lt;#&gt;  mins whn u read...",ltgt pple marry lover becz hav gud undrstndng dat avoids problem sent dis u u wil get gud news friday person like tomorrow best day life dont break chain break suffer send ltgt frnds ltgt min whn u read,0
ham,Yo dude guess who just got arrested the other day,yo dude guess got arrested day,0
ham,Shuhui say change 2 suntec steamboat? U noe where? Where r u now?,shuhui say change suntec steamboat u noe r u,0
ham,What does the dance river do?,dance river,0
ham,"Yetunde, i'm sorry but moji and i seem too busy to be able to go shopping. Can you just please find some other way to get what you wanted us to get. Please forgive me. You can reply free via yahoo messenger.",yetunde im sorry moji seem busy able go shopping please find way get wanted u get please forgive reply free via yahoo messenger,0
ham,Hey i will be really pretty late... You want to go for the lesson first? I will join you. I'm only reaching tp mrt,hey really pretty late want go lesson first join im reaching tp mrt,0
spam,"HOT LIVE FANTASIES call now 08707509020 Just 20p per min NTT Ltd, PO Box 1327 Croydon CR9 5WB 0870..k",hot live fantasy call p per min ntt ltd po box croydon cr wb k,1
ham,Bbq this sat at mine from 6ish. Ur welcome 2 come,bbq sat mine ish ur welcome come,0
ham,"I don't know, same thing that's wrong everyso often, he panicks starts goin on bout not bein good enough Û_",dont know thing thats wrong everyso often panicks start goin bout bein good enough,0
ham,Alright. I'm out--have a good night!,alright im outhave good night,0
ham,Did you try making another butt.,try making another butt,0
ham,Hope you are feeling great. Pls fill me in. Abiola,hope feeling great pls fill abiola,0
ham,I though we shd go out n have some fun so bar in town or something ÛÒ sound ok?,though shd go n fun bar town something sound ok,0
ham,"1) Go to write msg 2) Put on Dictionary mode 3)Cover the screen with hand, 4)Press  &lt;#&gt; . 5)Gently remove Ur hand.. Its interesting..:)",go write msg put dictionary mode cover screen hand press ltgt gently remove ur hand interesting,0
spam,"Bears Pic Nick, and Tom, Pete and ... Dick. In fact, all types try gay chat with photo upload call 08718730666 (10p/min). 2 stop texts call 08712460324",bear pic nick tom pete dick fact type try gay chat photo upload call pmin stop text call,1
spam,"500 New Mobiles from 2004, MUST GO! Txt: NOKIA to No: 89545 & collect yours today!From ONLY å£1 www.4-tc.biz 2optout 087187262701.50gbp/mtmsg18 TXTAUCTION",new mobile must go txt nokia collect todayfrom optout gbpmtmsg txtauction,1
ham,We're finally ready fyi,finally ready fyi,0
ham,Auntie huai juan never pick up her phone,auntie huai juan never pick phone,0
spam,Double Mins & Double Txt & 1/2 price Linerental on Latest Orange Bluetooth mobiles. Call MobileUpd8 for the very latest offers. 08000839402 or call2optout/LF56,double min double txt price linerental latest orange bluetooth mobile call mobileupd latest offer calloptoutlf,1
ham,"Ya tel, wats ur problem..",ya tel wats ur problem,0
ham,i dnt wnt to tlk wid u,dnt wnt tlk wid u,0
ham,"We spend our days waiting for the ideal path to appear in front of us.. But what we forget is.. \paths are made by walking.. not by waiting..\"" Goodnight!""",spend day waiting ideal path appear front u forget path made walking waiting goodnight,0
ham,Its ok my arm is feeling weak cuz i got a shot so we can go another time,ok arm feeling weak cuz got shot go another time,0
ham,Please reserve ticket on saturday eve from chennai to thirunelvali and again from tirunelvali to chennai on sunday eve...i already see in net..no ticket available..i want to book ticket through tackle ..,please reserve ticket saturday eve chennai thirunelvali tirunelvali chennai sunday evei already see netno ticket availablei want book ticket tackle,0
ham,"Storming msg: Wen u lift d phne, u say \HELLO\"" Do u knw wt is d real meaning of HELLO?? . . . It's d name of a girl..! . . . Yes.. And u knw who is dat girl?? \""Margaret Hello\"" She is d girlfrnd f Grahmbell who invnted telphone... . . . . Moral:One can 4get d name of a person",storming msg wen u lift phne u say hello u knw wt real meaning hello name girl yes u knw dat girl margaret hello girlfrnd f grahmbell invnted telphone moralone get name person,0
ham,That's ok. I popped in to ask bout something and she said you'd been in. Are you around tonght wen this girl comes?,thats ok popped ask bout something said youd around tonght wen girl come,0
ham,All e best 4 ur exam later.,e best ur exam later,0
ham,Hope ur head doesn't hurt 2 much ! Am ploughing my way through a pile of ironing ! Staying in with a chinky tonight come round if you like.,hope ur head doesnt hurt much ploughing way pile ironing staying chinky tonight come round like,0
ham,Oh k.i think most of wi and nz players unsold.,oh ki think wi nz player unsold,0
ham,"Haha... Where got so fast lose weight, thk muz go 4 a month den got effect... Gee,later we go aust put bk e weight.",haha got fast lose weight thk muz go month den got effect geelater go aust put bk e weight,0
ham,"I wonder how you got online, my love ? Had you gone to the net cafe ? Did you get your phone recharged ? Were you on a friends net ? I think of you, boytoy",wonder got online love gone net cafe get phone recharged friend net think boytoy,0
ham,"Haha just kidding, papa needs drugs",haha kidding papa need drug,0
ham,"Thk shld b can... Ya, i wana go 4 lessons... Haha, can go for one whole stretch...",thk shld b ya wana go lesson haha go one whole stretch,0
ham,Oh ok..,oh ok,0
ham,R we still meeting 4 dinner tonight?,r still meeting dinner tonight,0
ham,Shall i start from hear.,shall start hear,0
ham,Then we wait 4 u lor... No need 2 feel bad lar...,wait u lor need feel bad lar,0
ham,No did you check? I got his detailed message now,check got detailed message,0
ham,You have registered Sinco as Payee. Log in at icicibank.com and enter URN  &lt;#&gt;  to confirm. Beware of frauds. Do NOT share or disclose URN to anyone.,registered sinco payee log icicibankcom enter urn ltgt confirm beware fraud share disclose urn anyone,0
ham,"No, I decided that only people who care about stuff vote and caring about stuff is for losers",decided people care stuff vote caring stuff loser,0
ham,Kaiez... Enjoy ur tuition... Gee... Thk e second option sounds beta... I'll go yan jiu den msg u...,kaiez enjoy ur tuition gee thk e second option sound beta ill go yan jiu den msg u,0
ham,cool. We will have fun practicing making babies!,cool fun practicing making baby,0
ham,Actually getting ready to leave the house.,actually getting ready leave house,0
ham,K..k..any special today?,kkany special today,0
spam,"URGENT, IMPORTANT INFORMATION FOR O2 USER. TODAY IS YOUR LUCKY DAY! 2 FIND OUT WHY LOG ONTO HTTP://WWW.URAWINNER.COM THERE IS A FANTASTIC SURPRISE AWAITING FOR YOU",urgent important information user today lucky day find log onto fantastic surprise awaiting,1
ham,Then we gotta do it after that,gotta,0
ham,"I've got ten bucks, jay is being noncomittal",ive got ten buck jay noncomittal,0
ham,Where at were hungry too,hungry,0
ham,Pls speak to that customer machan.,pls speak customer machan,0
ham,somewhere out there beneath the pale moon light someone think in of u some where out there where dreams come true... goodnite &amp; sweet dreams,somewhere beneath pale moon light someone think u dream come true goodnite amp sweet dream,0
spam,Dear U've been invited to XCHAT. This is our final attempt to contact u! Txt CHAT to 86688 150p/MsgrcvdHG/Suite342/2Lands/Row/W1J6HL LDN 18 yrs,dear uve invited xchat final attempt contact u txt chat pmsgrcvdhgsuitelandsrowwjhl ldn yr,1
ham,So wats ur opinion abt him and how abt is character?,wats ur opinion abt abt character,0
ham,Jay is snickering and tells me that x is totally fucking up the chords as we speak,jay snickering tell x totally fucking chord speak,0
ham,No..few hours before.went to hair cut .,nofew hour beforewent hair cut,0
ham,No wonder... Cos i dun rem seeing a silver car... But i thk i saw a black one...,wonder co dun rem seeing silver car thk saw black one,0
ham,Lmao. Take a pic and send it to me.,lmao take pic send,0
ham,"\Speak only when you feel your words are better than the silence...\"" Gud mrng:-)""",speak feel word better silence gud mrng,0
ham,No. She's currently in scotland for that.,shes currently scotland,0
ham,Do you work all this week ?,work week,0
spam,Congratulations ur awarded either å£500 of CD gift vouchers & Free entry 2 our å£100 weekly draw txt MUSIC to 87066 TnCs www.Ldew.com 1 win150ppmx3age16,congratulation ur awarded either cd gift voucher free entry weekly draw txt music tncs winppmxage,1
ham,Lol great now im getting hungry.,lol great im getting hungry,0
ham,Yes.. now only saw your message..,yes saw message,0
ham,I'll be at mu in like  &lt;#&gt;  seconds,ill mu like ltgt second,0
ham,THING R GOOD THANX GOT EXAMS IN MARCH IVE DONE NO REVISION? IS FRAN STILL WITH BOYF? IVE GOTTA INTERVIW 4 EXETER BIT WORRIED!x,thing r good thanx got exam march ive done revision fran still boyf ive gotta interviw exeter bit worriedx,0
ham,"Tell you what, if you make a little spreadsheet and track whose idea it was to smoke to determine who \smokes too much\"" for the entire month of february",tell make little spreadsheet track whose idea smoke determine smoke much entire month february,0
spam,For sale - arsenal dartboard. Good condition but no doubles or trebles!,sale arsenal dartboard good condition double treble,1
ham,Don't look back at the building because you have no coat and i don't want you to get more sick. Just hurry home and wear a coat to the gym!!!,dont look back building coat dont want get sick hurry home wear coat gym,0
ham,"My painful personal thought- \I always try to keep everybody happy all the time. But nobody recognises me when i am alone\""""",painful personal thought always try keep everybody happy time nobody recognises alone,0
ham,Thanks for ve lovely wisheds. You rock,thanks lovely wisheds rock,0
ham,You intrepid duo you! Have a great time and see you both soon. ,intrepid duo great time see soon,0
ham,I asked sen to come chennai and search for job.,asked sen come chennai search job,0
ham,Dad went out oredi... ,dad went oredi,0
ham,"I jus hope its true that  missin me cos i'm really missin him! You haven't done anything to feel guilty about, yet.",jus hope true missin co im really missin havent done anything feel guilty yet,0
ham,Wat so late still early mah. Or we juz go 4 dinner lor. Aiya i dunno...,wat late still early mah juz go dinner lor aiya dunno,0
ham,"Arms fine, how's Cardiff and uni? ",arm fine hows cardiff uni,0
ham,In fact when do you leave? I think addie goes back to school tues or wed,fact leave think addie go back school tues wed,0
ham,"Cool breeze... Bright sun... Fresh flower... Twittering birds... All these waiting to wish u: \GOODMORNING &amp; HAVE A NICE DAY\"" :)""",cool breeze bright sun fresh flower twittering bird waiting wish u goodmorning amp nice day,0
ham,Ya:)going for restaurant..,yagoing restaurant,0
ham,"Its ok., i just askd did u knw tht no?",ok askd u knw tht,0
spam,Free 1st week entry 2 TEXTPOD 4 a chance 2 win 40GB iPod or å£250 cash every wk. Txt POD to 84128 Ts&Cs www.textpod.net custcare 08712405020.,free st week entry textpod chance win gb ipod cash every wk txt pod tscs custcare,1
ham,Those ducking chinchillas,ducking chinchilla,0
ham,I am in a marriage function,marriage function,0
ham,Looks like u wil b getting a headstart im leaving here bout 2.30ish but if u r desperate for my company I could head in earlier-we were goin to meet in rummer.,look like u wil b getting headstart im leaving bout ish u r desperate company could head earlierwe goin meet rummer,0
ham,DonÛ÷t give a flying monkeys wot they think and I certainly donÛ÷t mind. Any friend of mine and all that!,dont give flying monkey wot think certainly dont mind friend mine,0
spam,As a registered optin subscriber ur draw 4 å£100 gift voucher will be entered on receipt of a correct ans to 80062 Whats No1 in the BBC charts,registered optin subscriber ur draw gift voucher entered receipt correct an whats bbc chart,1
ham,say thanks2. ,say thanks,0
ham,Msg me when rajini comes.,msg rajini come,0
ham,Ya! when are Ì_ taking ure practical lessons? I start in june..  ,ya taking ure practical lesson start june,0
ham,"That's good, because I need drugs",thats good need drug,0
ham,Stupid.its not possible,stupidits possible,0
ham,Can Ì_ all decide faster cos my sis going home liao..,decide faster co si going home liao,0
spam,Summers finally here! Fancy a chat or flirt with sexy singles in yr area? To get MATCHED up just reply SUMMER now. Free 2 Join. OptOut txt STOP Help08714742804,summer finally fancy chat flirt sexy single yr area get matched reply summer free join optout txt stop help,1
ham,U sleeping now.. Or you going to take? Haha.. I got spys wat.. Me online checking n replying mails lor..,u sleeping going take haha got spy wat online checking n replying mail lor,0
spam,CLAIRE here am havin borin time & am now alone U wanna cum over 2nite? Chat now 09099725823 hope 2 C U Luv CLAIRE xx Callså£1/minmoremobsEMSPOBox45PO139WA,claire havin borin time alone u wanna cum nite chat hope c u luv claire xx callsminmoremobsemspoboxpowa,1
spam,Bought one ringtone and now getting texts costing 3 pound offering more tones etc,bought one ringtone getting text costing pound offering tone etc,1
ham,"Yalru lyfu astne chikku.. Bt innu mundhe lyf ali halla ke bilo (marriage)program edhae, so lyf is nt yet ovr chikku..ali vargu lyfu meow meow:-D",yalru lyfu astne chikku bt innu mundhe lyf ali halla ke bilo marriageprogram edhae lyf nt yet ovr chikkuali vargu lyfu meow meowd,0
ham,Kinda. First one gets in at twelve! Aah. Speak tomo,kinda first one get twelve aah speak tomo,0
spam,"09066362231 URGENT! Your mobile No 07xxxxxxxxx won a å£2,000 bonus caller prize on 02/06/03! this is the 2nd attempt to reach YOU! call 09066362231 ASAP!",urgent mobile xxxxxxxxx bonus caller prize nd attempt reach call asap,1
ham,Ok good then i later come find Ì_... C lucky i told Ì_ to go earlier... Later pple take finish Ì_ no more again...,ok good later come find c lucky told go earlier later pple take finish,0
ham,Wat makes u thk i'll fall down. But actually i thk i'm quite prone 2 falls. Lucky my dad at home i ask him come n fetch me already.,wat make u thk ill fall actually thk im quite prone fall lucky dad home ask come n fetch already,0
spam,"YOU 07801543489 are guaranteed the latests Nokia Phone, a 40GB iPod MP3 player or a å£500 prize! Txt word:COLLECT to No:83355! TC-LLC NY-USA 150p/Mt msgrcvd18+",guaranteed latest nokia phone gb ipod mp player prize txt wordcollect tcllc nyusa pmt msgrcvd,1
ham,I wont touch you with out your permission.,wont touch permission,0
spam,Hi its LUCY Hubby at meetins all day Fri & I will B alone at hotel U fancy cumin over? Pls leave msg 2day 09099726395 Lucy x Callså£1/minMobsmoreLKPOBOX177HP51FL,hi lucy hubby meetins day fri b alone hotel u fancy cumin pls leave msg day lucy x callsminmobsmorelkpoboxhpfl,1
ham,"7 wonders in My WORLD 7th You 6th Ur style 5th Ur smile 4th Ur Personality 3rd Ur Nature 2nd Ur SMS and 1st \Ur Lovely Friendship\""... good morning dear""",wonder world th th ur style th ur smile th ur personality rd ur nature nd ur sm st ur lovely friendship good morning dear,0
ham,Take some small dose tablet for fever,take small dose tablet fever,0
ham,Oh. U must have taken your REAL Valentine out shopping first.,oh u must taken real valentine shopping first,0
ham,"Just sent you an email ÛÒ to an address with incomm in it, is that right?",sent email address incomm right,0
ham,"Will do, you gonna be at blake's all night? I might be able to get out of here a little early",gonna blake night might able get little early,0
ham,"Friendship is not a game to play, It is not a word to say, It doesn\'t start on March and ends on May, It is tomorrow, yesterday, today and e",friendship game play word say doesnt start march end may tomorrow yesterday today e,0
ham,"Nice. Wait...should you be texting right now? I'm not gonna pay your ticket, ya know!",nice waitshould texting right im gonna pay ticket ya know,0
ham,I'm watching lotr w my sis dis aft. So u wan 2 meet me 4 dinner at nite a not?,im watching lotr w si dis aft u wan meet dinner nite,0
ham,Why you keeping me away like this,keeping away like,0
ham,I think its far more than that but find out. Check google maps for a place from your dorm.,think far find check google map place dorm,0
ham,My trip was ok but quite tiring lor. Uni starts today but it's ok 4 me cos i'm not taking any modules but jus concentrating on my final yr project.,trip ok quite tiring lor uni start today ok co im taking module jus concentrating final yr project,0
ham,Have you always been saying welp?,always saying welp,0
ham,"I'm a guy, browsin is compulsory",im guy browsin compulsory,0
ham,Purity of friendship between two is not about smiling after reading the forwarded message..Its about smiling just by seeing the name. Gud evng musthu,purity friendship two smiling reading forwarded messageits smiling seeing name gud evng musthu,0
ham,"(I should add that I don't really care and if you can't I can at least get this dude to fuck off but hey, your money if you want it)",add dont really care cant least get dude fuck hey money want,0
ham,"Hello lover! How goes that new job? Are you there now? Are you happy? Do you think of me? I wake, my slave and send you a teasing kiss from across the sea",hello lover go new job happy think wake slave send teasing kiss across sea,0
ham,I told your number to gautham..,told number gautham,0
ham,Tell them no need to investigate about me anywhere.,tell need investigate anywhere,0
ham,Ok i juz receive..,ok juz receive,0
ham,"Cant believe i said so many things to you this morning when all i really wanted to say was good morning, i love you! Have a beautiful morning. See you in the library later.",cant believe said many thing morning really wanted say good morning love beautiful morning see library later,0
spam,"Your account has been credited with 500 FREE Text Messages. To activate, just txt the word: CREDIT to No: 80488 T&Cs www.80488.biz",account credited free text message activate txt word credit tc,1
ham,In the end she might still vomit but its okay. Not everything will come out.,end might still vomit okay everything come,0
ham,How are you with moneY...as in to you...money aint a thing....how are you sha!,moneyas youmoney aint thinghow sha,0
ham,It has everything to do with the weather. Keep extra warm. Its a cold but nothing serious. Pls lots of vitamin c,everything weather keep extra warm cold nothing serious pls lot vitamin c,0
ham,Hey gals.. Anyone of u going down to e driving centre tmr?,hey gal anyone u going e driving centre tmr,0
ham,I'm always on yahoo messenger now. Just send the message to me and i.ll get it you may have to send it in the mobile mode sha but i.ll get it. And will reply.,im always yahoo messenger send message ill get may send mobile mode sha ill get reply,0
ham,I'm putting it on now. It should be ready for  &lt;TIME&gt; ,im putting ready lttimegt,0
ham,"Time n Smile r the two crucial things in our life. Sometimes time makes us to forget smile, and sometimes someone's smile makes us to forget time gud noon",time n smile r two crucial thing life sometimes time make u forget smile sometimes someone smile make u forget time gud noon,0
spam,"SMS. ac JSco: Energy is high, but u may not know where 2channel it. 2day ur leadership skills r strong. Psychic? Reply ANS w/question. End? Reply END JSCO",sm ac jsco energy high u may know channel day ur leadership skill r strong psychic reply an wquestion end reply end jsco,1
ham,Host-based IDPS for linux systems.,hostbased idp linux system,0
spam,"HOT LIVE FANTASIES call now 08707509020 Just 20p per min NTT Ltd, PO Box 1327 Croydon CR9 5WB 0870 is a national rate call",hot live fantasy call p per min ntt ltd po box croydon cr wb national rate call,1
ham,Don no da:)whats you plan?,dawhats plan,0
ham,Ill be there on  &lt;#&gt;  ok.,ill ltgt ok,0
ham,Oh my God. I'm almost home,oh god im almost home,0
ham,Total video converter free download type this in google search:),total video converter free download type google search,0
spam,Thanks for the Vote. Now sing along with the stars with Karaoke on your mobile. For a FREE link just reply with SING now.,thanks vote sing along star karaoke mobile free link reply sing,1
ham,Sounds like something that someone testing me would sayy,sound like something someone testing would sayy,0
ham,When u love someone Dont make them to love u as much as u do. But Love them so much that they dont want to be loved by anyone except you... Gud nit.,u love someone dont make love u much u love much dont want loved anyone except gud nit,0
ham,"Pete,is this your phone still? Its Jenny from college and Leanne.what are you up to now?:)",peteis phone still jenny college leannewhat,0
ham,Oops sorry. Just to check that you don't mind picking me up tomo at half eight from station. Would that be ok?,oops sorry check dont mind picking tomo half eight station would ok,0
ham,"Hey sweet, I was wondering when you had a moment if you might come to me ? I want to send a file to someone but it won't go over yahoo for them because their connection sucks, remember when you set up that page for me to go to and download the format disc ? Could you tell me how to do that ? Or do you know some other way to download big files ? Because they can download stuff directly from the internet. Any help would be great, my prey ... *teasing kiss*",hey sweet wondering moment might come want send file someone wont go yahoo connection suck remember set page go download format disc could tell know way download big file download stuff directly internet help would great prey teasing kiss,0
ham,Hows the champ just leaving glasgow!,hows champ leaving glasgow,0
ham,K:)all the best:)congrats...,kall bestcongrats,0
ham,I wonder if you'll get this text?,wonder youll get text,0
ham,I need to come home and give you some good lovin...,need come home give good lovin,0
spam,Our brand new mobile music service is now live. The free music player will arrive shortly. Just install on your phone to browse content from the top artists.,brand new mobile music service live free music player arrive shortly install phone browse content top artist,1
ham,Shall i ask one thing if you dont mistake me.,shall ask one thing dont mistake,0
ham,Check wid corect speling i.e. Sarcasm,check wid corect speling ie sarcasm,0
spam,"URGENT! Your Mobile No was awarded a å£2,000 Bonus Caller Prize on 1/08/03! This is our 2nd attempt to contact YOU! Call 0871-4719-523 BOX95QU BT National Rate",urgent mobile awarded bonus caller prize nd attempt contact call boxqu bt national rate,1
ham,Are you angry with me. What happen dear,angry happen dear,0
ham,I thk u dun haf 2 hint in e forum already lor... Cos i told ron n darren is going 2 tell shuhui.,thk u dun haf hint e forum already lor co told ron n darren going tell shuhui,0
ham,Yup ok thanx...,yup ok thanx,0
ham,Hi:)cts employee how are you?,hicts employee,0
ham,Pls pls find out from aunt nike.,pls pls find aunt nike,0
ham,"Wow ... I love you sooo much, you know ? I can barely stand it ! I wonder how your day goes and if you are well, my love ... I think of you and miss you",wow love sooo much know barely stand wonder day go well love think miss,0
ham,No screaming means shouting..,screaming mean shouting,0
ham,Hey what happen de. Are you alright.,hey happen de alright,0
ham,Should I have picked up a receipt or something earlier,picked receipt something earlier,0
ham,I think chennai well settled?,think chennai well settled,0
ham,Oh dang! I didn't mean o send that to you! Lol!,oh dang didnt mean send lol,0
ham,Unfortunately i've just found out that we have to pick my sister up from the airport that evening so don't think i'll be going out at all. We should try to go out one of th,unfortunately ive found pick sister airport evening dont think ill going try go one th,0
ham,Horrible bf... I now v hungry...,horrible bf v hungry,0
ham,Remember on that day..,remember day,0
spam,You have won a Nokia 7250i. This is what you get when you win our FREE auction. To take part send Nokia to 86021 now. HG/Suite342/2Lands Row/W1JHL 16+,nokia get win free auction take part send nokia hgsuitelands rowwjhl,1
ham,How's it feel? Mr. Your not my real Valentine just my yo Valentine even tho u hardly play!!,hows feel mr real valentine yo valentine even tho u hardly play,0
ham,All sounds good. Fingers . Makes it difficult to type,sound good finger make difficult type,0
ham,Midnight at the earliest,midnight earliest,0
ham,You're not sure that I'm not trying to make xavier smoke because I don't want to smoke after being told I smoke too much?,youre sure im trying make xavier smoke dont want smoke told smoke much,0
ham,K come to nordstrom when you're done,k come nordstrom youre done,0
ham,Do u konw waht is rael FRIENDSHIP Im gving yuo an exmpel: Jsut ese tihs msg.. Evrey splleing of tihs msg is wrnog.. Bt sitll yuo can raed it wihtuot ayn mitsake.. GOODNIGHT &amp; HAVE A NICE SLEEP..SWEET DREAMS..,u konw waht rael friendship im gving yuo exmpel jsut ese tihs msg evrey splleing tihs msg wrnog bt sitll yuo raed wihtuot ayn mitsake goodnight amp nice sleepsweet dream,0
ham,Now press conference da:),press conference da,0
spam,"Hello from Orange. For 1 month's free access to games, news and sport, plus 10 free texts and 20 photo messages, reply YES. Terms apply: www.orange.co.uk/ow",hello orange month free access game news sport plus free text photo message reply yes term apply,1
ham,After completed degree. There is no use in joining finance.,completed degree use joining finance,0
ham,"Good afternoon, my love ! Any job prospects ? Are you missing me ? What do you do ? Are you being lazy and bleak, hmmm ? Or happy and filled with my love ?",good afternoon love job prospect missing lazy bleak hmmm happy filled love,0
ham,Shant disturb u anymore... Jia you...,shant disturb u anymore jia,0
ham,Bishan lar nearer... No need buy so early cos if buy now i gotta park my car...,bishan lar nearer need buy early co buy gotta park car,0
ham,"Me, i dont know again oh",dont know oh,0
ham,Dude sux for snake. He got old and raiden got buff,dude sux snake got old raiden got buff,0
ham,He says hi and to get your ass back to south tampa (preferably at a kegger),say hi get as back south tampa preferably kegger,0
ham,In e msg jus now. U said thanks for gift.,e msg jus u said thanks gift,0
ham,U too...,u,0
ham,Ok how you dear. Did you call chechi,ok dear call chechi,0
ham,Yeah we do totes. When u wanna?,yeah tote u wanna,0
ham,Ok i found dis pierre cardin one which looks normal costs 20 its on sale.,ok found dis pierre cardin one look normal cost sale,0
ham,Good sleep is about rhythm. The person has to establish a rhythm that the body will learn and use. If you want to know more :-),good sleep rhythm person establish rhythm body learn use want know,0
ham,Wat r u doing?,wat r u,0
ham,Message from . I am at Truro Hospital on ext. You can phone me here. as I have a phone by my side,message truro hospital ext phone phone side,0
ham,"Single line with a big meaning::::: \Miss anything 4 ur \""Best Life\"" but",single line big meaning miss anything ur best life,0
ham,"Just got some gas money, any chance you and the gang want to go on a grand nature adventure?",got gas money chance gang want go grand nature adventure,0
ham,Dnt worry...use ice pieces in a cloth pack.also take 2 tablets.,dnt worryuse ice piece cloth packalso take tablet,0
ham,Dude just saw a parked car with its sunroof popped up. Sux,dude saw parked car sunroof popped sux,0
ham,Get ready to put on your excellent sub face :),get ready put excellent sub face,0
ham,Tmrw. Im finishing 9 doors,tmrw im finishing door,0
ham,"The  &lt;#&gt; g that i saw a few days ago, the guy wants sell wifi only for  &lt;#&gt;  and with 3g for  &lt;#&gt; . That's why i blanked him.",ltgt g saw day ago guy want sell wifi ltgt g ltgt thats blanked,0
ham,I am late. I will be there at,late,0
ham,"whatever, im pretty pissed off.",whatever im pretty pissed,0
ham,I dont have that much image in class.,dont much image class,0
ham,No:-)i got rumour that you going to buy apartment in chennai:-),noi got rumour going buy apartment chennai,0
ham,Near kalainar tv office.thenampet,near kalainar tv officethenampet,0
spam,Ur cash-balance is currently 500 pounds - to maximize ur cash-in now send GO to 86688 only 150p/msg. CC 08718720201 HG/Suite342/2Lands Row/W1J6HL,ur cashbalance currently pound maximize ur cashin send go pmsg cc hgsuitelands rowwjhl,1
spam,SMS AUCTION - A BRAND NEW Nokia 7250 is up 4 auction today! Auction is FREE 2 join & take part! Txt NOKIA to 86021 now! HG/Suite342/2Lands Row/W1J6HL,sm auction brand new nokia auction today auction free join take part txt nokia hgsuitelands rowwjhl,1
ham,My sis is catching e show in e afternoon so i'm not watching w her. So c u wan 2 watch today or tmr lor.,si catching e show e afternoon im watching w c u wan watch today tmr lor,0
ham,"Sounds gd... Haha... Can... Wah, u yan jiu so fast liao...",sound gd haha wah u yan jiu fast liao,0
ham,No. To be nosy I guess. Idk am I over reacting if I'm freaked?,nosy guess idk reacting im freaked,0
ham,"Remember all those whom i hurt during days of satanic imposter in me.need to pay a price,so be it.may destiny keep me going and as u said pray that i get the mind to get over the same.",remember hurt day satanic imposter meneed pay priceso itmay destiny keep going u said pray get mind get,0
ham,How to Make a girl Happy? It's not at all difficult to make girls happy. U only need to be... 1. A friend 2. Companion 3. Lover 4. Chef . . .  &lt;#&gt; . Good listener  &lt;#&gt; . Organizer  &lt;#&gt; . Good boyfriend  &lt;#&gt; . Very clean  &lt;#&gt; . Sympathetic  &lt;#&gt; . Athletic  &lt;#&gt; . Warm . . .  &lt;#&gt; . Courageous  &lt;#&gt; . Determined  &lt;#&gt; . True  &lt;#&gt; . Dependable  &lt;#&gt; . Intelligent . . .  &lt;#&gt; . Psychologist  &lt;#&gt; . Pest exterminator  &lt;#&gt; . Psychiatrist  &lt;#&gt; . Healer . .  &lt;#&gt; . Stylist  &lt;#&gt; . Driver . . Aaniye pudunga venaam..,make girl happy difficult make girl happy u need friend companion lover chef ltgt good listener ltgt organizer ltgt good boyfriend ltgt clean ltgt sympathetic ltgt athletic ltgt warm ltgt courageous ltgt determined ltgt true ltgt dependable ltgt intelligent ltgt psychologist ltgt pest exterminator ltgt psychiatrist ltgt healer ltgt stylist ltgt driver aaniye pudunga venaam,0
ham,"Why is that, princess? I bet the brothas are all chasing you!",princess bet brothas chasing,0
ham,"I shall book chez jules for half eight, if that's ok with you?",shall book chez jules half eight thats ok,0
ham,Hhahhaahahah rofl wtf nig was leonardo in your room or something,hhahhaahahah rofl wtf nig leonardo room something,0
ham,"Yep, at derek's house now, see you Sunday &lt;3",yep dereks house see sunday lt,0
ham,"It's cool, let me know before it kicks off around  &lt;#&gt; , I'll be out and about all day",cool let know kick around ltgt ill day,0
ham,I was wondering if it would be okay for you to call uncle john and let him know that things are not the same in nigeria as they r here. That  &lt;#&gt;  dollars is 2years sent and that you know its a strain but i plan to pay back every dime he gives. Every dime so for me to expect anything from you is not practical. Something like that.,wondering would okay call uncle john let know thing nigeria r ltgt dollar year sent know strain plan pay back every dime give every dime expect anything practical something like,0
ham,There are no other charges after transfer charges and you can withdraw anyhow you like,charge transfer charge withdraw anyhow like,0
ham,"Dont search love, let love find U. Thats why its called falling in love, bcoz U dont force yourself, U just fall and U know there is smeone to hold U... BSLVYL",dont search love let love find u thats called falling love bcoz u dont force u fall u know smeone hold u bslvyl,0
ham,At 4. Let's go to bill millers,let go bill miller,0
ham,I love you. You set my soul on fire. It is not just a spark. But it is a flame. A big rawring flame. XoXo,love set soul fire spark flame big rawring flame xoxo,0
ham,"Somewhr someone is surely made 4 u. And God has decided a perfect time to make u meet dat person. . . . till den, . . . . . Enjoy ur crushes..!!!;-)",somewhr someone surely made u god decided perfect time make u meet dat person till den enjoy ur crush,0
ham,That's my honeymoon outfit. :),thats honeymoon outfit,0
ham,Will it help if we propose going back again tomorrow,help propose going back tomorrow,0
ham,Never blame a day in ur life. Good days give u happiness. Bad days give u experience. Both are essential in life! All are Gods blessings! good morning.:,never blame day ur life good day give u happiness bad day give u experience essential life god blessing good morning,0
ham,Pls confirm the time to collect the cheque.,pls confirm time collect cheque,0
spam,As a Registered Subscriber yr draw 4 a å£100 gift voucher will b entered on receipt of a correct ans. When are the next olympics. Txt ans to 80062,registered subscriber yr draw gift voucher b entered receipt correct an next olympics txt an,1
spam,URGENT! Your Mobile number has been awarded with a å£2000 prize GUARANTEED. Call 09061790121 from land line. Claim 3030. Valid 12hrs only 150ppm,urgent mobile number awarded prize guaranteed call land line claim valid hr ppm,1
ham,Daddy will take good care of you :),daddy take good care,0
ham,"Yeah probably, I still gotta check out with leo",yeah probably still gotta check leo,0
ham,K.then any other special?,kthen special,0
ham,Carlos is taking his sweet time as usual so let me know when you and patty are done/want to smoke and I'll tell him to haul ass,carlos taking sweet time usual let know patty donewant smoke ill tell haul as,0
ham,Ok pa. Nothing problem:-),ok pa nothing problem,0
ham,Have you heard about that job? I'm going to that wildlife talk again tonight if u want2come. Its that2worzels and a wizzle or whatever it is?! ,heard job im going wildlife talk tonight u wantcome thatworzels wizzle whatever,0
ham,"God picked up a flower and dippeditinaDEW, lovingly touched itwhichturnedinto u, and the he gifted tomeandsaid,THIS FRIEND IS 4U",god picked flower dippeditinadew lovingly touched itwhichturnedinto u gifted tomeandsaidthis friend u,0
ham,When you came to hostel.,came hostel,0
ham,Ok no prob... I'll come after lunch then...,ok prob ill come lunch,0
ham,Jus telling u dat i'll b leaving 4 shanghai on 21st instead so we'll haf more time 2 meet up cya...,jus telling u dat ill b leaving shanghai st instead well haf time meet cya,0
ham,Are your freezing ? Are you home yet ? Will you remember to kiss your mom in the morning? Do you love me ? Do you think of me ? Are you missing me yet ?,freezing home yet remember kiss mom morning love think missing yet,0
ham,You all ready for * big day tomorrow?,ready big day tomorrow,0
ham,I'll probably be around mu a lot,ill probably around mu lot,0
spam,RT-KIng Pro Video Club>> Need help? info@ringtoneking.co.uk or call 08701237397 You must be 16+ Club credits redeemable at www.ringtoneking.co.uk! Enjoy!,rtking pro video club need help inforingtonekingcouk call must club credit redeemable enjoy,1
ham,Thnx dude. u guys out 2nite?,thnx dude u guy nite,0
ham,Me sef dey laugh you. Meanwhile how's my darling anjie!,sef dey laugh meanwhile hows darling anjie,0
ham,Mm i had my food da from out,mm food da,0
ham,"K, makes sense, btw carlos is being difficult so you guys are gonna smoke while I go pick up the second batch and get gas",k make sense btw carlos difficult guy gonna smoke go pick second batch get gas,0
ham,Did u download the fring app?,u download fring app,0
ham,The 2 oz guy is being kinda flaky but one friend is interested in picking up $ &lt;#&gt;  worth tonight if possible,oz guy kinda flaky one friend interested picking ltgt worth tonight possible,0
ham,Friends that u can stay on fb chat with,friend u stay fb chat,0
ham,"Fuck babe, I miss you sooooo much !! I wish you were here to sleep with me ... My bed is so lonely ... I go now, to sleep ... To dream of you, my love ...",fuck babe miss sooooo much wish sleep bed lonely go sleep dream love,0
ham,"Living is very simple.. Loving is also simple.. Laughing is too simple.. Winning is tooo simple.. But, being 'SIMPLE' is very difficult.. Gud nte.:-",living simple loving also simple laughing simple winning tooo simple simple difficult gud nte,0
ham,"Ah, well that confuses things, doesnÛ÷t it?",ah well confuses thing doesnt,0
spam,500 free text msgs. Just text ok to 80488 and we'll credit your account,free text msg text ok well credit account,1
ham,Hi Dear Call me its urgnt. I don't know whats your problem. You don't want to work or if you have any other problem at least tell me. Wating for your reply.,hi dear call urgnt dont know whats problem dont want work problem least tell wating reply,0
ham,Dear how you. Are you ok?,dear ok,0
spam,"You have been selected to stay in 1 of 250 top British hotels - FOR NOTHING! Holiday Worth å£350! To Claim, Call London 02072069400. Bx 526, SW73SS",selected stay top british hotel nothing holiday worth claim call london bx swss,1
ham,Yes princess! I want to make you happy...,yes princess want make happy,0
ham,Sounds like you have many talents! would you like to go on a dinner date next week?,sound like many talent would like go dinner date next week,0
ham,I am going to film 2day da. At 6pm. Sorry da.,going film day da pm sorry da,0
ham,We not watching movie already. Xy wants 2 shop so i'm shopping w her now.,watching movie already xy want shop im shopping w,0
ham,Hello my little party animal! I just thought I'd buzz you as you were with your friends ...*grins*... Reminding you were loved and send a naughty adoring kiss,hello little party animal thought id buzz friend grin reminding loved send naughty adoring kiss,0
ham,Yesterday its with me only . Now am going home.,yesterday going home,0
spam,"Eerie Nokia tones 4u, rply TONE TITLE to 8007 eg TONE DRACULA to 8007 Titles: GHOST, ADDAMSFA, MUNSTERS, EXORCIST, TWILIGHT www.getzed.co.uk POBox36504W45WQ 150p",eerie nokia tone u rply tone title eg tone dracula title ghost addamsfa munsters exorcist twilight poboxwwq p,1
ham,"You have come into my life and brought the sun ..Shiny down on me, warming my heart. Putting a constant smile on my face ... Making me feel loved and cared for",come life brought sun shiny warming heart putting constant smile face making feel loved cared,0
ham,"No shit, but I wasn't that surprised, so I went and spent the evening with that french guy I met in town here and we fooled around a bit but I didn't let him fuck me",shit wasnt surprised went spent evening french guy met town fooled around bit didnt let fuck,0
spam,"0A$NETWORKS allow companies to bill for SMS, so they are responsible for their \suppliers\""",anetworks allow company bill sm responsible supplier,1
ham,Great comedy..cant stop laughing da:),great comedycant stop laughing da,0
spam,FreeMsg:Feelin kinda lnly hope u like 2 keep me company! Jst got a cam moby wanna c my pic?Txt or reply DATE to 82242 Msg150p 2rcv Hlp 08712317606 stop to 82242,freemsgfeelin kinda lnly hope u like keep company jst got cam moby wanna c pictxt reply date msgp rcv hlp stop,1
ham,"Alright, we're all set here, text the man",alright set text man,0
ham,"Hi , where are you? We're at  and they're not keen to go out i kind of am but feel i shouldn't so can we go out tomo, don't mind do you?",hi theyre keen go kind feel shouldnt go tomo dont mind,0
ham,Sleeping nt feeling well,sleeping nt feeling well,0
ham,U WILL SWITCH YOUR FONE ON DAMMIT!!,u switch fone dammit,0
ham,India have to take lead:),india take lead,0
ham,I.ll post her out l8r. In class,ill post lr class,0
ham,Thts wat Wright Brother did to fly..,thts wat wright brother fly,0
ham,"Evening * v good if somewhat event laden. Will fill you in, don't you worry Û_ Head * ok but throat * wrecked. See you at six then!",evening v good somewhat event laden fill dont worry head ok throat wrecked see six,0
ham,If u laugh really loud.. If u talk spontaneously.. If u dont care what others feel.. U are probably with your dear &amp; best friends.. GOODEVENING Dear..:),u laugh really loud u talk spontaneously u dont care others feel u probably dear amp best friend goodevening dear,0
ham,ITS A LAPTOP TAKE IT WITH YOU.,laptop take,0
ham,I dont have any of your file in my bag..i was in work when you called me.i 'll tell you if i find anything in my room.,dont file bagi work called mei tell find anything room,0
ham,I wan but too early lei... Me outside now wun b home so early... Neva mind then...,wan early lei outside wun b home early neva mind,0
spam,"For ur chance to win a å£250 cash every wk TXT: ACTION to 80608. T's&C's www.movietrivia.tv custcare 08712405022, 1x150p/wk",ur chance win cash every wk txt action tscs custcare xpwk,1
ham,I was at bugis juz now wat... But now i'm walking home oredi... ÌÏ so late then reply... I oso saw a top dat i like but din buy... Where r Ì_ now? ,bugis juz wat im walking home oredi late reply oso saw top dat like din buy r,0
ham,At 7 we will go ok na.,go ok na,0
ham,Yes I posted a couple of pics on fb. There's still snow outside too. I'm just waking up :),yes posted couple pic fb there still snow outside im waking,0
ham,S:-)if we have one good partnership going we will take lead:),sif one good partnership going take lead,0
spam,RGENT! This is the 2nd attempt to contact U!U have WON å£1250 CALL 09071512433 b4 050703 T&CsBCM4235WC1N3XX. callcost 150ppm mobilesvary. maxå£7. 50,rgent nd attempt contact uu call b tcsbcmwcnxx callcost ppm mobilesvary max,1
ham,"Yeah, where's your class at?",yeah wheres class,0
ham,No just send to you. Bec you in temple na.,send bec temple na,0
ham,"You aren't coming home between class, right? I need to work out and shower!",arent coming home class right need work shower,0
spam,Hi if ur lookin 4 saucy daytime fun wiv busty married woman Am free all next week Chat now 2 sort time 09099726429 JANINExx Callså£1/minMobsmoreLKPOBOX177HP51FL,hi ur lookin saucy daytime fun wiv busty married woman free next week chat sort time janinexx callsminmobsmorelkpoboxhpfl,1
ham,S but mostly not like that.,mostly like,0
ham,ÌÏ v ma fan...,v fan,0
ham,Dunno cos i was v late n when i reach they inside already... But we ate spageddies lor... It's e gals who r laughing at me lor...,dunno co v late n reach inside already ate spageddies lor e gal r laughing lor,0
ham,Guess who spent all last night phasing in and out of the fourth dimension,guess spent last night phasing fourth dimension,0
ham,So now my dad is gonna call after he gets out of work and ask all these crazy questions.,dad gonna call get work ask crazy question,0
ham,"Yes..but they said its IT.,",yesbut said,0
ham,Very hurting n meaningful lines ever: \I compromised everything for my love,hurting n meaningful line ever compromised everything love,0
ham,Lmao!nice 1,lmaonice,0
ham,Glad to see your reply.,glad see reply,0
spam,URGENT! We are trying to contact U. Todays draw shows that you have won a å£800 prize GUARANTEED. Call 09050001295 from land line. Claim A21. Valid 12hrs only,urgent trying contact u today draw show prize guaranteed call land line claim valid hr,1
spam,Monthly password for wap. mobsi.com is 391784. Use your wap phone not PC.,monthly password wap mobsicom use wap phone pc,1
ham,Nah dub but je still buff,nah dub je still buff,0
ham,Painful words- \I thought being Happy was the most toughest thing on Earth... But,painful word thought happy toughest thing earth,0
ham,"Yeah, that's fine! It's å£6 to get in, is that ok? ",yeah thats fine get ok,0
ham,Lol where do u come up with these ideas?,lol u come idea,0
ham,"So many people seems to be special at first sight, But only very few will remain special to you till your last sight.. Maintain them till life ends.. Sh!jas",many people seems special first sight remain special till last sight maintain till life end shjas,0
ham,Okay... We wait ah,okay wait ah,0
ham,Y lei?,lei,0
ham,HI BABE U R MOST LIKELY TO BE IN BED BUT IM SO SORRY ABOUT TONIGHT! I REALLY WANNA SEE U TOMORROW SO CALL ME AT 9. LOVE ME XXX,hi babe u r likely bed im sorry tonight really wanna see u tomorrow call love xxx,0
ham,Already am squatting is the new way of walking,already squatting new way walking,0
ham,Do you want bold 2 or bb torch,want bold bb torch,0
ham,Cramps stopped. Going back to sleep,cramp stopped going back sleep,0
spam,todays vodafone numbers ending with 0089(my last four digits) are selected to received a å£350 award. If your number matches please call 09063442151 to claim your å£350 award,today vodafone number ending last four digit selected received award number match please call claim award,1
spam,Free Top ringtone -sub to weekly ringtone-get 1st week free-send SUBPOLY to 81618-?3 per week-stop sms-08718727870,free top ringtone sub weekly ringtoneget st week freesend subpoly per weekstop sm,1
ham,Nan sonathaya soladha. Why boss?,nan sonathaya soladha bos,0
ham,Bring tat cd don forget,bring tat cd forget,0
ham,I don't know but I'm raping dudes at poker,dont know im raping dude poker,0
ham,Weightloss! No more girl friends. Make loads of money on ebay or something. And give thanks to God.,weightloss girl friend make load money ebay something give thanks god,0
ham,Was gr8 to see that message. So when r u leaving? Congrats dear. What school and wat r ur plans.,gr see message r u leaving congrats dear school wat r ur plan,0
ham,ÌÏ eatin later but i'm eatin wif my frens now lei... ÌÏ going home first? ,eatin later im eatin wif frens lei going home first,0
ham,Finish already... Yar they keep saying i mushy... I so embarrassed ok...,finish already yar keep saying mushy embarrassed ok,0
ham,"Sorry man, my stash ran dry last night and I can't pick up more until sunday",sorry man stash ran dry last night cant pick sunday,0
ham,Hai priya are you right. What doctor said pa. Where are you.,hai priya right doctor said pa,0
spam,"Free msg. Sorry, a service you ordered from 81303 could not be delivered as you do not have sufficient credit. Please top up to receive the service.",free msg sorry service ordered could delivered sufficient credit please top receive service,1
ham,Please ask mummy to call father,please ask mummy call father,0
ham,Can come my room but cannot come my house cos my house still messy... Haha...,come room cannot come house co house still messy haha,0
ham,I have lost 10 kilos as of today!,lost kilo today,0
ham,Just taste fish curry :-P,taste fish curry p,0
ham,What can i do? Might accidant tookplace between somewhere ghodbandar rd. Traffic moves slovely. So plz slip &amp; don't worry.,might accidant tookplace somewhere ghodbandar rd traffic move slovely plz slip amp dont worry,0
ham,Yun ah.now Ì_ wkg where?btw if Ì_ go nus sc. ÌÏ wana specialise in wad?,yun ahnow wkg wherebtw go nu sc wana specialise wad,0
ham,Yes! I am a one woman man! Please tell me your likes and dislikes in bed...,yes one woman man please tell like dislike bed,0
ham,Was doing my test earlier. I appreciate you. Will call you tomorrow.,test earlier appreciate call tomorrow,0
ham,"How's my loverboy doing ? What does he do that keeps him from coming to his Queen, hmmm ? Doesn't he ache to speak to me ? Miss me desparately ?",hows loverboy keep coming queen hmmm doesnt ache speak miss desparately,0
ham,U meet other fren dun wan meet me ah... Muz b a guy rite...,u meet fren dun wan meet ah muz b guy rite,0
ham,"(No promises on when though, haven't even gotten dinner yet)",promise though havent even gotten dinner yet,0
ham,I got your back! Do you have any dislikes in bed?,got back dislike bed,0
ham,o turns out i had stereo love on mi phone under the unknown album.,turn stereo love mi phone unknown album,0
spam,Hard LIVE 121 chat just 60p/min. Choose your girl and connect LIVE. Call 09094646899 now! Cheap Chat UK's biggest live service. VU BCM1896WC1N3XX,hard live chat pmin choose girl connect live call cheap chat uk biggest live service vu bcmwcnxx,1
ham,Yeah I don't see why not,yeah dont see,0
ham,Asking do u knw them or nt? May be ur frnds or classmates?,asking u knw nt may ur frnds classmate,0
ham,"Sorry about earlier. Putting out fires.Are you around to talk after 9? Or do you actually have a life, lol!",sorry earlier putting firesare around talk actually life lol,0
spam,WOW! The Boys R Back. TAKE THAT 2007 UK Tour. Win VIP Tickets & pre-book with VIP Club. Txt CLUB to 81303. Trackmarque Ltd info@vipclub4u.,wow boy r back take uk tour win vip ticket prebook vip club txt club trackmarque ltd infovipclubu,1
ham,"As in missionary hook up, doggy hook up, standing...|",missionary hook doggy hook standing,0
ham,Then u better go sleep.. Dun disturb u liao.. U wake up then msg me lor..,u better go sleep dun disturb u liao u wake msg lor,0
ham,Am watching house ÛÒ very entertaining ÛÒ am getting the whole hugh laurie thing ÛÒ even with the stick ÛÒ indeed especially with the stick.,watching house entertaining getting whole hugh laurie thing even stick indeed especially stick,0
ham,Thought praps you meant another one. Goodo! I'll look tomorrow ,thought praps meant another one goodo ill look tomorrow,0
ham,"Hi Jon, Pete here, Ive bin 2 Spain recently & hav sum dinero left, Bill said u or ur åÔrents mayb interested in it, I hav 12,000pes, so around å£48, tb, James.",hi jon pete ive bin spain recently hav sum dinero left bill said u ur rent mayb interested hav pe around tb james,0
ham,There bold 2  &lt;#&gt; . Is that yours,bold ltgt,0
ham,You know there is. I shall speak to you in  &lt;#&gt;  minutes then,know shall speak ltgt minute,0
ham,"\ALRITE HUNNY!WOT U UP 2 2NITE? DIDNT END UP GOIN DOWN TOWN JUS DA PUB INSTEAD! JUS CHILLIN AT DA MO IN ME BEDROOM!LOVE JEN XXX.\""""",alrite hunnywot u nite didnt end goin town jus da pub instead jus chillin da mo bedroomlove jen xxx,0
ham,I went to project centre,went project centre,0
ham,As per your request 'Maangalyam (Alaipayuthe)' has been set as your callertune for all Callers. Press *9 to copy your friends Callertune,per request maangalyam alaipayuthe set callertune caller press copy friend callertune,0
ham,Lol yeah at this point I guess not,lol yeah point guess,0
ham,Doing project w frens lor. ,project w frens lor,0
ham,Lol. Well quality aint bad at all so i aint complaining,lol well quality aint bad aint complaining,0
ham,"K, can that happen tonight?",k happen tonight,0
spam,"Hi, this is Mandy Sullivan calling from HOTMIX FM...you are chosen to receive å£5000.00 in our Easter Prize draw.....Please telephone 09041940223 to claim before 29/03/05 or your prize will be transferred to someone else....",hi mandy sullivan calling hotmix fmyou chosen receive easter prize drawplease telephone claim prize transferred someone else,1
ham,"I think we're going to finn's now, come",think going finn come,0
ham,Why tired what special there you had,tired special,0
ham,I will come tomorrow di,come tomorrow di,0
ham,K go and sleep well. Take rest:-).,k go sleep well take rest,0
ham,U guys never invite me anywhere :(,u guy never invite anywhere,0
spam,UR GOING 2 BAHAMAS! CallFREEFONE 08081560665 and speak to a live operator to claim either Bahamas cruise ofå£2000 CASH 18+only. To opt out txt X to 07786200117,ur going bahamas callfreefone speak live operator claim either bahamas cruise cash opt txt x,1
ham,I can do that! I want to please you both inside and outside the bedroom...,want please inside outside bedroom,0
ham,"\EY! CALM DOWNON THEACUSATIONS.. ITXT U COS IWANA KNOW WOTU R DOIN AT THEW/END... HAVENTCN U IN AGES..RING ME IF UR UP4 NETHING SAT.LOVE J XXX.\""""",ey calm downon theacusations itxt u co iwana know wotu r doin thewend haventcn u agesring ur nething satlove j xxx,0
ham,I love to wine and dine my lady!,love wine dine lady,0
spam,Someone has conacted our dating service and entered your phone because they fancy you!To find out who it is call from landline 09111030116. PoBox12n146tf15,someone conacted dating service entered phone fancy youto find call landline poboxntf,1
ham,"IåÕm cool ta luv but v.tired 2 cause i have been doin loads of planning all wk, we have got our social services inspection at the nursery! Take care & spk sn x.",im cool ta luv vtired cause doin load planning wk got social service inspection nursery take care spk sn x,0
ham,I don know account details..i will ask my mom and send you.my mom is out of reach now.,know account detailsi ask mom send youmy mom reach,0
ham,I think u have the wrong number.,think u wrong number,0
ham,Feel Yourself That You Are Always Happy.. Slowly It Becomes Your Habit &amp; Finally It Becomes Part Of Your Life.. Follow It.. Happy Morning &amp; Have A Happy Day:),feel always happy slowly becomes habit amp finally becomes part life follow happy morning amp happy day,0
ham,DO NOT B LATE LOVE MUM,b late love mum,0
ham,Got it..mail panren paru..,got itmail panren paru,0
ham,* Was thinking about chuckin ur red green n black trainners 2 save carryin them bac on train,thinking chuckin ur red green n black trainners save carryin bac train,0
ham,Give one miss from that number please,give one miss number please,0
ham,Jus came back fr lunch wif my sis only. U leh?,jus came back fr lunch wif si u leh,0
ham,How is your schedule next week? I am out of town this weekend.,schedule next week town weekend,0
ham,Really good:)dhanush rocks once again:),really gooddhanush rock,0
ham,Lmao ok I wont be needing u to do my hair anymore.,lmao ok wont needing u hair anymore,0
ham,"Miss ya, need ya, want ya, love ya.",miss ya need ya want ya love ya,0
ham,Sorry i'm not free...,sorry im free,0
ham,Do u ever get a song stuck in your head for no reason and it won't go away til u listen to it like 5 times?,u ever get song stuck head reason wont go away til u listen like time,0
ham,Nt yet chikku..simple habba..hw abt u?,nt yet chikkusimple habbahw abt u,0
ham,"Got ur mail Dileep.thank you so muchand look forward to lots of support...very less contacts here,remember one venugopal you mentioned.tomorrow if not late,i shall try to come up till there.goodnight dear.",got ur mail dileepthank muchand look forward lot supportvery less contact hereremember one venugopal mentionedtomorrow latei shall try come till theregoodnight dear,0
ham,Sometimes Heart Remembrs someone Very much... Forgets someone soon... Bcoz Heart will not like everyone. But liked ones will be Remembered Everytime... BSLVYL,sometimes heart remembrs someone much forgets someone soon bcoz heart like everyone liked one remembered everytime bslvyl,0
ham,Joy's father is John. Then John is the NAME of Joy's father. Mandan,joy father john john name joy father mandan,0
spam,Hi 07734396839 IBH Customer Loyalty Offer: The NEW NOKIA6600 Mobile from ONLY å£10 at TXTAUCTION!Txt word:START to No:81151 & get Yours Now!4T&,hi ibh customer loyalty offer new nokia mobile txtauctiontxt wordstart get nowt,1
ham,Hi this is yijue... It's regarding the 3230 textbook it's intro to algorithms second edition... I'm selling it for $50...,hi yijue regarding textbook intro algorithm second edition im selling,0
spam,SMS AUCTION You have won a Nokia 7250i. This is what you get when you win our FREE auction. To take part send Nokia to 86021 now. HG/Suite342/2Lands Row/W1JHL 16+,sm auction nokia get win free auction take part send nokia hgsuitelands rowwjhl,1
ham,"K, want us to come by now?",k want u come,0
ham,How. Its a little difficult but its a simple way to enter this place,little difficult simple way enter place,0
ham,Ha... Both of us doing e same thing. But i got tv 2 watch. U can thk of where 2 go tonight or u already haf smth in mind...,ha u e thing got tv watch u thk go tonight u already haf smth mind,0
ham,Dont show yourself. How far. Put new pictures up on facebook.,dont show far put new picture facebook,0
ham,Watching tv now. I got new job :),watching tv got new job,0
ham,"Good afternoon sexy buns! How goes the job search ? I wake and you are my first thought as always, my love. I wish your fine and happy and know I adore you!",good afternoon sexy bun go job search wake first thought always love wish fine happy know adore,0
ham,"I'm not coming over, do whatever you want",im coming whatever want,0
ham,"Its ok chikku, and its my 1 of favourite song..:-)",ok chikku favourite song,0
ham,Did u see what I posted on your Facebook?,u see posted facebook,0
spam,Call FREEPHONE 0800 542 0578 now!,call freephone,1
spam,Buy Space Invaders 4 a chance 2 win orig Arcade Game console. Press 0 for Games Arcade (std WAP charge) See o2.co.uk/games 4 Terms + settings. No purchase,buy space invader chance win orig arcade game console press game arcade std wap charge see ocoukgames term setting purchase,1
spam,BIG BROTHER ALERT! The computer has selected u for 10k cash or #150 voucher. Call 09064018838. NTT PO Box CRO1327 18+ BT Landline Cost 150ppm mobiles vary,big brother alert computer selected u k cash voucher call ntt po box cro bt landline cost ppm mobile vary,1
ham,";-( oh well, c u later",oh well c u later,0
ham,My uncles in Atlanta. Wish you guys a great semester.,uncle atlanta wish guy great semester,0
ham,No dear i do have free messages without any recharge. Hi hi hi,dear free message without recharge hi hi hi,0
ham,I dun believe u. I thk u told him.,dun believe u thk u told,0
ham,"Do you know why god created gap between your fingers..? So that, One who is made for you comes &amp; fills those gaps by holding your hand with LOVE..!",know god created gap finger one made come amp fill gap holding hand love,0
ham,Yes:)sura in sun tv.:)lol.,yessura sun tvlol,0
ham,Arun can u transfr me d amt,arun u transfr amt,0
ham,Takin a shower now but yeah I'll leave when I'm done,takin shower yeah ill leave im done,0
ham,Am not working but am up to eyes in philosophy so will text u later when a bit more free for chat...,working eye philosophy text u later bit free chat,0
ham,U havenåÕt lost me ill always b here 4u.i didnåÕt intend 2 hurt u but I never knew how u felt about me when Iwas+marine&thatåÕs what itried2tell urmom.i careabout u,u havent lost ill always b ui didnt intend hurt u never knew u felt iwasmarinethats itriedtell urmomi careabout u,0
spam,"WIN: We have a winner! Mr. T. Foley won an iPod! More exciting prizes soon, so keep an eye on ur mobile or visit www.win-82050.co.uk",win winner mr foley ipod exciting prize soon keep eye ur mobile visit,1
ham,You bad girl. I can still remember them,bad girl still remember,0
ham,How much i gave to you. Morning.,much gave morning,0
ham,"I hope your alright babe? I worry that you might have felt a bit desparate when you learned the job was a fake ? I am here waiting when you come back, my love",hope alright babe worry might felt bit desparate learned job fake waiting come back love,0
ham,"Hey, can you tell me blake's address? Carlos wanted me to meet him there but I got lost and he's not answering his phone",hey tell blake address carlos wanted meet got lost he answering phone,0
ham,Can i get your opinion on something first?,get opinion something first,0
ham,That one week leave i put know that time. Why.,one week leave put know time,0
ham,"If we hit it off, you can move in with me :)",hit move,0
ham,excellent. I spent  &lt;#&gt;  years in the Air Force. Iraq and afghanistan. I am stable and honest. do you like traveling?,excellent spent ltgt year air force iraq afghanistan stable honest like traveling,0
ham,I wanna watch that movie,wanna watch movie,0
ham,Ok lor thanx... ÌÏ in school?,ok lor thanx school,0
ham,I'm in class. Did you get my text.,im class get text,0
ham,The bus leaves at  &lt;#&gt; ,bus leaf ltgt,0
ham,God bless.get good sleep my dear...i will pray!,god blessget good sleep deari pray,0
ham,Do have a nice day today. I love you so dearly.,nice day today love dearly,0
ham,Aiyo a bit pai seh Ì_ noe... Scared he dun rem who i am then die... Hee... But he become better lookin oredi leh...,aiyo bit pai seh noe scared dun rem die hee become better lookin oredi leh,0
ham,"Aight, I'll ask a few of my roommates",aight ill ask roommate,0
ham,"Now, whats your house # again ? And do you have any beer there ?",whats house beer,0
ham,Do Ì_ all wan 2 meet up n combine all the parts? How's da rest of da project going?,wan meet n combine part hows da rest da project going,0
ham,"\Getting tickets 4 walsall tue 6 th march. My mate is getting me them on sat. ill pay my treat. Want 2 go. Txt bak .Terry\""""",getting ticket walsall tue th march mate getting sat ill pay treat want go txt bak terry,0
ham,Yes we are chatting too.,yes chatting,0
ham,HI ITS JESS I DONT KNOW IF YOU ARE AT WORK BUT CALL ME WHEN U CAN IM AT HOME ALL EVE. XXX,hi jess dont know work call u im home eve xxx,0
ham,Sian... Aft meeting supervisor got work 2 do liao... U working now?,sian aft meeting supervisor got work liao u working,0
ham,Are you going to write ccna exam this week??,going write ccna exam week,0
ham,Well i will watch shrek in 3D!!B),well watch shrek db,0
ham,Am i that much dirty fellow?,much dirty fellow,0
ham,Dunno dat's wat he told me. Ok lor...,dunno dat wat told ok lor,0
ham,I'll probably be by tomorrow (or even later tonight if something's going on),ill probably tomorrow even later tonight somethings going,0
ham,I couldn't say no as he is a dying man and I feel sad for him so I will go and I just wanted you to know I would probably be gone late into your night,couldnt say dying man feel sad go wanted know would probably gone late night,0
ham,If you're thinking of lifting me one then no.,youre thinking lifting one,0
ham,Same as u... Dun wan... Y u dun like me already ah... Wat u doing now? Still eating?,u dun wan u dun like already ah wat u still eating,0
ham,Sent me ur email id soon,sent ur email id soon,0
ham,"Dude. What's up. How Teresa. Hope you have been okay. When i didnt hear from these people, i called them and they had received the package since dec  &lt;#&gt; . Just thot you'ld like to know. Do have a fantastic year and all the best with your reading. Plus if you can really really Bam first aid for Usmle, then your work is done.",dude whats teresa hope okay didnt hear people called received package since dec ltgt thot yould like know fantastic year best reading plus really really bam first aid usmle work done,0
ham,Hey gorgeous man. My work mobile number is. Have a good one babe. Squishy Mwahs.,hey gorgeous man work mobile number good one babe squishy mwahs,0
spam,"Hottest pics straight to your phone!! See me getting Wet and Wanting, just for you xx Text PICS to 89555 now! txt costs 150p textoperator g696ga 18 XxX",hottest pic straight phone see getting wet wanting xx text pic txt cost p textoperator gga xxx,1
ham,That's the way you should stay oh.,thats way stay oh,0
ham,Hello- thanx for taking that call. I got a job! Starts on monday!,hello thanx taking call got job start monday,0
ham,What time is ur flight tmr?,time ur flight tmr,0
ham,I have a rather prominent bite mark on my right cheek,rather prominent bite mark right cheek,0
ham,* Will be september by then!,september,0
ham,Are you wet right now?,wet right,0
ham,And how's your husband.,hows husband,0
spam,"Hack Chat. Get backdoor entry into 121 chat rooms at a fraction of the cost. Reply NEO69 or call 09050280520, to subscribe 25p pm. DPS, Bcm box 8027 Ldn, wc1n3xx",hack chat get backdoor entry chat room fraction cost reply neo call subscribe p pm dp bcm box ldn wcnxx,1
ham,Are we doing the norm tomorrow? I finish just a 4.15 cos of st tests. Need to sort library stuff out at some point tomo - got letter from today - access til end march so i better get move on!,norm tomorrow finish co st test need sort library stuff point tomo got letter today access til end march better get move,0
ham,Yeah. I got a list with only u and Joanna if I'm feeling really anti social,yeah got list u joanna im feeling really anti social,0
ham,I am in your office na.,office na,0
ham,"\Are you comingdown later?\""""",comingdown later,0
ham,Super da:)good replacement for murali,super dagood replacement murali,0
ham,Da is good good player.why he is unsold.,da good good playerwhy unsold,0
ham,Hi. || Do u want | to join me with sts later? || Meeting them at five. || Call u after class.,hi u want join sts later meeting five call u class,0
ham,Its on in engalnd! But telly has decided it won't let me watch it and mia and elliot were kissing! Damn it!,engalnd telly decided wont let watch mia elliot kissing damn,0
spam,"FREE NOKIA Or Motorola with upto 12mths 1/2price linerental, 500 FREE x-net mins&100txt/mth FREE B'tooth*. Call Mobileupd8 on 08001950382 or call 2optout/D3WV",free nokia motorola upto mths price linerental free xnet minstxtmth free btooth call mobileupd call optoutdwv,1
ham,I dont want to hear philosophy. Just say what happen,dont want hear philosophy say happen,0
ham,You got job in wipro:)you will get every thing in life in 2 or 3 years.,got job wiproyou get every thing life year,0
ham,Then cant get da laptop? My matric card wif Ì_ lei... ,cant get da laptop matric card wif lei,0
ham,Dunno da next show aft 6 is 850. Toa payoh got 650.,dunno da next show aft toa payoh got,0
spam,"This is the 2nd time we have tried 2 contact u. U have won the 750 Pound prize. 2 claim is easy, call 08718726970 NOW! Only 10p per min. BT-national-rate ",nd time tried contact u u pound prize claim easy call p per min btnationalrate,1
ham,I just made some payments so dont have that much. Sorry. Would you want it fedex or the other way.,made payment dont much sorry would want fedex way,0
ham,They did't play one day last year know even though they have very good team.. Like india.,didt play one day last year know even though good team like india,0
ham,K.:)you are the only girl waiting in reception ah?,kyou girl waiting reception ah,0
ham,"Say this slowly.? GOD,I LOVE YOU &amp; I NEED YOU,CLEAN MY HEART WITH YOUR BLOOD.Send this to Ten special people &amp; u c miracle tomorrow, do it,pls,pls do it...",say slowly godi love amp need youclean heart bloodsend ten special people amp u c miracle tomorrow itplspls,0
ham,I hate when she does this. She turns what should be a fun shopping trip into an annoying day of how everything would look in her house.,hate turn fun shopping trip annoying day everything would look house,0
ham,"Sir, i am waiting for your call.",sir waiting call,0
ham,What's up. Do you want me to come online?,whats want come online,0
ham,"It could work, we'll reach a consensus at the next meeting",could work well reach consensus next meeting,0
ham,Aiyah then i wait lor. Then u entertain me. Hee...,aiyah wait lor u entertain hee,0
ham,"The last thing i ever wanted to do was hurt you. And i didn't think it would have. You'd laugh, be embarassed, delete the tag and keep going. But as far as i knew, it wasn't even up. The fact that you even felt like i would do it to hurt you shows you really don't know me at all. It was messy wednesday, but it wasn't bad. The problem i have with it is you HAVE the time to clean it, but you choose not to. You skype, you take pictures, you sleep, you want to go out. I don't mind a few things here and there, but when you don't make the bed, when you throw laundry on top of it, when i can't have a friend in the house because i'm embarassed that there's underwear and bras strewn on the bed, pillows on the floor, that's something else. You used to be good about at least making the bed.",last thing ever wanted hurt didnt think would youd laugh embarassed delete tag keep going far knew wasnt even fact even felt like would hurt show really dont know messy wednesday wasnt bad problem time clean choose skype take picture sleep want go dont mind thing dont make bed throw laundry top cant friend house im embarassed there underwear bra strewn bed pillow floor thats something else used good least making bed,0
ham,I'll let you know when it kicks in,ill let know kick,0
ham,You call him now ok i said call him,call ok said call,0
ham,Call to the number which is available in appointment. And ask to connect the call to waheed fathima.,call number available appointment ask connect call waheed fathima,0
ham,Or Ì_ go buy wif him then i meet Ì_ later can?,go buy wif meet later,0
ham,Mmmm ... Fuck ... Not fair ! You know my weaknesses ! *grins* *pushes you to your knee's* *exposes my belly and pulls your head to it* Don't forget ... I know yours too *wicked smile*,mmmm fuck fair know weakness grin push knee expose belly pull head dont forget know wicked smile,0
ham,Today my system sh get ready.all is well and i am also in the deep well,today system sh get readyall well also deep well,0
ham,Mom wants to know where you at,mom want know,0
ham,"Aight, I'll text you when I'm back",aight ill text im back,0
ham,Dont know supports ass and srt i thnk. I think ps3 can play through usb too,dont know support as srt thnk think p play usb,0
ham,Oh ok i didnt know what you meant. Yep i am baby jontin,oh ok didnt know meant yep baby jontin,0
spam,You have WON a guaranteed å£1000 cash or a å£2000 prize.To claim yr prize call our customer service representative on,guaranteed cash prizeto claim yr prize call customer service representative,1
spam,Would you like to see my XXX pics they are so hot they were nearly banned in the uk!,would like see xxx pic hot nearly banned uk,1
ham,This pen thing is beyond a joke. Wont a Biro do? Don't do a masters as can't do this ever again! ,pen thing beyond joke wont biro dont master cant ever,0
ham,I AM AT A PARTY WITH ALEX NICHOLS,party alex nichols,0
ham,Just seeing your missed call my dear brother. Do have a gr8 day.,seeing missed call dear brother gr day,0
ham,Ok.. ÌÏ finishing soon?,ok finishing soon,0
ham,"Sorry, I can't help you on this.",sorry cant help,0
ham,"Come to me, slave. Your doing it again ... Going into your shell and unconsciously avoiding me ... You are making me unhappy :-(",come slave going shell unconsciously avoiding making unhappy,0
ham,I love your ass! Do you enjoy doggy style? :),love as enjoy doggy style,0
ham,I think asking for a gym is the excuse for lazy people. I jog.,think asking gym excuse lazy people jog,0
spam,Dear 0776xxxxxxx U've been invited to XCHAT. This is our final attempt to contact u! Txt CHAT to 86688 150p/MsgrcvdHG/Suite342/2Lands/Row/W1J6HL LDN 18yrs ,dear xxxxxxx uve invited xchat final attempt contact u txt chat pmsgrcvdhgsuitelandsrowwjhl ldn yr,1
spam,Urgent! Please call 09061743811 from landline. Your ABTA complimentary 4* Tenerife Holiday or å£5000 cash await collection SAE T&Cs Box 326 CW25WX 150ppm,urgent please call landline abta complimentary tenerife holiday cash await collection sae tc box cwwx ppm,1
ham,No. On the way home. So if not for the long dry spell the season would have been over,way home long dry spell season would,0
ham,I gotta collect da car at 6 lei.,gotta collect da car lei,0
ham,Ok but knackered. Just came home and went to sleep! Not good at this full time work lark.,ok knackered came home went sleep good full time work lark,0
ham,Probably earlier than that if the station's where I think it is,probably earlier station think,0
spam,CALL 09090900040 & LISTEN TO EXTREME DIRTY LIVE CHAT GOING ON IN THE OFFICE RIGHT NOW TOTAL PRIVACY NO ONE KNOWS YOUR [sic] LISTENING 60P MIN 24/7MP 0870753331018+,call listen extreme dirty live chat going office right total privacy one know sic listening p min mp,1
spam,"FreeMsg Hey U, i just got 1 of these video/pic fones, reply WILD to this txt & ill send U my pics, hurry up Im so bored at work xxx (18 150p/rcvd STOP2stop)",freemsg hey u got videopic fones reply wild txt ill send u pic hurry im bored work xxx prcvd stopstop,1
ham,"Uh, heads up we don't have THAT much left",uh head dont much left,0
ham,I tot u outside cos darren say u come shopping. Of course we nice wat. We jus went sim lim look at mp3 player.,tot u outside co darren say u come shopping course nice wat jus went sim lim look mp player,0
ham,"Aight, sounds good. When do you want me to come down?",aight sound good want come,0
ham,Wat would u like 4 ur birthday?,wat would u like ur birthday,0
ham,I love working from home :),love working home,0
ham,And miss vday the parachute and double coins??? U must not know me very well...,miss vday parachute double coin u must know well,0
ham,My sister got placed in birla soft da:-),sister got placed birla soft da,0
spam,Free entry in 2 a weekly comp for a chance to win an ipod. Txt POD to 80182 to get entry (std txt rate) T&C's apply 08452810073 for details 18+,free entry weekly comp chance win ipod txt pod get entry std txt rate tc apply detail,1
ham,Wah... Okie okie... Muz make use of e unlimited... Haha... ,wah okie okie muz make use e unlimited haha,0
ham,"There're some people by mu, I'm at the table by lambda",therere people mu im table lambda,0
ham,And stop being an old man. You get to build snowman snow angels and snowball fights.,stop old man get build snowman snow angel snowball fight,0
ham,ELLO BABE U OK?,ello babe u ok,0
ham,Hello beautiful r u ok? I've kinda ad a row wiv and he walked out the pub?? I wanted a night wiv u Miss u ,hello beautiful r u ok ive kinda ad row wiv walked pub wanted night wiv u miss u,0
ham,Then u going ikea str aft dat?,u going ikea str aft dat,0
ham,Becoz its  &lt;#&gt;  jan whn al the post ofice is in holiday so she cn go fr the post ofice...got it duffer,becoz ltgt jan whn al post ofice holiday cn go fr post oficegot duffer,0
ham,Lol grr my mom is taking forever with my prescription. Pharmacy is like 2 minutes away. Ugh.,lol grr mom taking forever prescription pharmacy like minute away ugh,0
ham,For real tho this sucks. I can't even cook my whole electricity is out. And I'm hungry.,real tho suck cant even cook whole electricity im hungry,0
ham,You want to go? ,want go,0
spam,New TEXTBUDDY Chat 2 horny guys in ur area 4 just 25p Free 2 receive Search postcode or at gaytextbuddy.com. TXT ONE name to 89693. 08715500022 rpl Stop 2 cnl,new textbuddy chat horny guy ur area p free receive search postcode gaytextbuddycom txt one name rpl stop cnl,1
ham,Its not that time of the month nor mid of the time?,time month mid time,0
ham,Fffff. Can you text kadeem or are you too far gone,fffff text kadeem far gone,0
ham,We not leaving yet. Ok lor then we go elsewhere n eat. U thk...,leaving yet ok lor go elsewhere n eat u thk,0
ham,Is fujitsu s series lifebook good?,fujitsu series lifebook good,0
ham,Yar i wanted 2 scold u yest but late already... I where got zhong se qing you? If u ask me b4 he ask me then i'll go out w u all lor. N u still can act so real.,yar wanted scold u yest late already got zhong se qing u ask b ask ill go w u lor n u still act real,0
ham,Dont know you bring some food,dont know bring food,0
ham,No current and food here. I am alone also,current food alone also,0
ham,I'll be in sch fr 4-6... I dun haf da book in sch... It's at home...,ill sch fr dun haf da book sch home,0
ham,Hello. They are going to the village pub at 8 so either come here or there accordingly. Ok?,hello going village pub either come accordingly ok,0
ham,We don call like  &lt;#&gt;  times oh. No give us hypertension oh.,call like ltgt time oh give u hypertension oh,0
ham,"Dont give a monkeys wot they think and i certainly don't mind. Any friend of mine&all that! Just don't sleep wiv , that wud be annoyin!",dont give monkey wot think certainly dont mind friend mineall dont sleep wiv wud annoyin,0
ham,Omg it could snow here tonite!,omg could snow tonite,0
spam,Call from 08702490080 - tells u 2 call 09066358152 to claim å£5000 prize. U have 2 enter all ur mobile & personal details @ the prompts. Careful!,call tell u call claim prize u enter ur mobile personal detail prompt careful,1
spam,Free 1st week entry 2 TEXTPOD 4 a chance 2 win 40GB iPod or å£250 cash every wk. Txt VPOD to 81303 Ts&Cs www.textpod.net custcare 08712405020.,free st week entry textpod chance win gb ipod cash every wk txt vpod tscs custcare,1
ham,Carry on not disturbing both of you,carry disturbing,0
ham,What pa tell me.. I went to bath:-),pa tell went bath,0
ham,Jus finished avatar nigro,jus finished avatar nigro,0
ham,R u over scratching it?,r u scratching,0
ham,Hope you are having a great day.,hope great day,0
ham,Did either of you have any idea's? Do you know of anyplaces doing something?,either idea know anyplaces something,0
ham,My planning usually stops at \find hella weed,planning usually stop find hella weed,0
ham,The fact that you're cleaning shows you know why i'm upset. Your priority is constantly \what i want to do,fact youre cleaning show know im upset priority constantly want,0
ham,Excellent! Are you ready to moan and scream in ecstasy?,excellent ready moan scream ecstasy,0
spam,More people are dogging in your area now. Call 09090204448 and join like minded guys. Why not arrange 1 yourself. There's 1 this evening. Aå£1.50 minAPN LS278BB,people dogging area call join like minded guy arrange there evening minapn lsbb,1
ham,Dude avatar 3d was imp. At one point i thought there were actually flies in the room and almost tried hittng one as a reflex,dude avatar imp one point thought actually fly room almost tried hittng one reflex,0
spam,"WELL DONE! Your 4* Costa Del Sol Holiday or å£5000 await collection. Call 09050090044 Now toClaim. SAE, TCs, POBox334, Stockport, SK38xh, Costå£1.50/pm, Max10mins",well done costa del sol holiday await collection call toclaim sae tc pobox stockport skxh costpm maxmins,1
ham,K...k:)why cant you come here and search job:),kkwhy cant come search job,0
ham,I got lousy sleep. I kept waking up every 2 hours to see if my cat wanted to come in. I worry about him when its cold :(,got lousy sleep kept waking every hour see cat wanted come worry cold,0
ham,"Yeah, I'll leave in a couple minutes &amp; let you know when I get to mu",yeah ill leave couple minute amp let know get mu,0
ham,Can Ì_ call me at 10:10 to make sure dat i've woken up...,call make sure dat ive woken,0
ham,Hey we can go jazz power yoga hip hop kb and yogasana ,hey go jazz power yoga hip hop kb yogasana,0
ham,The battery is for mr adewale my uncle. Aka Egbon,battery mr adewale uncle aka egbon,0
ham,Wait 2 min..stand at bus stop,wait minstand bus stop,0
ham,Oh ic. I thought you meant mary jane.,oh ic thought meant mary jane,0
ham,Haha... Really oh no... How? Then will they deduct your lesson tmr?,haha really oh deduct lesson tmr,0
ham,Nah im goin 2 the wrks with j wot bout u?,nah im goin wrks j wot bout u,0
ham,Then just eat a shit and wait for ur monkey face bitch.......... U asshole..................,eat shit wait ur monkey face bitch u asshole,0
ham,Good night. Am going to sleep.,good night going sleep,0
ham,"Aight I'll grab something to eat too, text me when you're back at mu",aight ill grab something eat text youre back mu,0
ham,Take something for pain. If it moves however to any side in the next 6hrs see a doctor.,take something pain move however side next hr see doctor,0
ham,"Lol ... Oh no babe, I wont be sliding into your place after midnight, but thanks for the invite",lol oh babe wont sliding place midnight thanks invite,0
ham,Howz that persons story,howz person story,0
ham,LOL that would be awesome payback.,lol would awesome payback,0
spam,it to 80488. Your 500 free text messages are valid until 31 December 2005.,free text message valid december,1
ham,"Honeybee Said: *I'm d Sweetest in d World* God Laughed &amp; Said: *Wait,U Havnt Met d Person Reading This Msg* MORAL: Even GOD Can Crack Jokes! GM+GN+GE+GN:)",honeybee said im sweetest world god laughed amp said waitu havnt met person reading msg moral even god crack joke gmgngegn,0
ham,Thanks. It was only from tescos but quite nice. All gone now. Speak soon ,thanks tescos quite nice gone speak soon,0
ham,What's a feathery bowa? Is that something guys have that I don't know about?,whats feathery bowa something guy dont know,0
ham,Even i cant close my eyes you are in me our vava playing umma :-D,even cant close eye vava playing umma,0
ham,2 laptop... I noe infra but too slow lar... I wan fast one,laptop noe infra slow lar wan fast one,0
spam,You have won a guaranteed å£200 award or even å£1000 cashto claim UR award call free on 08000407165 (18+) 2 stop getstop on 88222 PHP,guaranteed award even cashto claim ur award call free stop getstop php,1
ham,Nvm it's ok...,nvm ok,0
ham,Enjoy ur life. . Good night,enjoy ur life good night,0
ham,Yes but can we meet in town cos will go to gep and then home. You could text at bus stop. And don't worry we'll have finished by march Û_ ish!,yes meet town co go gep home could text bus stop dont worry well finished march ish,0
ham,Thats cool. Where should i cum? On you or in you? :),thats cool cum,0
ham,Delhi and chennai still silent.,delhi chennai still silent,0
ham,Lol alright i was thinkin that too haha,lol alright thinkin haha,0
spam,Reply to win å£100 weekly! Where will the 2006 FIFA World Cup be held? Send STOP to 87239 to end service,reply win weekly fifa world cup held send stop end service,1
ham,No I'm in the same boat. Still here at my moms. Check me out on yo. I'm half naked.,im boat still mom check yo im half naked,0
ham,Shhhhh nobody is supposed to know!,shhhhh nobody supposed know,0
ham,"Sorry, I'll call later in meeting any thing related to trade please call Arul. &lt;#&gt; ",sorry ill call later meeting thing related trade please call arul ltgt,0
ham,Hey i will be late... i'm at amk. Need to drink tea or coffee,hey late im amk need drink tea coffee,0
ham,The length is e same but e top shorter n i got a fringe now. I thk i'm not going liao. Too lazy. Dun wan 2 distract u also.,length e e top shorter n got fringe thk im going liao lazy dun wan distract u also,0
ham,S..antha num corrct dane,santha num corrct dane,0
ham,The basket's gettin full so I might be by tonight,basket gettin full might tonight,0
ham,HI DARLIN IVE JUST GOT BACK AND I HAD A REALLY NICE NIGHT AND THANKS SO MUCH FOR THE LIFT SEE U TOMORROW XXX,hi darlin ive got back really nice night thanks much lift see u tomorrow xxx,0
ham,No other Valentines huh? The proof is on your fb page. Ugh I'm so glad I really DIDN'T watch your rupaul show you TOOL!,valentine huh proof fb page ugh im glad really didnt watch rupaul show tool,0
spam,Free tones Hope you enjoyed your new content. text stop to 61610 to unsubscribe. help:08712400602450p Provided by tones2you.co.uk,free tone hope enjoyed new content text stop unsubscribe helpp provided tonesyoucouk,1
ham,Eh den sat u book e kb liao huh...,eh den sat u book e kb liao huh,0
ham,Have you been practising your curtsey?,practising curtsey,0
ham,Lol boo I was hoping for a laugh,lol boo hoping laugh,0
ham,\YEH I AM DEF UP4 SOMETHING SAT,yeh def something sat,0
ham,"Well, I have to leave for my class babe ... You never came back to me ... :-( ... Hope you have a nice sleep, my love",well leave class babe never came back hope nice sleep love,0
ham,LMAO where's your fish memory when I need it?,lmao wheres fish memory need,0
ham,But i'll b going 2 sch on mon. My sis need 2 take smth.,ill b going sch mon si need take smth,0
ham,Idea will soon get converted to live:),idea soon get converted live,0
spam,TheMob>Yo yo yo-Here comes a new selection of hot downloads for our members to get for FREE! Just click & open the next link sent to ur fone...,themobyo yo yohere come new selection hot downloads member get free click open next link sent ur fone,1
ham,S....s...india going to draw the series after many years in south african soil..,ssindia going draw series many year south african soil,0
ham,Can't take any major roles in community outreach. You rock mel,cant take major role community outreach rock mel,0
ham,Shopping lor. Them raining mah hard 2 leave orchard.,shopping lor raining mah hard leave orchard,0
ham,Hi here. have birth at on the  to  at 8lb 7oz. Mother and baby doing brilliantly.,hi birth lb oz mother baby brilliantly,0
ham,See the forwarding message for proof,see forwarding message proof,0
ham,"I can't keep going through this. It was never my intention to run you out, but if you choose to do that rather than keep the room clean so *I* don't have to say no to visitors, then maybe that's the best choice. Yes, I wanted you to be embarassed, so maybe you'd feel for once how I feel when i have a friend who wants to drop buy and i have to say no, as happened this morning. I've tried everything. I don't know what else to do.",cant keep going never intention run choose rather keep room clean dont say visitor maybe thats best choice yes wanted embarassed maybe youd feel feel friend want drop buy say happened morning ive tried everything dont know else,0
ham,Dunno lei... I thk mum lazy to go out... I neva ask her yet...,dunno lei thk mum lazy go neva ask yet,0
ham,"Do whatever you want. You know what the rules are. We had a talk earlier this week about what had to start happening, you showing responsibility. Yet, every week it's can i bend the rule this way? What about that way? Do whatever. I'm tired of having thia same argument with you every week. And a  &lt;#&gt;  movie DOESNT inlude the previews. You're still getting in after 1.",whatever want know rule talk earlier week start happening showing responsibility yet every week bend rule way way whatever im tired thia argument every week ltgt movie doesnt inlude preview youre still getting,0
ham,"Beautiful Truth against Gravity.. Read carefully: \Our heart feels light when someone is in it.. But it feels very heavy when someone leaves it..\"" GOODMORNING""",beautiful truth gravity read carefully heart feel light someone feel heavy someone leaf goodmorning,0
spam,Great News! Call FREEFONE 08006344447 to claim your guaranteed å£1000 CASH or å£2000 gift. Speak to a live operator NOW!,great news call freefone claim guaranteed cash gift speak live operator,1
ham,Ambrith..madurai..met u in arun dha marrge..remembr?,ambrithmaduraimet u arun dha marrgeremembr,0
ham,Just re read it and I have no shame but tell me how he takes it and if he runs I will blame u 4 ever!! Not really 4 ever just a long time ,read shame tell take run blame u ever really ever long time,0
ham,"Princess, is your kitty shaved or natural?",princess kitty shaved natural,0
ham,"Better than bb. If he wont use it, his wife will or them doctor",better bb wont use wife doctor,0
ham,Ya it came a while ago,ya came ago,0
ham,From tomorrow onwards eve 6 to 3 work.,tomorrow onwards eve work,0
ham,Anything lor but toa payoh got place 2 walk meh...,anything lor toa payoh got place walk meh,0
ham,"I don't have anybody's number, I still haven't thought up a tactful way to ask alex",dont anybodys number still havent thought tactful way ask alex,0
spam,"U can WIN å£100 of Music Gift Vouchers every week starting NOW Txt the word DRAW to 87066 TsCs www.ldew.com SkillGame,1Winaweek, age16.150ppermessSubscription",u win music gift voucher every week starting txt word draw tscs skillgamewinaweek ageppermesssubscription,1
ham,Is there any movie theatre i can go to and watch unlimited movies and just pay once?,movie theatre go watch unlimited movie pay,0
ham,U having lunch alone? I now so bored...,u lunch alone bored,0
ham,"Yes obviously, but you are the eggs-pert and the potato headÛ_ Speak soon! ",yes obviously eggspert potato head speak soon,0
ham,"Nah man, my car is meant to be crammed full of people",nah man car meant crammed full people,0
ham,No got new job at bar in airport on satsgettin 4.47per hour but means no lie in! keep in touch,got new job bar airport satsgettin per hour mean lie keep touch,0
ham,Kallis is ready for bat in 2nd innings,kallis ready bat nd inning,0
ham,Thanx but my birthday is over already.,thanx birthday already,0
ham,"Ugh y can't u just apologize, admit u were wrong and ask me to take u back?",ugh cant u apologize admit u wrong ask take u back,0
ham,"I noe la... U wana pei bf oso rite... K lor, other days den...",noe la u wana pei bf oso rite k lor day den,0
ham,"Yes, i'm small kid.. And boost is the secret of my energy..",yes im small kid boost secret energy,0
ham,IM GONNA MISS U SO MUCH,im gonna miss u much,0
ham,Is avatar supposed to have subtoitles,avatar supposed subtoitles,0
ham,Simply sitting and watching match in office..,simply sitting watching match office,0
ham,You can jot down things you want to remember later.,jot thing want remember later,0
ham,Oh sorry please its over,oh sorry please,0
ham,Hey are we going for the lo lesson or gym? ,hey going lo lesson gym,0
ham,"Dont pack what you can buy at any store.like cereals. If you must pack food, pack gari or something 9ja that you will miss.",dont pack buy storelike cereal must pack food pack gari something ja miss,0
ham,You always make things bigger than they are,always make thing bigger,0
ham,ÌÏ dun wan to watch infernal affair?,dun wan watch infernal affair,0
ham,"Me not waking up until 4 in the afternoon, sup",waking afternoon sup,0
ham,I can send you a pic if you like :),send pic like,0
ham,Okay... I booked all already... Including the one at bugis.,okay booked already including one bugis,0
ham,"Aight fuck it, I'll get it later",aight fuck ill get later,0
ham,No de. But call me after some time. Ill tell you k,de call time ill tell k,0
ham,So dont use hook up any how,dont use hook,0
ham,How much is blackberry bold2 in nigeria.,much blackberry bold nigeria,0
ham,Hi where you. You in home or calicut?,hi home calicut,0
ham,Hey darlin.. i can pick u up at college if u tell me wen & where 2 mt.. love Pete xx,hey darlin pick u college u tell wen mt love pete xx,0
spam,"Call 09094100151 to use ur mins! Calls cast 10p/min (mob vary). Service provided by AOM, just GBP5/month. AOM Box61,M60 1ER until u stop. Ages 18+ only!",call use ur min call cast pmin mob vary service provided aom gbpmonth aom boxm er u stop age,1
ham,"Oh... I was thkin of goin yogasana at 10 den no nd to go at 3 den can rush to parco 4 nb... Okie lor, u call me when ready...",oh thkin goin yogasana den nd go den rush parco nb okie lor u call ready,0
ham,Y so late but i need to go n get da laptop...,late need go n get da laptop,0
ham,.Please charge my mobile when you get up in morning.,please charge mobile get morning,0
ham,"Nothing, i got msg frm tht unknown no..",nothing got msg frm tht unknown,0
ham,Ugh fuck it I'm resubbing to eve,ugh fuck im resubbing eve,0
ham,He didn't see his shadow. We get an early spring yay,didnt see shadow get early spring yay,0
ham,I did. One slice and one breadstick. Lol,one slice one breadstick lol,0
ham,"Hey ! I want you ! I crave you ! I miss you ! I need you ! I love you, Ahmad Saeed al Hallaq ...",hey want crave miss need love ahmad saeed al hallaq,0
ham,Is there any training tomorrow?,training tomorrow,0
spam,"URGENT! Your mobile No *********** WON a å£2,000 Bonus Caller Prize on 02/06/03! This is the 2nd attempt to reach YOU! Call 09066362220 ASAP! BOX97N7QP, 150ppm",urgent mobile bonus caller prize nd attempt reach call asap boxnqp ppm,1
ham,Pass dis to all ur contacts n see wat u get! Red;i'm in luv wid u. Blue;u put a smile on my face. Purple;u r realy hot. Pink;u r so swt. Orange;i thnk i lyk u. Green;i realy wana go out wid u. Yelow;i wnt u bck. Black;i'm jealous of u. Brown;i miss you Nw plz giv me one color,pas dis ur contact n see wat u get redim luv wid u blueu put smile face purpleu r realy hot pinku r swt orangei thnk lyk u greeni realy wana go wid u yelowi wnt u bck blackim jealous u browni miss nw plz giv one color,0
ham,Cos daddy arranging time c wat time fetch Ì_ mah...,co daddy arranging time c wat time fetch mah,0
ham,Then. You are eldest know.,eldest know,0
ham,Who's there say hi to our drugdealer,who say hi drugdealer,0
ham,Its hard to believe things like this. All can say lie but think twice before saying anything to me.,hard believe thing like say lie think twice saying anything,0
spam,Sexy Singles are waiting for you! Text your AGE followed by your GENDER as wither M or F E.G.23F. For gay men text your AGE followed by a G. e.g.23G.,sexy single waiting text age followed gender wither f egf gay men text age followed g egg,1
ham,Good night my dear.. Sleepwell&amp;Take care,good night dear sleepwellamptake care,0
ham,That is wondarfull song,wondarfull song,0
spam,"FreeMsg: Claim ur 250 SMS messages-Text OK to 84025 now!Use web2mobile 2 ur mates etc. Join Txt250.com for 1.50p/wk. T&C BOX139, LA32WU. 16 . Remove txtX or stop",freemsg claim ur sm messagestext ok nowuse webmobile ur mate etc join txtcom pwk tc box lawu remove txtx stop,1
ham,Yar lor actually we quite fast... Cos da ge slow wat... Haha...,yar lor actually quite fast co da ge slow wat haha,0
ham,Must come later.. I normally bathe him in da afternoon mah..,must come later normally bathe da afternoon mah,0
ham,"Trust me. Even if isn't there, its there.",trust even isnt,0
ham,Hey hun-onbus goin 2 meet him. He wants 2go out 4a meal but I donyt feel like it cuz have 2 get last bus home!But hes sweet latelyxxx,hey hunonbus goin meet want go meal donyt feel like cuz get last bus homebut he sweet latelyxxx,0
spam,85233 FREE>Ringtone!Reply REAL,freeringtonereply real,1
ham,I can take you at like noon,take like noon,0
ham,Where is it. Is there any opening for mca.,opening mca,0
ham,I'm aight. Wat's happening on your side.,im aight wats happening side,0
ham,I'm done oredi...,im done oredi,0
ham,"you are sweet as well, princess. Please tell me your likes and dislikes in bed...",sweet well princess please tell like dislike bed,0
ham,How are you. Wish you a great semester,wish great semester,0
ham,Moji i love you more than words. Have a rich day,moji love word rich day,0
ham,Dude how do you like the buff wind.,dude like buff wind,0
ham,\alright babe,alright babe,0
spam,Well done ENGLAND! Get the official poly ringtone or colour flag on yer mobile! text TONE or FLAG to 84199 NOW! Opt-out txt ENG STOP. Box39822 W111WX å£1.50,well done england get official poly ringtone colour flag yer mobile text tone flag optout txt eng stop box wwx,1
ham,"No i'm not. I can't give you everything you want and need. You actually could do better for yourself on yor own--you've got more money than i do. I can't get work, i can't get a man, i can't pay the rent, i can't even fill my fucking gas tank. yes, i'm stressed and depressed. I didn't even call home for thanksgiving cuz i'll have to tell them i,m up to nothing.",im cant give everything want need actually could better yor ownyouve got money cant get work cant get man cant pay rent cant even fill fucking gas tank yes im stressed depressed didnt even call home thanksgiving cuz ill tell im nothing,0
ham,S:-)kallis wont play in first two odi:-),skallis wont play first two odi,0
ham,Then get some cash together and I'll text jason,get cash together ill text jason,0
ham,"Oh, my love, it's soooo good to hear from you. Omg I missed you so much today. I'm sorry your having problems with the provider but thank you for tming me",oh love soooo good hear omg missed much today im sorry problem provider thank tming,0
spam,"Final Chance! Claim ur å£150 worth of discount vouchers today! Text YES to 85023 now! SavaMob, member offers mobile! T Cs SavaMob POBOX84, M263UZ. å£3.00 Subs 16",final chance claim ur worth discount voucher today text yes savamob member offer mobile c savamob pobox muz sub,1
ham,"Probably, want to pick up more?",probably want pick,0
ham,I'm done...,im done,0
ham,Are you the cutest girl in the world or what,cutest girl world,0
ham,"No dice, art class 6 thru 9 :( thanks though. Any idea what time I should come tomorrow?",dice art class thru thanks though idea time come tomorrow,0
spam,"SMS SERVICES. for your inclusive text credits, pls goto www.comuk.net login= ***** unsubscribe with STOP. no extra charge. help:08700469649. PO BOX420. IP4 5WE",sm service inclusive text credit pls goto login unsubscribe stop extra charge help po box ip,1
ham,Oh Howda gud gud.. Mathe en samachara chikku:-),oh howda gud gud mathe en samachara chikku,0
ham,I thk 530 lor. But dunno can get tickets a not. Wat u doing now?,thk lor dunno get ticket wat u,0
ham,Audrie lousy autocorrect,audrie lousy autocorrect,0
ham,Its a site to simulate the test. It just gives you very tough questions to test your readiness.,site simulate test give tough question test readiness,0
ham,Anyway seriously hit me up when you're back because otherwise I have to light up with armand and he always has shit and/or is vomiting,anyway seriously hit youre back otherwise light armand always shit andor vomiting,0
ham,I fetch yun or u fetch?,fetch yun u fetch,0
ham,Thank you. I like you as well...,thank like well,0
ham,"Hmmm ... And imagine after you've come home from that having to rub my feet, make me dinner and help me get ready for my date ! Are you sure your ready for that kind of life ?",hmmm imagine youve come home rub foot make dinner help get ready date sure ready kind life,0
ham,Lara said she can loan me  &lt;#&gt; .,lara said loan ltgt,0
ham,Do we have any spare power supplies,spare power supply,0
ham,Yar he quite clever but aft many guesses lor. He got ask me 2 bring but i thk darren not so willing 2 go. Aiya they thk leona still not attach wat.,yar quite clever aft many guess lor got ask bring thk darren willing go aiya thk leona still attach wat,0
spam,You are a winner you have been specially selected to receive å£1000 cash or a å£2000 award. Speak to a live operator to claim call 087123002209am-7pm. Cost 10p,winner specially selected receive cash award speak live operator claim call ampm cost p,1
ham,"Yeah, don't go to bed, I'll be back before midnight",yeah dont go bed ill back midnight,0
spam,"Sunshine Hols. To claim ur med holiday send a stamped self address envelope to Drinks on Us UK, PO Box 113, Bray, Wicklow, Eire. Quiz Starts Saturday! Unsub Stop",sunshine hols claim ur med holiday send stamped self address envelope drink u uk po box bray wicklow eire quiz start saturday unsub stop,1
ham,Well I wasn't available as I washob nobbing with last night so they had to ask Nickey Platt instead of me!;,well wasnt available washob nobbing last night ask nickey platt instead,0
ham,"It's that time of the week again, ryan",time week ryan,0
ham,Wish u many many returns of the day.. Happy birthday vikky..,wish u many many return day happy birthday vikky,0
spam,"U can WIN å£100 of Music Gift Vouchers every week starting NOW Txt the word DRAW to 87066 TsCs www.Idew.com SkillGame, 1Winaweek, age16. 150ppermessSubscription",u win music gift voucher every week starting txt word draw tscs skillgame winaweek age ppermesssubscription,1
ham,I hope you know I'm still mad at you.,hope know im still mad,0
ham,"Argh my 3g is spotty, anyway the only thing I remember from the research we did was that province and sterling were the only problem-free places we looked at",argh g spotty anyway thing remember research province sterling problemfree place looked,0
ham,In xam hall boy asked girl Tell me the starting term for dis answer I can den manage on my own After lot of hesitation n lookin around silently she said THE! intha ponnungale ipaditan;),xam hall boy asked girl tell starting term dis answer den manage lot hesitation n lookin around silently said intha ponnungale ipaditan,0
ham,Do you know when the result.,know result,0
ham,"Sorry im getting up now, feel really bad- totally rejected that kinda me thing.",sorry im getting feel really bad totally rejected kinda thing,0
ham,You do got a shitload of diamonds though,got shitload diamond though,0
ham,Tessy..pls do me a favor. Pls convey my birthday wishes to Nimya..pls dnt forget it. Today is her birthday Shijas,tessypls favor pls convey birthday wish nimyapls dnt forget today birthday shijas,0
ham,Well I'm going to be an aunty!,well im going aunty,0
ham,Mine here like all fr china then so noisy.,mine like fr china noisy,0
ham,Later i guess. I needa do mcat study too.,later guess needa mcat study,0
ham,S...from the training manual it show there is no tech process:)its all about password reset and troubleshooting:),sfrom training manual show tech processits password reset troubleshooting,0
spam,Your B4U voucher w/c 27/03 is MARSMS. Log onto www.B4Utele.com for discount credit. To opt out reply stop. Customer care call 08717168528,bu voucher wc marsms log onto discount credit opt reply stop customer care call,1
ham,"Spoke with uncle john today. He strongly feels that you need to sacrifice to keep me here. He's going to call you. When he does, i beg you to just listen. Dont make any promises or make it clear things are not easy. And i need you to please let us work things out. As long as i keep expecting help, my creativity will be stifled so pls just keep him happy, no promises on your part.",spoke uncle john today strongly feel need sacrifice keep he going call beg listen dont make promise make clear thing easy need please let u work thing long keep expecting help creativity stifled pls keep happy promise part,0
ham,"Carlos took a while (again), we leave in a minute",carlos took leave minute,0
ham,Well done and ! luv ya all ,well done luv ya,0
ham,K still are you loving me.,k still loving,0
ham,But i juz remembered i gotta bathe my dog today..,juz remembered gotta bathe dog today,0
ham,After the drug she will be able to eat.,drug able eat,0
ham,Alright took the morphine. Back in yo.,alright took morphine back yo,0
ham,You see the requirements please,see requirement please,0
ham,You stayin out of trouble stranger!!saw Dave the other day heåÕs sorted now!still with me bloke when u gona get a girl MR!ur mum still Thinks we will get 2GETHA! ,stayin trouble strangersaw dave day he sorted nowstill bloke u gona get girl mrur mum still think get getha,0
spam,FreeMsg: Hey - I'm Buffy. 25 and love to satisfy men. Home alone feeling randy. Reply 2 C my PIX! QlynnBV Help08700621170150p a msg Send stop to stop txts,freemsg hey im buffy love satisfy men home alone feeling randy reply c pix qlynnbv helpp msg send stop stop txts,1
ham,So can collect ur laptop?,collect ur laptop,0
ham,"Ok. Can be later showing around 8-8:30 if you want + cld have drink before. Wld prefer not to spend money on nosh if you don't mind, as doing that nxt wk.",ok later showing around want cld drink wld prefer spend money nosh dont mind nxt wk,0
ham,I will once i get home,get home,0
ham,Waaaat?? Lololo ok next time then!,waaaat lololo ok next time,0
ham,"The table's occupied, I'm waiting by the tree",table occupied im waiting tree,0
ham,I surely dont forgot to come:)i will always be in touch in with you:-),surely dont forgot comei always touch,0
ham,Hi kindly give us back our documents which we submitted for loan from STAPATI,hi kindly give u back document submitted loan stapati,0
ham,I dont have i shall buy one dear,dont shall buy one dear,0
ham,Oh god i am happy to see your message after 3 days,oh god happy see message day,0
ham,What year. And how many miles.,year many mile,0
ham,Hey cutie. How goes it? Here in WALES its kinda ok. There is like hills and shit but i still avent killed myself. ,hey cutie go wale kinda ok like hill shit still avent killed,0
ham,"Sad story of a Man - Last week was my b'day. My Wife did'nt wish me. My Parents forgot n so did my Kids . I went to work. Even my Colleagues did not wish. As I entered my cabin my PA said, '' Happy B'day Boss !!''. I felt special. She askd me 4 lunch. After lunch she invited me to her apartment. We went there. She said,'' do u mind if I go into the bedroom for a minute ? '' ''OK'', I sed in a sexy mood. She came out 5 minuts latr wid a cake...n My Wife, My Parents, My Kidz, My Friends n My Colleagues. All screaming.. SURPRISE !! and I was waiting on the sofa.. ... ..... ' NAKED...!",sad story man last week bday wife didnt wish parent forgot n kid went work even colleague wish entered cabin pa said happy bday bos felt special askd lunch lunch invited apartment went said u mind go bedroom minute ok sed sexy mood came minuts latr wid caken wife parent kidz friend n colleague screaming surprise waiting sofa naked,0
ham,I think you should go the honesty road. Call the bank tomorrow. Its the tough decisions that make us great people.,think go honesty road call bank tomorrow tough decision make u great people,0
spam,FREE for 1st week! No1 Nokia tone 4 ur mob every week just txt NOKIA to 87077 Get txting and tell ur mates. zed POBox 36504 W45WQ norm150p/tone 16+,free st week nokia tone ur mob every week txt nokia get txting tell ur mate zed pobox wwq normptone,1
ham,No. Its not specialisation. Can work but its slave labor. Will look for it this month sha cos no shakara 4 beggar.,specialisation work slave labor look month sha co shakara beggar,0
ham,Is she replying. Has boye changed his phone number,replying boye changed phone number,0
ham,hi my darlin im on my way to London and we have just been smashed into by another driver! and have a big dent! im really missing u what have u been up to? xxx,hi darlin im way london smashed another driver big dent im really missing u u xxx,0
ham,"Nothing really, just making sure everybody's up to speed",nothing really making sure everybodys speed,0
ham,I'm not coming home 4 dinner.,im coming home dinner,0
ham,"Thank you. And by the way, I just lost.",thank way lost,0
ham,Yes.he have good crickiting mind,yeshe good crickiting mind,0
ham,Thx. All will be well in a few months,thx well month,0
ham,\CAN I PLEASE COME UP NOW IMIN TOWN.DONTMATTER IF URGOIN OUTL8R,please come imin towndontmatter urgoin outlr,0
ham,I wont. So wat's wit the guys,wont wats wit guy,0
ham,Yavnt tried yet and never played original either,yavnt tried yet never played original either,0
ham,"Hiya, had a good day? Have you spoken to since the weekend?",hiya good day spoken since weekend,0
ham,See? I thought it all through,see thought,0
ham,get ready to moan and scream :),get ready moan scream,0
ham,Oh k :)why you got job then whats up?,oh k got job whats,0
ham,"I don,t think so. You don't need to be going out that late on a school night. ESPECIALLY when the one class you have is the one you missed last wednesday and probably failed a test in on friday",dont think dont need going late school night especially one class one missed last wednesday probably failed test friday,0
ham,And popping &lt;#&gt; ibuprofens was no help.,popping ltgt ibuprofen help,0
ham,"Babe ! How goes that day ? What are you doing ? Where are you ? I sip my cappuccino and think of you, my love ... I send a kiss to you from across the sea",babe go day sip cappuccino think love send kiss across sea,0
ham,PS U no ur a grown up now right?,p u ur grown right,0
ham,"Chinatown got porridge, claypot rice, yam cake, fishhead beehoon... Either we eat cheap den go cafe n tok or go nydc or somethin...",chinatown got porridge claypot rice yam cake fishhead beehoon either eat cheap den go cafe n tok go nydc somethin,0
ham,I know a few people I can hit up and fuck to the yes,know people hit fuck yes,0
ham,Purity of friendship between two is not about smiling after reading the forwarded message..Its about smiling just by seeing the name. Gud evng,purity friendship two smiling reading forwarded messageits smiling seeing name gud evng,0
ham,So is there anything specific I should be doing with regards to jaklin or what because idk what the fuck,anything specific regard jaklin idk fuck,0
ham,Oh god. I'm gonna Google nearby cliffs now.,oh god im gonna google nearby cliff,0
spam,FREE camera phones with linerental from 4.49/month with 750 cross ntwk mins. 1/2 price txt bundle deals also avble. Call 08001950382 or call2optout/J MF,free camera phone linerental month cross ntwk min price txt bundle deal also avble call calloptoutj mf,1
ham,Yup i shd haf ard 10 pages if i add figures... ÌÏ all got how many pages?,yup shd haf ard page add figure got many page,0
ham,"Ooh, 4got, i'm gonna start belly dancing in moseley weds 6.30 if u want 2 join me, they have a cafe too. ",ooh got im gonna start belly dancing moseley wed u want join cafe,0
ham,Thankyou so much for the call. I appreciate your care.,thankyou much call appreciate care,0
ham,Congrats ! Treat pending.i am not on mail for 2 days.will mail once thru.Respect mother at home.check mails.,congrats treat pendingi mail dayswill mail thrurespect mother homecheck mail,0
ham,I called but no one pick up e phone. I ask both of them already they said ok.,called one pick e phone ask already said ok,0
ham,Hi my email address has changed now it is ,hi email address changed,0
ham,"V-aluable. A-ffectionate. L-oveable. E-ternal. N-oble. T-ruthful. I-ntimate. N-atural. E-namous. Happy \VALENTINES DAY\"" in advance""",valuable affectionate loveable eternal noble truthful intimate natural enamous happy valentine day advance,0
ham,"Not much, just some textin'. How bout you?",much textin bout,0
ham,Bring it if you got it,bring got,0
ham,I'm in a movie. Call me 4 wat?,im movie call wat,0
ham,Not sure I have the stomach for it ...,sure stomach,0
ham,Haha... can... But i'm having dinner with my cousin...,haha im dinner cousin,0
ham,"A boy was late 2 home. His father: \POWER OF FRNDSHIP\""""",boy late home father power frndship,0
ham,"(And my man carlos is definitely coming by mu tonight, no excuses)",man carlos definitely coming mu tonight excuse,0
ham,soon you will have the real thing princess! Do i make you wet? :),soon real thing princess make wet,0
ham,Raji..pls do me a favour. Pls convey my Birthday wishes to Nimya. Pls. Today is her birthday.,rajipls favour pls convey birthday wish nimya pls today birthday,0
ham,"Haha, my legs and neck are killing me and my amigos are hoping to end the night with a burn, think I could swing by in like an hour?",haha leg neck killing amigo hoping end night burn think could swing like hour,0
spam,"URGENT! Your mobile No 07xxxxxxxxx won a å£2,000 bonus caller prize on 02/06/03! this is the 2nd attempt to reach YOU! call 09066362231 ASAP! BOX97N7QP, 150PPM",urgent mobile xxxxxxxxx bonus caller prize nd attempt reach call asap boxnqp ppm,1
ham,Usually the body takes care of it buy making sure it doesnt progress. Can we pls continue this talk on saturday.,usually body take care buy making sure doesnt progress pls continue talk saturday,0
spam,"URGENT!! Your 4* Costa Del Sol Holiday or å£5000 await collection. Call 09050090044 Now toClaim. SAE, TC s, POBox334, Stockport, SK38xh, Costå£1.50/pm, Max10mins",urgent costa del sol holiday await collection call toclaim sae tc pobox stockport skxh costpm maxmins,1
ham,"Hmm well, night night ",hmm well night night,0
ham,Just wanted to say holy shit you guys weren't kidding about this bud,wanted say holy shit guy werent kidding bud,0
ham,"Just gettin a bit arty with my collages at the mo, well tryin 2 ne way! Got a roast in a min lovely i shall enjoy that!",gettin bit arty collage mo well tryin ne way got roast min lovely shall enjoy,0
ham,"This is one of the days you have a billion classes, right?",one day billion class right,0
ham,"Goodmorning, today i am late for 2hrs. Because of back pain.",goodmorning today late hr back pain,0
ham,Ok then i'll let him noe later n ask him call u tmr...,ok ill let noe later n ask call u tmr,0
ham,OK i'm waliking ard now... Do u wan me 2 buy anything go ur house?,ok im waliking ard u wan buy anything go ur house,0
ham,* Will have two more cartons off u and is very pleased with shelves,two carton u pleased shelf,0
ham,Nice talking to you! please dont forget my pix :) i want to see all of you...,nice talking please dont forget pix want see,0
spam,You have WON a guaranteed å£1000 cash or a å£2000 prize. To claim yr prize call our customer service representative on 08714712379 between 10am-7pm Cost 10p,guaranteed cash prize claim yr prize call customer service representative ampm cost p,1
ham,But really quite funny lor wat... Then u shd haf run shorter distance wat...,really quite funny lor wat u shd haf run shorter distance wat,0
ham,I notice you like looking in the shit mirror youre turning into a right freak,notice like looking shit mirror youre turning right freak,0
ham,Great. I was getting worried about you. Just know that a wonderful and caring person like you will have only the best in life. Know that u r wonderful and God's love is yours.,great getting worried know wonderful caring person like best life know u r wonderful god love,0
spam,"Thanks for your ringtone order, ref number K718. Your mobile will be charged å£4.50. Should your tone not arrive please call customer services on 09065069120",thanks ringtone order ref number k mobile charged tone arrive please call customer service,1
ham,"I prefer my free days... Tues, wed, fri oso can... ÌÏ ask those workin lor...",prefer free day tues wed fri oso ask workin lor,0
ham,Alrite jod hows the revision goin? Keris bin doin a smidgin. N e way u wanna cum over after college?xx,alrite jod hows revision goin keris bin doin smidgin n e way u wanna cum collegexx,0
ham,If you have belive me. Come to my home.,belive come home,0
ham,Oh k.k..where did you take test?,oh kkwhere take test,0
ham,Those were my exact intentions,exact intention,0
ham,haha but no money leh... Later got to go for tuition... Haha and looking for empty slots for driving lessons,haha money leh later got go tuition haha looking empty slot driving lesson,0
ham,"Hey... Thk we juz go accordin to wat we discussed yest lor, except no kb on sun... Cos there's nt much lesson to go if we attend kb on sat...",hey thk juz go accordin wat discussed yest lor except kb sun co there nt much lesson go attend kb sat,0
ham,"K, wen ur free come to my home and also tel vikky i hav sent mail to him also.. Better come evening il be free today aftr 6pm..:-)",k wen ur free come home also tel vikky hav sent mail also better come evening il free today aftr pm,0
ham,Nothing just getting msgs by dis name wit different no's..,nothing getting msg dis name wit different no,0
ham,What's your room number again? Wanna make sure I'm knocking on the right door,whats room number wanna make sure im knocking right door,0
ham,\Si.como no?!listened2the plaid album-quite gd&the new air1 which is hilarious-also boughtåÓbraindanceåÓa comp.ofstuff on aphexåÕs ;abel,sicomo nolistenedthe plaid albumquite gdthe new air hilariousalso boughtbraindancea compofstuff aphexs abel,0
ham,Pls tell nelson that the bb's are no longer comin. The money i was expecting aint coming,pls tell nelson bb longer comin money expecting aint coming,0
ham,"Give her something to drink, if she takes it and doesn't vomit then you her temp might drop. If she unmits however let me know.",give something drink take doesnt vomit temp might drop unmits however let know,0
ham,Think you sent the text to the home phone. That cant display texts. If you still want to send it his number is,think sent text home phone cant display text still want send number,0
ham,Every day i use to sleep after  &lt;#&gt;  so only.,every day use sleep ltgt,0
ham,K I'll call you when I'm close,k ill call im close,0
ham,U buy newspapers already?,u buy newspaper already,0
ham,Nope wif my sis lor... Aft bathing my dog then i can bathe... Looks like it's going 2 rain soon.,nope wif si lor aft bathing dog bathe look like going rain soon,0
ham,Boo I'm on my way to my moms. She's making tortilla soup. Yummmm,boo im way mom shes making tortilla soup yummmm,0
ham,No management puzzeles.,management puzzeles,0
ham,How did you find out in a way that didn't include all of these details,find way didnt include detail,0
spam,"Hi ya babe x u 4goten bout me?' scammers getting smart..Though this is a regular vodafone no, if you respond you get further prem rate msg/subscription. Other nos used also. Beware!",hi ya babe x u goten bout scammer getting smartthough regular vodafone respond get prem rate msgsubscription no used also beware,1
spam,Back 2 work 2morro half term over! Can U C me 2nite 4 some sexy passion B4 I have 2 go back? Chat NOW 09099726481 Luv DENA Calls å£1/minMobsmoreLKPOBOX177HP51FL,back work morro half term u c nite sexy passion b go back chat luv dena call minmobsmorelkpoboxhpfl,1
ham,will you like to be spoiled? :),like spoiled,0
spam,"Thanks for your ringtone order, ref number R836. Your mobile will be charged å£4.50. Should your tone not arrive please call customer services on 09065069154",thanks ringtone order ref number r mobile charged tone arrive please call customer service,1
ham,I am getting threats from your sales executive Shifad as i raised complaint against him. Its an official message.,getting threat sale executive shifad raised complaint official message,0
ham,hope things went well at 'doctors' ;) reminds me i still need 2go.did u c d little thing i left in the lounge?,hope thing went well doctor reminds still need godid u c little thing left lounge,0
ham,Den wat will e schedule b lk on sun?,den wat e schedule b lk sun,0
ham,Lol enjoy role playing much?,lol enjoy role playing much,0
ham,Ok. Me watching tv too.,ok watching tv,0
ham,I just lov this line: \Hurt me with the truth,lov line hurt truth,0
ham,"Just checked out, heading out to drop off my stuff now",checked heading drop stuff,0
ham,Here got lots of hair dresser fr china.,got lot hair dresser fr china,0
ham,Sad story of a Man - Last week was my b'day. My Wife did'nt wish me. My Parents forgot n so did my Kids . I went to work. Even my Colleagues did not wish.,sad story man last week bday wife didnt wish parent forgot n kid went work even colleague wish,0
ham,Ill call you evening ill some ideas.,ill call evening ill idea,0
spam,SplashMobile: Choose from 1000s of gr8 tones each wk! This is a subscrition service with weekly tones costing 300p. U have one credit - kick back and ENJOY,splashmobile choose gr tone wk subscrition service weekly tone costing p u one credit kick back enjoy,1
ham,Did you show him and wot did he say or could u not c him 4 dust?,show wot say could u c dust,0
ham,It should take about  &lt;#&gt;  min,take ltgt min,0
spam,Not heard from U4 a while. Call 4 rude chat private line 01223585334 to cum. Wan 2C pics of me gettin shagged then text PIX to 8552. 2End send STOP 8552 SAM xxx,heard u call rude chat private line cum wan c pic gettin shagged text pix end send stop sam xxx,1
spam,<Forwarded from 88877>FREE entry into our å£250 weekly comp just send the word ENTER to 88877 NOW. 18 T&C www.textcomp.com,forwarded free entry weekly comp send word enter tc,1
ham,Finish liao... U?,finish liao u,0
spam,88066 FROM 88066 LOST 3POUND HELP,lost pound help,1
ham,Haha i think i did too,haha think,0
ham,U know we watchin at lido?,u know watchin lido,0
ham,Life spend with someone for a lifetime may be meaningless but a few moments spent with someone who really love you means more than life itself..,life spend someone lifetime may meaningless moment spent someone really love mean life,0
ham,"Haha awesome, I've been to 4u a couple times. Who all's coming?",haha awesome ive u couple time alls coming,0
ham,Cold. Dont be sad dear,cold dont sad dear,0
ham,Think I could stop by in like an hour or so? My roommate's looking to stock up for a trip,think could stop like hour roommate looking stock trip,0
ham,Is that on the telly? No its Brdget Jones!,telly brdget jones,0
ham,Hello! How r u? Im bored. Inever thought id get bored with the tv but I am. Tell me something exciting has happened there? Anything! =/,hello r u im bored inever thought id get bored tv tell something exciting happened anything,0
ham,Hmm...Bad news...Hype park plaza $700 studio taken...Only left 2 bedrm-$900...,hmmbad newshype park plaza studio takenonly left bedrm,0
ham,R Ì_ comin back for dinner?,r comin back dinner,0
ham,"I hav almost reached. Call, i m unable to connect u.",hav almost reached call unable connect u,0
ham,Whom you waited for yesterday,waited yesterday,0
ham,I reach home safe n sound liao...,reach home safe n sound liao,0
ham,"Velly good, yes please!",velly good yes please,0
ham,"Hi, wkend ok but journey terrible. Wk not good as have huge back log of marking to do",hi wkend ok journey terrible wk good huge back log marking,0
ham,I have had two more letters from . I will copy them for you cos one has a message for you. Speak soon,two letter copy co one message speak soon,0
ham,Alex knows a guy who sells mids but he's down in south tampa and I don't think I could set it up before like 8,alex know guy sell mids he south tampa dont think could set like,0
ham,Dont you have message offer,dont message offer,0
spam,Had your mobile 11mths ? Update for FREE to Oranges latest colour camera mobiles & unlimited weekend calls. Call Mobile Upd8 on freefone 08000839402 or 2StopTx,mobile mths update free orange latest colour camera mobile unlimited weekend call call mobile upd freefone stoptx,1
ham,"HEY THERE BABE, HOW U DOIN? WOT U UP 2 2NITE LOVE ANNIE X.",hey babe u doin wot u nite love annie x,0
ham,Remind me how to get there and I shall do so,remind get shall,0
ham,:-( that's not v romantic!,thats v romantic,0
ham,Hello. Damn this christmas thing. I think i have decided to keep this mp3 that doesnt work.,hello damn christmas thing think decided keep mp doesnt work,0
spam,You have 1 new message. Please call 08718738034.,new message please call,1
ham,HI DARLIN IM MISSIN U HOPE YOU ARE HAVING A GOOD TIME. WHEN ARE U BACK AND WHAT TIME IF U CAN GIVE ME A CALL AT HOME. JESS XX,hi darlin im missin u hope good time u back time u give call home jess xx,0
spam,<Forwarded from 21870000>Hi - this is your Mailbox Messaging SMS alert. You have 4 messages. You have 21 matches. Please call back on 09056242159 to retrieve your messages and matches,forwarded hi mailbox messaging sm alert message match please call back retrieve message match,1
ham,Draw va?i dont think so:),draw vai dont think,0
ham,Dont pick up d call when something important is There to tell. Hrishi,dont pick call something important tell hrishi,0
ham,Nothin comes to my mind. ÌÏ help me buy hanger lor. Ur laptop not heavy?,nothin come mind help buy hanger lor ur laptop heavy,0
ham,"&lt;#&gt; , that's all? Guess that's easy enough",ltgt thats guess thats easy enough,0
ham,We can make a baby in yo tho,make baby yo tho,0
ham,Should I tell my friend not to come round til like  &lt;#&gt; ish?,tell friend come round til like ltgt ish,0
ham,Friendship poem: Dear O Dear U R Not Near But I Can Hear Dont Get Fear Live With Cheer No More Tear U R Always my Dear. Gud ni8,friendship poem dear dear u r near hear dont get fear live cheer tear u r always dear gud ni,0
ham,Still in the area of the restaurant. Ill try to come back soon,still area restaurant ill try come back soon,0
ham,"Aight that'll work, thanks",aight thatll work thanks,0
spam,Moby Pub Quiz.Win a å£100 High Street prize if u know who the new Duchess of Cornwall will be? Txt her first name to 82277.unsub STOP å£1.50 008704050406 SP Arrow,moby pub quizwin high street prize u know new duchess cornwall txt first name unsub stop sp arrow,1
ham,"I have 2 sleeping bags, 1 blanket and paper and  phone details. Anything else?",sleeping bag blanket paper phone detail anything else,0
spam,"Congratulations! Thanks to a good friend U have WON the å£2,000 Xmas prize. 2 claim is easy, just call 08718726971 NOW! Only 10p per minute. BT-national-rate.",congratulation thanks good friend u xmas prize claim easy call p per minute btnationalrate,1
spam,"tddnewsletter@emc1.co.uk (More games from TheDailyDraw) Dear Helen, Dozens of Free Games - with great prizesWith..",tddnewsletteremccouk game thedailydraw dear helen dozen free game great prizeswith,1
ham,So what do you guys do.,guy,0
ham,Also that chat was awesome but don't make it regular unless you can see her in person,also chat awesome dont make regular unless see person,0
ham,That's significant but dont worry.,thats significant dont worry,0
ham,That's cause your old. I live to be high.,thats cause old live high,0
ham,"Waqt se pehle or naseeb se zyada kisi ko kuch nahi milta,Zindgi wo nahi he jo hum sochte hai Zindgi wo hai jo ham jeetey hai..........",waqt se pehle naseeb se zyada kisi ko kuch nahi miltazindgi wo nahi jo hum sochte hai zindgi wo hai jo ham jeetey hai,0
ham,On the way to office da..,way office da,0
ham,In which place do you want da.,place want da,0
ham,This pain couldn't have come at a worse time.,pain couldnt come worse time,0
ham,Should I be stalking u?,stalking u,0
ham,Sorry dude. Dont know how i forgot. Even after Dan reminded me. Sorry. Hope you guys had fun.,sorry dude dont know forgot even dan reminded sorry hope guy fun,0
ham,Ok lor.,ok lor,0
ham,Apps class varaya elaya.,apps class varaya elaya,0
spam,"URGENT! Your mobile number *************** WON a å£2000 Bonus Caller prize on 10/06/03! This is the 2nd attempt to reach you! Call 09066368753 ASAP! Box 97N7QP, 150ppm",urgent mobile number bonus caller prize nd attempt reach call asap box nqp ppm,1
ham,That day you asked about anand number. Why:-),day asked anand number,0
ham,Am surfing online store. For offers do you want to buy any thing.,surfing online store offer want buy thing,0
ham,Long beach lor. Expected... U having dinner now?,long beach lor expected u dinner,0
ham,At home by the way,home way,0
ham,We are both fine. Thanks,fine thanks,0
ham,What happen to her tell the truth,happen tell truth,0
ham,Do you like Italian food?,like italian food,0
ham,Which is weird because I know I had it at one point,weird know one point,0
ham,"\Aww you must be nearly dead!Well Jez isComing over toDo some workAnd that whillTake forever!\""""",aww must nearly deadwell jez iscoming todo workand whilltake forever,0
ham,Tell your friends what you plan to do on Valentines day @ &lt;URL&gt;,tell friend plan valentine day lturlgt,0
ham,"Alright, see you in a bit",alright see bit,0
ham,Cheers for the message Zogtorius. IåÕve been staring at my phone for an age deciding whether to text or not.,cheer message zogtorius ive staring phone age deciding whether text,0
ham,I will take care of financial problem.i will help:),take care financial problemi help,0
ham,Tell dear what happen to you. Why you talking to me like an alian,tell dear happen talking like alian,0
spam,Double your mins & txts on Orange or 1/2 price linerental - Motorola and SonyEricsson with B/Tooth FREE-Nokia FREE Call MobileUpd8 on 08000839402 or2optout/HV9D,double min txts orange price linerental motorola sonyericsson btooth freenokia free call mobileupd oroptouthvd,1
ham,"Hi this is yijue, can i meet u at 11 tmr?",hi yijue meet u tmr,0
ham,Its posible dnt live in  &lt;#&gt; century cm frwd n thnk different,posible dnt live ltgt century cm frwd n thnk different,0
ham,But i dint slept in afternoon.,dint slept afternoon,0
ham,That seems unnecessarily affectionate,seems unnecessarily affectionate,0
ham,Yar else i'll thk of all sorts of funny things.,yar else ill thk sort funny thing,0
spam,"Download as many ringtones as u like no restrictions, 1000s 2 choose. U can even send 2 yr buddys. Txt Sir to 80082 å£3 ",download many ringtones u like restriction choose u even send yr buddy txt sir,1
ham,Thats cool. How was your day?,thats cool day,0
ham,R we going with the  &lt;#&gt;  bus?,r going ltgt bus,0
ham,"Hello, my love ! How went your day ? Are you alright ? I think of you, my sweet and send a jolt to your heart to remind you ... I LOVE YOU! Can you hear it ? I screamed it across the sea for all the world to hear. Ahmad al Hallaq is loved ! and owned ! *possessive passionate kiss*",hello love went day alright think sweet send jolt heart remind love hear screamed across sea world hear ahmad al hallaq loved owned possessive passionate kiss,0
ham,No..he joined today itself.,nohe joined today,0
ham,Okay same with me. Well thanks for the clarification,okay well thanks clarification,0
ham,I'll talk to the others and probably just come early tomorrow then,ill talk others probably come early tomorrow,0
spam,"Spook up your mob with a Halloween collection of a logo & pic message plus a free eerie tone, txt CARD SPOOK to 8007 zed 08701417012150p per logo/pic",spook mob halloween collection logo pic message plus free eerie tone txt card spook zed p per logopic,1
ham,"Had the money issue weigh me down but thanks to you, I can breathe easier now. I.ll make sure you dont regret it. Thanks.",money issue weigh thanks breathe easier ill make sure dont regret thanks,0
ham,Hi. I'm sorry i missed your call. Can you pls call back.,hi im sorry missed call pls call back,0
spam,"Fantasy Football is back on your TV. Go to Sky Gamestar on Sky Active and play å£250k Dream Team. Scoring starts on Saturday, so register now!SKY OPT OUT to 88088",fantasy football back tv go sky gamestar sky active play k dream team scoring start saturday register nowsky opt,1
ham,Ok then no need to tell me anything i am going to sleep good night,ok need tell anything going sleep good night,0
ham,Ok try to do week end course in coimbatore.,ok try week end course coimbatore,0
spam,Tone Club: Your subs has now expired 2 re-sub reply MONOC 4 monos or POLYC 4 polys 1 weekly @ 150p per week Txt STOP 2 stop This msg free Stream 0871212025016,tone club sub expired resub reply monoc mono polyc polys weekly p per week txt stop stop msg free stream,1
ham,V nice! Off 2 sheffield tom 2 air my opinions on categories 2 b used 2 measure ethnicity in next census. Busy transcribing. :-),v nice sheffield tom air opinion category b used measure ethnicity next census busy transcribing,0
ham,If you r @ home then come down within 5 min,r home come within min,0
ham,"A Boy loved a gal. He propsd bt she didnt mind. He gv lv lttrs, Bt her frnds threw thm. Again d boy decided 2 aproach d gal , dt time a truck was speeding towards d gal. Wn it was about 2 hit d girl,d boy ran like hell n saved her. She asked 'hw cn u run so fast?' D boy replied \Boost is d secret of my energy\"" n instantly d girl shouted \""our energy\"" n Thy lived happily 2gthr drinking boost evrydy Moral of d story:- I hv free msgs:D;): gud ni8""",boy loved gal propsd bt didnt mind gv lv lttrs bt frnds threw thm boy decided aproach gal dt time truck speeding towards gal wn hit girld boy ran like hell n saved asked hw cn u run fast boy replied boost secret energy n instantly girl shouted energy n thy lived happily gthr drinking boost evrydy moral story hv free msgsd gud ni,0
ham,"That day Ì_ say Ì_ cut ur hair at paragon, is it called hair sense? Do Ì_ noe how much is a hair cut? ",day say cut ur hair paragon called hair sense noe much hair cut,0
ham,"Hmm, too many of them unfortunately... Pics obviously arent hot cakes. Its kinda fun tho",hmm many unfortunately pic obviously arent hot cake kinda fun tho,0
ham,Watching tv lor... Y she so funny we bluff her 4 wat. Izzit because she thk it's impossible between us?,watching tv lor funny bluff wat izzit thk impossible u,0
spam,XMAS Prize draws! We are trying to contact U. Todays draw shows that you have won a å£2000 prize GUARANTEED. Call 09058094565 from land line. Valid 12hrs only,xmas prize draw trying contact u today draw show prize guaranteed call land line valid hr,1
ham,Dunno lei he neva say...,dunno lei neva say,0
ham,Thanx 4 2day! U r a goodmate I THINK UR RITE SARY! ASUSUAL!1 U CHEERED ME UP! LOVE U FRANYxxxxx,thanx day u r goodmate think ur rite sary asusual u cheered love u franyxxxxx,0
ham,I'm on my way home. Went to change batt 4 my watch then go shop a bit lor.,im way home went change batt watch go shop bit lor,0
spam,YES! The only place in town to meet exciting adult singles is now in the UK. Txt CHAT to 86688 now! 150p/Msg.,yes place town meet exciting adult single uk txt chat pmsg,1
ham,"Hi, Mobile no.  &lt;#&gt;  has added you in their contact list on www.fullonsms.com It s a great place to send free sms to people For more visit fullonsms.com",hi mobile ltgt added contact list great place send free sm people visit fullonsmscom,0
ham,"Good evening Sir, hope you are having a nice day. I wanted to bring it to your notice that I have been late in paying rent for the past few months and have had to pay a $ &lt;#&gt;  charge. I felt it would be inconsiderate of me to nag about something you give at great cost to yourself and that's why i didnt speak up. I however am in a recession and wont be able to pay the charge this month hence my askin well ahead of month's end. Can you please help. Thank you for everything.",good evening sir hope nice day wanted bring notice late paying rent past month pay ltgt charge felt would inconsiderate nag something give great cost thats didnt speak however recession wont able pay charge month hence askin well ahead month end please help thank everything,0
ham,"If i let you do this, i want you in the house by 8am.",let want house,0
ham,"Best line said in Love: . \I will wait till the day I can forget u Or The day u realize that u cannot forget me.\""... Gn""",best line said love wait till day forget u day u realize u cannot forget gn,0
ham,I will reach before ten morning,reach ten morning,0
ham,Your pussy is perfect!,pussy perfect,0
spam,"Someone has contacted our dating service and entered your phone becausethey fancy you! To find out who it is call from a landline 09058098002. PoBox1, W14RG 150p",someone contacted dating service entered phone becausethey fancy find call landline pobox wrg p,1
ham,No message..no responce..what happend?,messageno responcewhat happend,0
ham,Also where's the piece,also wheres piece,0
ham,"wiskey Brandy Rum Gin Beer Vodka Scotch Shampain Wine \KUDI\""yarasu dhina vaazhthukkal. ..""",wiskey brandy rum gin beer vodka scotch shampain wine kudiyarasu dhina vaazhthukkal,0
ham,Boo. How's things? I'm back at home and a little bored already :-(,boo hows thing im back home little bored already,0
ham,First has she gained more than  &lt;#&gt; kg since she took in. Second has she done the blood sugar tests. If she has and its ok and her blood pressure is within normal limits then no worries,first gained ltgt kg since took second done blood sugar test ok blood pressure within normal limit worry,0
ham,PICK UR FONE UP NOW U DUMB?,pick ur fone u dumb,0
ham,"Thanks da thangam, i feel very very happy dear. I also miss you da.",thanks da thangam feel happy dear also miss da,0
ham,"Okey doke. I'm at home, but not dressed cos laying around ill! Speak to you later bout times and stuff. ",okey doke im home dressed co laying around ill speak later bout time stuff,0
ham,I don't run away frm u... I walk slowly &amp; it kills me that u don't care enough to stop me...,dont run away frm u walk slowly amp kill u dont care enough stop,0
ham,"Babe, I'm back ... Come back to me ...",babe im back come back,0
ham,Well you told others you'd marry them...,well told others youd marry,0
ham,Neshanth..tel me who r u?,neshanthtel r u,0
ham,YO YO YO BYATCH WHASSUP?,yo yo yo byatch whassup,0
ham,Oh... Kay... On sat right?,oh kay sat right,0
ham,Hi! This is Roger from CL. How are you?,hi roger cl,0
spam,Babe: U want me dont u baby! Im nasty and have a thing 4 filthyguys. Fancy a rude time with a sexy bitch. How about we go slo n hard! Txt XXX SLO(4msgs),babe u want dont u baby im nasty thing filthyguys fancy rude time sexy bitch go slo n hard txt xxx slomsgs,1
ham,Oh oh... Wasted... Den muz chiong on sat n sun liao...,oh oh wasted den muz chiong sat n sun liao,0
ham,Jesus christ bitch I'm trying to give you drugs answer your fucking phone,jesus christ bitch im trying give drug answer fucking phone,0
ham,Please give it 2  or i will pick it up on Tuesday evening about 8 if that is ok.,please give pick tuesday evening ok,0
ham,I'm meeting Darren...,im meeting darren,0
ham,One of best dialogue in cute reltnship..!! \Wen i Die,one best dialogue cute reltnship wen die,0
ham,"Solve d Case : A Man Was Found Murdered On  &lt;DECIMAL&gt; . &lt;#&gt;  AfterNoon. 1,His wife called Police. 2,Police questioned everyone. 3,Wife: Sir,I was sleeping, when the murder took place. 4.Cook: I was cooking. 5.Gardener: I was picking vegetables. 6.House-Maid: I went 2 d post office. 7.Children: We went 2 play. 8.Neighbour: We went 2 a marriage. Police arrested d murderer Immediately. Who's It? Reply With Reason, If U r Brilliant.",solve case man found murdered ltdecimalgt ltgt afternoon wife called police police questioned everyone wife siri sleeping murder took place cook cooking gardener picking vegetable housemaid went post office child went play neighbour went marriage police arrested murderer immediately who reply reason u r brilliant,0
ham,Dear where you will be when i reach there,dear reach,0
ham,Aww that's the first time u said u missed me without asking if I missed u first. You DO love me! :),aww thats first time u said u missed without asking missed u first love,0
ham,Ok... Thanx... Gd nite 2 Ì_ too...,ok thanx gd nite,0
ham,"Come to me right now, Ahmad",come right ahmad,0
ham,Lol please do. Actually send a pic of yourself right now. I wanna see. Pose with a comb and hair dryer or something.,lol please actually send pic right wanna see pose comb hair dryer something,0
ham,O was not into fps then.,fps,0
ham,Huh means computational science... Y they like dat one push here n there...,huh mean computational science like dat one push n,0
ham,"Could you not read me, my Love ? I answered you",could read love answered,0
ham,Oh... Lk tt den we take e one tt ends at cine lor... Dun wan yogasana oso can... ,oh lk tt den take e one tt end cine lor dun wan yogasana oso,0
ham,"Madam,regret disturbance.might receive a reference check from DLF Premarica.kindly be informed.Rgds,Rakhesh,Kerala.",madamregret disturbancemight receive reference check dlf premaricakindly informedrgdsrakheshkerala,0
spam,SMS SERVICES For your inclusive text credits pls gotto www.comuk.net login 3qxj9 unsubscribe with STOP no extra charge help 08702840625 comuk.220cm2 9AE,sm service inclusive text credit pls gotto login qxj unsubscribe stop extra charge help comukcm ae,1
ham,Oic... Then better quickly go bathe n settle down...,oic better quickly go bathe n settle,0
ham,Err... Cud do. I'm going to  at 8pm. I haven't got a way to contact him until then.,err cud im going pm havent got way contact,0
ham,A bloo bloo bloo I'll miss the first bowl,bloo bloo bloo ill miss first bowl,0
ham,Lmao but its so fun...,lmao fun,0
ham,Oh k k:)but he is not a big hitter.anyway good,oh k kbut big hitteranyway good,0
ham,Hey!!! I almost forgot ... Happy B-day babe ! I love ya!!,hey almost forgot happy bday babe love ya,0
ham,Do you think i can move  &lt;#&gt;  in a week,think move ltgt week,0
ham,She.s find. I sent you an offline message to know how anjola's now.,shes find sent offline message know anjolas,0
spam,Guess who am I?This is the first time I created a web page WWW.ASJESUS.COM read all I wrote. I'm waiting for your opinions. I want to be your friend 1/1,guess ithis first time created web page read wrote im waiting opinion want friend,1
ham,How was txting and driving,txting driving,0
ham,That's good. Lets thank God. Please complete the drug. Have lots of water. And have a beautiful day.,thats good let thank god please complete drug lot water beautiful day,0
ham,Really dun bluff me leh... U sleep early too. Nite...,really dun bluff leh u sleep early nite,0
ham,"Indians r poor but India is not a poor country. Says one of the swiss bank directors. He says that \ &lt;#&gt;  lac crore\"" of Indian money is deposited in swiss banks which can be used for 'taxless' budget for  &lt;#&gt;  yrs. Can give  &lt;#&gt;  crore jobs to all Indians. From any village to Delhi 4 lane roads. Forever free power suply to more than  &lt;#&gt;  social projects. Every citizen can get monthly  &lt;#&gt; /- for  &lt;#&gt;  yrs. No need of World Bank &amp; IMF loan. Think how our money is blocked by rich politicians. We have full rights against corrupt politicians. Itna forward karo ki pura INDIA padhe.g.m.\""""",indian r poor india poor country say one swiss bank director say ltgt lac crore indian money deposited swiss bank used taxless budget ltgt yr give ltgt crore job indian village delhi lane road forever free power suply ltgt social project every citizen get monthly ltgt ltgt yr need world bank amp imf loan think money blocked rich politician full right corrupt politician itna forward karo ki pura india padhegm,0
ham,Uncle boye. I need movies oh. Guide me. Plus you know torrents are not particularly legal here. And the system is slowing down. What should i do. Have a gr8 day. Plus have you started cos i dont meet you online. How was the honey moon.,uncle boye need movie oh guide plus know torrent particularly legal system slowing gr day plus started co dont meet online honey moon,0
ham,Oh ya ya. I remember da. .,oh ya ya remember da,0
ham,Btw regarding that we should really try to see if anyone else can be our 4th guy before we commit to a random dude,btw regarding really try see anyone else th guy commit random dude,0
spam,"For ur chance to win å£250 cash every wk TXT: PLAY to 83370. T's&C's www.music-trivia.net custcare 08715705022, 1x150p/wk.",ur chance win cash every wk txt play tscs custcare xpwk,1
ham,I not busy juz dun wan 2 go so early.. Hee.. ,busy juz dun wan go early hee,0
ham,Rightio. 11.48 it is then. Well arent we all up bright and early this morning.,rightio well arent bright early morning,0
ham,"Great. I'm in church now, will holla when i get out",great im church holla get,0
ham,Back in brum! Thanks for putting us up and keeping us all and happy. See you soon ,back brum thanks putting u keeping u happy see soon,0
ham,I donno if they are scorable,donno scorable,0
ham,&lt;#&gt;  great loxahatchee xmas tree burning update: you can totally see stars here,ltgt great loxahatchee xmas tree burning update totally see star,0
ham,"Yes but i dont care! I need you bad, princess!",yes dont care need bad princess,0
ham,"The guy (kadeem) hasn't been selling since the break, I know one other guy but he's paranoid as fuck and doesn't like selling without me there and I can't be up there til late tonight",guy kadeem hasnt selling since break know one guy he paranoid fuck doesnt like selling without cant til late tonight,0
ham,Tmr then Ì_ brin lar... Aiya later i come n c lar... Mayb Ì_ neva set properly Ì_ got da help sheet wif Ì_...,tmr brin lar aiya later come n c lar mayb neva set properly got da help sheet wif,0
ham,Do u knw dis no. &lt;#&gt; ?,u knw dis ltgt,0
ham,Then she dun believe wat?,dun believe wat,0
ham,K..give back my thanks.,kgive back thanks,0
ham,I know complain num only..bettr directly go to bsnl offc nd apply for it..,know complain num onlybettr directly go bsnl offc nd apply,0
ham,Okay. I've seen it. So i should pick it on friday?,okay ive seen pick friday,0
ham,How much she payed. Suganya.,much payed suganya,0
ham,Left dessert. U wan me 2 go suntec look 4 u?,left dessert u wan go suntec look u,0
ham,"Abeg, make profit. But its a start. Are you using it to get sponsors for the next event?",abeg make profit start using get sponsor next event,0
ham,Onum ela pa. Normal than.,onum ela pa normal,0
ham,K.k..how is your sister kids?,kkhow sister kid,0
ham,"Cool, I'll text you when I'm on the way",cool ill text im way,0
ham,Nope. Meanwhile she talk say make i greet you.,nope meanwhile talk say make greet,0
ham,i cant talk to you now.i will call when i can.dont keep calling.,cant talk nowi call candont keep calling,0
ham,Anything lar...,anything lar,0
ham,"Rose needs water, season needs change, poet needs imagination..My phone needs ur sms and i need ur lovely frndship forever....",rose need water season need change poet need imaginationmy phone need ur sm need ur lovely frndship forever,0
ham,"Good afternoon, babe. How goes that day ? Any job prospects yet ? I miss you, my love ... *sighs* ... :-(",good afternoon babe go day job prospect yet miss love sigh,0
ham,They will pick up and drop in car.so no problem..,pick drop carso problem,0
ham,S.i think he is waste for rr..,si think waste rr,0
ham,He is world famamus....,world famamus,0
ham,Is there coming friday is leave for pongal?do you get any news from your work place.,coming friday leave pongaldo get news work place,0
ham,Lol well don't do it without me. We could have a big sale together.,lol well dont without could big sale together,0
ham,* Am on my way,way,0
ham,Eat at old airport road... But now 630 oredi... Got a lot of pple...,eat old airport road oredi got lot pple,0
ham,"sry can't talk on phone, with parents",sry cant talk phone parent,0
ham,Ok lor wat time Ì_ finish?,ok lor wat time finish,0
ham,"Princess, i like to make love  &lt;#&gt;  times per night. Hope thats not a problem!",princess like make love ltgt time per night hope thats problem,0
ham,Mm i am on the way to railway,mm way railway,0
ham,"I'm done. I'm sorry. I hope your next space gives you everything you want. Remember all the furniture is yours. If i'm not around when you move it, just lock all the locks and leave the key with jenne.",im done im sorry hope next space give everything want remember furniture im around move lock lock leave key jenne,0
ham,Not yet. Just i'd like to keep in touch and it will be the easiest way to do that from barcelona. By the way how ru and how is the house?,yet id like keep touch easiest way barcelona way ru house,0
spam,"Sppok up ur mob with a Halloween collection of nokia logo&pic message plus a FREE eerie tone, txt CARD SPOOK to 8007",sppok ur mob halloween collection nokia logopic message plus free eerie tone txt card spook,1
spam,"Urgent! call 09066612661 from landline. Your complementary 4* Tenerife Holiday or å£10,000 cash await collection SAE T&Cs PO Box 3 WA14 2PX 150ppm 18+ Sender: Hol Offer",urgent call landline complementary tenerife holiday cash await collection sae tc po box wa px ppm sender hol offer,1
ham,K.:)do it at evening da:)urgent:),kdo evening daurgent,0
ham,Pansy! You've been living in a jungle for two years! Its my driving you should be more worried about!,pansy youve living jungle two year driving worried,0
ham,Mm have some kanji dont eat anything heavy ok,mm kanji dont eat anything heavy ok,0
ham,Only if you promise your getting out as SOON as you can. And you'll text me in the morning to let me know you made it in ok.,promise getting soon youll text morning let know made ok,0
ham,Lol that's different. I don't go trying to find every real life photo you ever took.,lol thats different dont go trying find every real life photo ever took,0
ham,I dont thnk its a wrong calling between us,dont thnk wrong calling u,0
ham,K ill drink.pa then what doing. I need srs model pls send it to my mail id pa.,k ill drinkpa need sr model pls send mail id pa,0
ham,Aiyah e rain like quite big leh. If drizzling i can at least run home.,aiyah e rain like quite big leh drizzling least run home,0
ham,I have 2 docs appointments next week.:/ I'm tired of them shoving stuff up me. Ugh why couldn't I have had a normal body?,doc appointment next week im tired shoving stuff ugh couldnt normal body,0
ham,Dun b sad.. It's over.. Dun thk abt it already. Concentrate on ur other papers k.,dun b sad dun thk abt already concentrate ur paper k,0
ham,"Greetings me, ! Consider yourself excused.",greeting consider excused,0
ham,No drama Pls.i have had enough from you and family while i am struggling in the hot sun in a strange place.No reason why there should be an ego of not going 'IF NOT INVITED' when actually its necessity to go.wait for very serious reppurcussions.,drama plsi enough family struggling hot sun strange placeno reason ego going invited actually necessity gowait serious reppurcussions,0
ham,they released another Italian one today and it has a cosign option,released another italian one today cosign option,0
ham,"You at mu? You should try to figure out how much money everyone has for gas and alcohol, jay and I are trying to figure out our weed budget",mu try figure much money everyone gas alcohol jay trying figure weed budget,0
spam,WINNER! As a valued network customer you hvae been selected to receive a å£900 reward! To collect call 09061701444. Valid 24 hours only. ACL03530150PM,winner valued network customer hvae selected receive reward collect call valid hour aclpm,1
ham,HCL chennai requires FRESHERS for voice process.Excellent english needed.Salary upto  &lt;#&gt; .Call Ms.Suman  &lt;#&gt;  for Telephonic interview -via Indyarocks.com,hcl chennai requires fresher voice processexcellent english neededsalary upto ltgt call mssuman ltgt telephonic interview via indyarockscom,0
ham,Dai what this da.. Can i send my resume to this id.,dai da send resume id,0
ham,"I know where the  &lt;#&gt;  is, I'll be there around 5",know ltgt ill around,0
ham,Yup i've finished c Ì_ there...,yup ive finished c,0
ham,Remember to ask alex about his pizza,remember ask alex pizza,0
ham,No da..today also i forgot..,datoday also forgot,0
ham,"Ola would get back to you maybe not today but I ve told him you can be his direct link in the US in getting cars he bids for online, you arrange shipping and you get a cut. Or U????? For a partnership where U????? Invest money for shipping and he takes care of the rest!U??Wud b self reliant soon dnt worry",ola would get back maybe today told direct link u getting car bid online arrange shipping get cut u partnership u invest money shipping take care restuwud b self reliant soon dnt worry,0
ham,Fwiw the reason I'm only around when it's time to smoke is that because of gas I can only afford to be around when someone tells me to be and that apparently only happens when somebody wants to light up,fwiw reason im around time smoke gas afford around someone tell apparently happens somebody want light,0
ham,"Hello, my boytoy! I made it home and my constant thought is of you, my love. I hope your having a nice visit but I can't wait till you come home to me ...*kiss*",hello boytoy made home constant thought love hope nice visit cant wait till come home kiss,0
ham,Congrats kano..whr s the treat maga?,congrats kanowhr treat maga,0
ham,Who u talking about?,u talking,0
ham,"U wake up already? Wat u doing? U picking us up later rite? I'm taking sq825, reaching ard 7 smth 8 like dat. U can check e arrival time. C ya soon...",u wake already wat u u picking u later rite im taking sq reaching ard smth like dat u check e arrival time c ya soon,0
ham,Yunny i'm walking in citylink now Ì_ faster come down... Me very hungry...,yunny im walking citylink faster come hungry,0
ham,Er yep sure. Props?,er yep sure prop,0
ham,"Hiya , have u been paying money into my account? If so, thanks. Got a pleasant surprise when i checked my balance -u c, i don't get statements 4 that acc",hiya u paying money account thanks got pleasant surprise checked balance u c dont get statement acc,0
spam,U have won a nokia 6230 plus a free digital camera. This is what u get when u win our FREE auction. To take part send NOKIA to 83383 now. POBOX114/14TCR/W1 16,u nokia plus free digital camera u get u win free auction take part send nokia poboxtcrw,1
ham,Ok ill send you with in  &lt;DECIMAL&gt;  ok.,ok ill send ltdecimalgt ok,0
ham,Bognor it is! Should be splendid at this time of year.,bognor splendid time year,0
ham,Yes.i'm in office da:),yesim office da,0
ham,Ok. I only ask abt e movie. U wan ktv oso?,ok ask abt e movie u wan ktv oso,0
ham,Misplaced your number and was sending texts to your old number. Wondering why i've not heard from you this year. All the best in your mcat. Got this number from my atlanta friends,misplaced number sending text old number wondering ive heard year best mcat got number atlanta friend,0
ham,Dunno lei... I might b eatin wif my frens... If Ì_ wan to eat then i wait 4 Ì_ lar,dunno lei might b eatin wif frens wan eat wait lar,0
spam,FREE entry into our å£250 weekly comp just send the word WIN to 80086 NOW. 18 T&C www.txttowin.co.uk,free entry weekly comp send word win tc,1
ham,Do u noe how 2 send files between 2 computers?,u noe send file computer,0
ham,"Mmmmm ... I loved waking to your words this morning ! I miss you too, my Love. I hope your day goes well and you are happy. I wait for us to be together again",mmmmm loved waking word morning miss love hope day go well happy wait u together,0
ham,jay says he'll put in  &lt;#&gt;,jay say hell put ltgt,0
ham,Can you just come in for a sec? There's somebody here I want you to see,come sec there somebody want see,0
ham,So the sun is anti sleep medicine.,sun anti sleep medicine,0
ham,What's happening with you. Have you gotten a job and have you begun registration for permanent residency,whats happening gotten job begun registration permanent residency,0
ham,Yup ok...,yup ok,0
ham,Glad it went well :) come over at 11 then we'll have plenty of time before claire goes to work.,glad went well come well plenty time claire go work,0
ham,Ok enjoy . R u there in home.,ok enjoy r u home,0
ham,"Can you pls pls send me a mail on all you know about relatives coming to deliver here? All you know about costs, risks, benefits and anything else. Thanks.",pls pls send mail know relative coming deliver know cost risk benefit anything else thanks,0
ham,You do what all you like,like,0
ham,That's y we haf to combine n c how lor...,thats haf combine n c lor,0
ham,The monthly amount is not that terrible and you will not pay anything till 6months after finishing school.,monthly amount terrible pay anything till month finishing school,0
ham,Hmmm:)how many players selected?,hmmmhow many player selected,0
ham,"They said if its gonna snow, it will start around 8 or 9 pm tonite! They are predicting an inch of accumulation.",said gonna snow start around pm tonite predicting inch accumulation,0
ham,I dont. Can you send it to me. Plus how's mode.,dont send plus hows mode,0
ham,Aiyo please Ì_ got time meh.,aiyo please got time meh,0
ham,Package all your programs well,package program well,0
ham,"She is our sister.. She belongs 2 our family.. She is d hope of tomorrow.. Pray 4 her,who was fated 4 d Shoranur train incident. Lets hold our hands together &amp; fuelled by love &amp; concern prior 2 her grief &amp; pain. Pls join in dis chain &amp; pass it. STOP VIOLENCE AGAINST WOMEN.",sister belongs family hope tomorrow pray herwho fated shoranur train incident let hold hand together amp fuelled love amp concern prior grief amp pain pls join dis chain amp pas stop violence woman,0
ham,So are you guys asking that i get that slippers again or its gone with last year,guy asking get slipper gone last year,0
ham,Company is very good.environment is terrific and food is really nice:),company goodenvironment terrific food really nice,0
spam,"Text82228>> Get more ringtones, logos and games from www.txt82228.com. Questions: info@txt82228.co.uk",text get ringtones logo game question infotxtcouk,1
ham,Honestly i've just made a lovely cup of tea and promptly dropped my keys in it and then burnt my fingers getting them out!,honestly ive made lovely cup tea promptly dropped key burnt finger getting,0
ham,Yup but not studying surfing lor. I'm in e lazy mode today.,yup studying surfing lor im e lazy mode today,0
ham,Please sen :)my kind advice :-)please come here and try:-),please sen kind advice please come try,0
ham,I'm done. C Ì_ there.,im done c,0
ham,"Oh fine, I'll be by tonight",oh fine ill tonight,0
ham,ÌÏ give me some time to walk there.,give time walk,0
ham,I'll reach in ard 20 mins ok...,ill reach ard min ok,0
spam,"FreeMSG You have been awarded a FREE mini DIGITAL CAMERA, just reply SNAP to collect your prize! (quizclub Opt out? Stop 80122300p/wk SP:RWM Ph:08704050406)",freemsg awarded free mini digital camera reply snap collect prize quizclub opt stop pwk sprwm ph,1
ham,Fuck babe ... What happened to you ? How come you never came back?,fuck babe happened come never came back,0
spam,This message is brought to you by GMW Ltd. and is not connected to the,message brought gmw ltd connected,1
ham,"Some friends want me to drive em someplace, probably take a while",friend want drive em someplace probably take,0
ham,I also thk too fast... Xy suggest one not me. U dun wan it's ok. Going 2 rain leh where got gd.,also thk fast xy suggest one u dun wan ok going rain leh got gd,0
ham,Are you still getting the goods.,still getting good,0
ham,And maybe some pressies,maybe pressies,0
ham,"Yeah I am, so I'll leave maybe 7ish?",yeah ill leave maybe ish,0
ham,I told her I had a Dr appt next week. She thinks I'm gonna die. I told her its just a check. Nothing to be worried about. But she didn't listen.,told dr appt next week think im gonna die told check nothing worried didnt listen,0
ham,You in your room? I need a few,room need,0
ham,I dont want to hear anything,dont want hear anything,0
ham,Hey. For me there is no leave on friday. Wait i will ask my superior and tell you..,hey leave friday wait ask superior tell,0
ham,Ultimately tor motive tui achieve korli.,ultimately tor motive tui achieve korli,0
ham,From 5 to 2 only my work timing.,work timing,0
ham,Û_ and donÛ÷t worry weÛ÷ll have finished by march Û_ ish!,dont worry well finished march ish,0
ham,"The house is on the water with a dock, a boat rolled up with a newscaster who dabbles in jazz flute behind the wheel",house water dock boat rolled newscaster dabbles jazz flute behind wheel,0
spam,"Congrats 2 mobile 3G Videophones R yours. call 09063458130 now! videochat wid ur mates, play java games, Dload polypH music, noline rentl. bx420. ip4. 5we. 150p",congrats mobile g videophones r call videochat wid ur mate play java game dload polyph music noline rentl bx ip p,1
spam,Your next amazing xxx PICSFREE1 video will be sent to you enjoy! If one vid is not enough for 2day text back the keyword PICSFREE1 to get the next video.,next amazing xxx picsfree video sent enjoy one vid enough day text back keyword picsfree get next video,1
ham,Now thats going to ruin your thesis!,thats going ruin thesis,0
ham,In sch but neva mind u eat 1st lor..,sch neva mind u eat st lor,0
ham,Hey whats up? U sleeping all morning?,hey whats u sleeping morning,0
ham,Erm. I thought the contract ran out the4th of october.,erm thought contract ran theth october,0
ham,I dunno until when... Lets go learn pilates...,dunno let go learn pilate,0
spam,U are subscribed to the best Mobile Content Service in the UK for å£3 per ten days until you send STOP to 83435. Helpline 08706091795.,u subscribed best mobile content service uk per ten day send stop helpline,1
ham,Yup i'm elaborating on the safety aspects and some other issues..,yup im elaborating safety aspect issue,0
spam,"3 FREE TAROT TEXTS! Find out about your love life now! TRY 3 FOR FREE! Text CHANCE to 85555 16 only! After 3 Free, Msgs å£1.50 each",free tarot text find love life try free text chance free msg,1
ham,"Goodmorning, today i am late for 1hr.",goodmorning today late hr,0
ham,Hi happy birthday. Hi hi hi hi hi hi hi,hi happy birthday hi hi hi hi hi hi hi,0
ham,I will be outside office take all from there,outside office take,0
ham,If you don't respond imma assume you're still asleep and imma start calling n shit,dont respond imma assume youre still asleep imma start calling n shit,0
ham,"Aight, see you in a bit",aight see bit,0
ham,My superior telling that friday is leave for all other department except ours:)so it will be leave for you:)any way call waheed fathima hr and conform it:),superior telling friday leave department except oursso leave youany way call waheed fathima hr conform,0
spam,Join the UK's horniest Dogging service and u can have sex 2nite!. Just sign up and follow the instructions. Txt ENTRY to 69888 now! Nyt.EC2A.3LP.msg@150p,join uk horniest dogging service u sex nite sign follow instruction txt entry nytecalpmsgp,1
ham,Lol I have to take it. member how I said my aunt flow didn't visit for 6 months? It's cause I developed ovarian cysts. Bc is the only way to shrink them.,lol take member said aunt flow didnt visit month cause developed ovarian cyst bc way shrink,0
ham,Still work going on:)it is very small house.,still work going onit small house,0
ham,"My friend just got here and says he's upping his order by a few grams (he's got $ &lt;#&gt; ), when can you get here?",friend got say he upping order gram he got ltgt get,0
ham,Tmr timin still da same wat cos i got lesson until 6...,tmr timin still da wat co got lesson,0
ham,"ThatÛ÷s the thing with apes, u can fight to the death to keep something, but the minute they have it when u let go, thats it!",thats thing ape u fight death keep something minute u let go thats,0
ham,No i'm not gonna be able to. || too late notice. || i'll be home in a few weeks anyway. || what are the plans,im gonna able late notice ill home week anyway plan,0
ham,"Got fujitsu, ibm, hp, toshiba... Got a lot of model how to say...",got fujitsu ibm hp toshiba got lot model say,0
ham,Okie... Thanx...,okie thanx,0
ham,"Gosh that , what a pain. Spose I better come then.",gosh pain spose better come,0
ham,"As usual..iam fine, happy &amp; doing well..:)",usualiam fine happy amp well,0
ham,So when you gonna get rimac access ,gonna get rimac access,0
ham,"\Im at arestaurant eating squid! i will be out about 10:30 wanna dosomething or is that to late?\""""",im arestaurant eating squid wanna dosomething late,0
ham,You call times job today ok umma and ask them to speed up,call time job today ok umma ask speed,0
ham,"\HELLO U.CALL WEN U FINISH WRK.I FANCY MEETIN UP WIV U ALL TONITE AS I NEED A BREAK FROM DABOOKS. DID 4 HRS LAST NITE+2 TODAY OF WRK!\""""",hello ucall wen u finish wrki fancy meetin wiv u tonite need break dabooks hr last nite today wrk,0
ham,R U &SAM P IN EACHOTHER. IF WE MEET WE CAN GO 2 MY HOUSE,r u sam p eachother meet go house,0
ham,:-) yeah! Lol. Luckily i didn't have a starring role like you!,yeah lol luckily didnt starring role like,0
ham,Hello madam how are you ?,hello madam,0
ham,"Awesome, text me when you're restocked",awesome text youre restocked,0
spam,Knock Knock Txt whose there to 80082 to enter r weekly draw 4 a å£250 gift voucher 4 a store of yr choice. T&Cs www.tkls.com age16 to stoptxtstopå£1.50/week,knock knock txt whose enter r weekly draw gift voucher store yr choice tc age stoptxtstopweek,1
ham,Yes. It's all innocent fun. O:-),yes innocent fun,0
ham,Thanks for sending this mental ability question..,thanks sending mental ability question,0
ham,"Sir, hope your day is going smoothly. i really hoped i wont have to bother you about this. I have some bills that i can't settle this month. I am out of all extra cash. I know this is a challenging time for you also but i have to let you know.",sir hope day going smoothly really hoped wont bother bill cant settle month extra cash know challenging time also let know,0
ham,2marrow only. Wed at  &lt;#&gt;  to 2 aha.,marrow wed ltgt aha,0
ham,I went to ur hon lab but no one is there.,went ur hon lab one,0
ham,Hey pple...$700 or $900 for 5 nights...Excellent location wif breakfast hamper!!!,hey pple nightsexcellent location wif breakfast hamper,0
spam,<Forwarded from 21870000>Hi - this is your Mailbox Messaging SMS alert. You have 40 matches. Please call back on 09056242159 to retrieve your messages and matches cc100p/min,forwarded hi mailbox messaging sm alert match please call back retrieve message match ccpmin,1
ham,Lol! Nah wasn't too bad thanks. Its good to b home but its been quite a reality check. Hows ur day been? Did u do anything with website?,lol nah wasnt bad thanks good b home quite reality check hows ur day u anything website,0
ham,S da..al r above  &lt;#&gt;,daal r ltgt,0
spam,"FREE RING TONE just text \POLYS\"" to 87131. Then every week get a new tone. 0870737910216yrs only å£1.50/wk.""",free ring tone text polys every week get new tone yr wk,1
ham,Unni thank you dear for the recharge..Rakhesh,unni thank dear rechargerakhesh,0
ham,I know I'm lacking on most of this particular dramastorm's details but for the most part I'm not worried about that,know im lacking particular dramastorms detail part im worried,0
ham,Haha... They cant what... At the most tmr forfeit... haha so how?,haha cant tmr forfeit haha,0
ham,"Hey there! Glad u r better now. I hear u treated urself to a digi cam, is it good? We r off at 9pm. Have a fab new year, c u in coupla wks!",hey glad u r better hear u treated urself digi cam good r pm fab new year c u coupla wks,0
ham,No way I'm going back there!,way im going back,0
spam,"URGENT! Your mobile No 077xxx WON a å£2,000 Bonus Caller Prize on 02/06/03! This is the 2nd attempt to reach YOU! Call 09066362206 ASAP! BOX97N7QP, 150ppm",urgent mobile xxx bonus caller prize nd attempt reach call asap boxnqp ppm,1
ham,I WILL CAL YOU SIR. In meeting,cal sir meeting,0
ham,"That's what I love to hear :V see you sundayish, then",thats love hear v see sundayish,0
ham,"Sorry da thangam, very very sorry i am held up with prasad.",sorry da thangam sorry held prasad,0
ham,Tiwary to rcb.battle between bang and kochi.,tiwary rcbbattle bang kochi,0
ham,Thank god they are in bed!,thank god bed,0
ham,No I don't have cancer. Moms making a big deal out of a regular checkup aka pap smear,dont cancer mom making big deal regular checkup aka pap smear,0
ham,Am in gobi arts college,gobi art college,0
ham,Why she wants to talk to me,want talk,0
ham,Pandy joined 4w technologies today.he got job..,pandy joined w technology todayhe got job,0
ham,"They can try! They can get lost, in fact. Tee hee",try get lost fact tee hee,0
ham,My friends use to call the same.,friend use call,0
ham,"Em, its olowoyey@ usc.edu have a great time in argentina. Not sad about secretary, everything is a blessing",em olowoyey uscedu great time argentina sad secretary everything blessing,0
ham,"It,,s a taxt massage....tie-pos argh ok! Lool!",taxt massagetiepos argh ok lool,0
ham,"Hi, can i please get a  &lt;#&gt;  dollar loan from you. I.ll pay you back by mid february. Pls.",hi please get ltgt dollar loan ill pay back mid february pls,0
ham,"You might want to pull out more just in case and just plan on not spending it if you can, I don't have much confidence in derek and taylor's money management",might want pull case plan spending dont much confidence derek taylor money management,0
ham,Do you like shaking your booty on the dance floor?,like shaking booty dance floor,0
ham,"Text me when you get off, don't call, my phones having problems",text get dont call phone problem,0
ham,No need for the drug anymore.,need drug anymore,0
ham,Sorry da:)i was thought of calling you lot of times:)lil busy.i will call you at noon..,sorry dai thought calling lot timeslil busyi call noon,0
ham,Its sarcasm.. .nt scarcasim,sarcasm nt scarcasim,0
ham,Great! I have to run now so ttyl!,great run ttyl,0
ham,Feel like trying kadeem again? :V,feel like trying kadeem v,0
ham,Dai  &lt;#&gt;  naal eruku.,dai ltgt naal eruku,0
ham,Not yet chikku..wat abt u?,yet chikkuwat abt u,0
ham,Want to finally have lunch today?,want finally lunch today,0
ham,Do you know when dad will be back?,know dad back,0
spam,"Hello darling how are you today? I would love to have a chat, why dont you tell me what you look like and what you are in to sexy?",hello darling today would love chat dont tell look like sexy,1
spam,8007 FREE for 1st week! No1 Nokia tone 4 ur mob every week just txt NOKIA to 8007 Get txting and tell ur mates www.getzed.co.uk POBox 36504 W4 5WQ norm 150p/tone 16+,free st week nokia tone ur mob every week txt nokia get txting tell ur mate pobox w wq norm ptone,1
ham,He remains a bro amongst bros,remains bro amongst bros,0
ham,R u meeting da ge at nite tmr?,r u meeting da ge nite tmr,0
ham,"* Was a nice day and, impressively, i was sensible, went home early and now feel fine. Or am i just boring?! When's yours, i can't remember.",nice day impressively sensible went home early feel fine boring whens cant remember,0
ham,Why de. You looking good only:-)..,de looking good,0
spam,Wanna get laid 2nite? Want real Dogging locations sent direct to ur mobile? Join the UK's largest Dogging Network. Txt PARK to 69696 now! Nyt. ec2a. 3lp å£1.50/msg,wanna get laid nite want real dogging location sent direct ur mobile join uk largest dogging network txt park nyt eca lp msg,1
spam,we tried to contact you re your response to our offer of a new nokia fone and camcorder hit reply or call 08000930705 for delivery,tried contact response offer new nokia fone camcorder hit reply call delivery,1
ham,Yes. They replied my mail. I'm going to the management office later. Plus will in to bank later also.or on wednesday.,yes replied mail im going management office later plus bank later alsoor wednesday,0
ham,"That's cool, I'll come by like  &lt;#&gt; ish",thats cool ill come like ltgt ish,0
ham,Super msg da:)nalla timing.,super msg danalla timing,0
ham,"Good afternoon, my boytoy ... How are you feeling today ? Better I hope? Are you being my good boy? Are you my obedient, slave? Do you please your Queen?",good afternoon boytoy feeling today better hope good boy obedient slave please queen,0
ham,I am 6 ft. We will be a good combination!,ft good combination,0
ham,I'm sick !! I'm needy !! I want you !! *pouts* *stomps feet* Where are you ?! *pouts* *stomps feet* I want my slave !! I want him now !!,im sick im needy want pout stomp foot pout stomp foot want slave want,0
ham,* Am on a train back from northampton so i'm afraid not!,train back northampton im afraid,0
ham,Where in abj are you serving. Are you staying with dad or alone.,abj serving staying dad alone,0
ham,Was playng 9 doors game and gt racing on phone lol,playng door game gt racing phone lol,0
spam,"New Tones This week include: 1)McFly-All Ab.., 2) Sara Jorge-Shock.. 3) Will Smith-Switch.. To order follow instructions on next message",new tone week include mcflyall ab sara jorgeshock smithswitch order follow instruction next message,1
ham,I'm on da bus going home...,im da bus going home,0
ham,I got a call from a landline number. . . I am asked to come to anna nagar . . . I will go in the afternoon,got call landline number asked come anna nagar go afternoon,0
ham,I'm okay. Chasing the dream. What's good. What are you doing next.,im okay chasing dream whats good next,0
ham,Yupz... I've oredi booked slots 4 my weekends liao... ,yupz ive oredi booked slot weekend liao,0
spam,URGENT! We are trying to contact U. Todays draw shows that you have won a å£800 prize GUARANTEED. Call 09050003091 from land line. Claim C52. Valid 12hrs only,urgent trying contact u today draw show prize guaranteed call land line claim c valid hr,1
ham,There r many model..sony ericson also der.. &lt;#&gt; ..it luks good bt i forgot modl no,r many modelsony ericson also der ltgt luks good bt forgot modl,0
ham,Yes I know the cheesy songs from frosty the snowman :),yes know cheesy song frosty snowman,0
ham,"Ya ok, vikky vl c witin  &lt;#&gt; mins and il reply u..",ya ok vikky vl c witin ltgt min il reply u,0
spam,sports fans - get the latest sports news str* 2 ur mobile 1 wk FREE PLUS a FREE TONE Txt SPORT ON to 8007 www.getzed.co.uk 0870141701216+ norm 4txt/120p ,sport fan get latest sport news str ur mobile wk free plus free tone txt sport norm txtp,1
ham,Hey tmr meet at bugis 930 ?,hey tmr meet bugis,0
spam,"Urgent Urgent! We have 800 FREE flights to Europe to give away, call B4 10th Sept & take a friend 4 FREE. Call now to claim on 09050000555. BA128NNFWFLY150ppm",urgent urgent free flight europe give away call b th sept take friend free call claim bannfwflyppm,1
ham,All these nice new shirts and the only thing I can wear them to is nudist themed ;_; you in mu?,nice new shirt thing wear nudist themed mu,0
ham,Hey sexy buns! What of that day? No word from you this morning on YM ... :-( ... I think of you,hey sexy bun day word morning ym think,0
ham,And whenever you and i see we can still hook up too.,whenever see still hook,0
ham,Nope but i'm going home now then go pump petrol lor... Like going 2 rain soon...,nope im going home go pump petrol lor like going rain soon,0
ham,Can you use foreign stamps for whatever you send them off for? ,use foreign stamp whatever send,0
spam,FROM 88066 LOST å£12 HELP,lost help,1
ham,Oh baby of the house. How come you dont have any new pictures on facebook,oh baby house come dont new picture facebook,0
ham,"Feb  &lt;#&gt;  is \I LOVE U\"" day. Send dis to all ur \""VALUED FRNDS\"" evn me. If 3 comes back u'll gt married d person u luv! If u ignore dis u will lose ur luv 4 Evr""",feb ltgt love u day send dis ur valued frnds evn come back ull gt married person u luv u ignore dis u lose ur luv evr,0
ham,"Hiya, sorry didn't hav signal. I haven't seen or heard from and neither has, which is unusual in itself! I'll put on the case and get him to sort it out! Hugs and snogs.",hiya sorry didnt hav signal havent seen heard neither unusual ill put case get sort hug snogs,0
ham,"Omw back to tampa from west palm, you hear what happened?",omw back tampa west palm hear happened,0
ham,Yup no more already... Thanx 4 printing n handing it up.,yup already thanx printing n handing,0
spam,FreeMsg: Fancy a flirt? Reply DATE now & join the UKs fastest growing mobile dating service. Msgs rcvd just 25p to optout txt stop to 83021. Reply DATE now!,freemsg fancy flirt reply date join uk fastest growing mobile dating service msg rcvd p optout txt stop reply date,1
ham,What i mean is do they come chase you out when its over or is it stated you can watch as many movies as you want.,mean come chase stated watch many movie want,0
ham,S now only i took tablets . Reaction morning only.,took tablet reaction morning,0
spam,Great NEW Offer - DOUBLE Mins & DOUBLE Txt on best Orange tariffs AND get latest camera phones 4 FREE! Call MobileUpd8 free on 08000839402 NOW! or 2stoptxt T&Cs,great new offer double min double txt best orange tariff get latest camera phone free call mobileupd free stoptxt tc,1
ham,"Nah, I'm a perpetual DD",nah im perpetual dd,0
ham,Sorry de i went to shop.,sorry de went shop,0
spam,Hope you enjoyed your new content. text stop to 61610 to unsubscribe. help:08712400602450p Provided by tones2you.co.uk,hope enjoyed new content text stop unsubscribe helpp provided tonesyoucouk,1
ham,Hey you still want to go for yogasana? Coz if we end at cine then can go bathe and hav the steam bath,hey still want go yogasana coz end cine go bathe hav steam bath,0
ham,Nope i'm not drivin... I neva develop da photos lei...,nope im drivin neva develop da photo lei,0
ham,I am thinking of going down to reg for pract lessons.. Flung my advance.. Haha wat time u going?,thinking going reg pract lesson flung advance haha wat time u going,0
ham,Cool. I am  &lt;#&gt;  inches long. hope you like them big!,cool ltgt inch long hope like big,0
ham,"House-Maid is the murderer, coz the man was murdered on  &lt;#&gt; th January.. As public holiday all govt.instituitions are closed,including post office..understand?",housemaid murderer coz man murdered ltgt th january public holiday govtinstituitions closedincluding post officeunderstand,0
ham,Go where n buy? Juz buy when we get there lar.,go n buy juz buy get lar,0
ham,I'm working technical support :)voice process.,im working technical support voice process,0
ham,It's justbeen overa week since we broke up and already our brains are going to mush!,justbeen overa week since broke already brain going mush,0
ham,"Tunde, how are you doing. This is just wishing you a great day. Abiola.",tunde wishing great day abiola,0
ham,Nope... C Ì_ then...,nope c,0
ham,No. But we'll do medical missions to nigeria,well medical mission nigeria,0
ham,No i am not having not any movies in my laptop,movie laptop,0
spam,Urgent Please call 09066612661 from landline. å£5000 cash or a luxury 4* Canary Islands Holiday await collection. T&Cs SAE award. 20M12AQ. 150ppm. 16+ ÛÏ,urgent please call landline cash luxury canary island holiday await collection tc sae award maq ppm,1
spam,"Urgent! Please call 09066612661 from your landline, your complimentary 4* Lux Costa Del Sol holiday or å£1000 CASH await collection. ppm 150 SAE T&Cs James 28, EH74RR",urgent please call landline complimentary lux costa del sol holiday cash await collection ppm sae tc james ehrr,1
ham,I havent lei.. Next mon can?,havent lei next mon,0
ham,Mm feeling sleepy. today itself i shall get that dear,mm feeling sleepy today shall get dear,0
ham,How dare you stupid. I wont tell anything to you. Hear after i wont talk to you:-.,dare stupid wont tell anything hear wont talk,0
ham,Do Ì_ noe if ben is going?,noe ben going,0
ham,Can you do a mag meeting this avo at some point?,mag meeting avo point,0
ham,I meant middle left or right?,meant middle left right,0
ham,Really? I crashed out cuddled on my sofa.,really crashed cuddled sofa,0
ham,Hi Chachi tried calling u now unable to reach u .. Pl give me a missed cal once u c tiz msg  Kanagu,hi chachi tried calling u unable reach u pl give missed cal u c tiz msg kanagu,0
ham,"I sent you the prices and do you mean the  &lt;#&gt; g,",sent price mean ltgt g,0
ham,Nothing. Can...,nothing,0
ham,No * am working on the ringing u thing but have whole houseful of screaming brats so * am pulling my hair out! Loving u,working ringing u thing whole houseful screaming brat pulling hair loving u,0
ham,But my family not responding for anything. Now am in room not went to home for diwali but no one called me and why not coming. It makes me feel like died.,family responding anything room went home diwali one called coming make feel like died,0
ham,"Tick, tick, tick ... Babe",tick tick tick babe,0
ham,R Ì_ going 4 today's meeting?,r going today meeting,0
ham,K da:)how many page you want?,k dahow many page want,0
ham,Ya had just now.onion roast.,ya nowonion roast,0
ham,Send his number and give reply tomorrow morning for why you said that to him like that ok,send number give reply tomorrow morning said like ok,0
ham,You said not now. No problem. When you can. Let me know.,said problem let know,0
ham,Ok but tell me half an hr b4 u come i need 2 prepare.,ok tell half hr b u come need prepare,0
ham,Play w computer? Aiyah i tok 2 u lor?,play w computer aiyah tok u lor,0
ham,Sat right? Okay thanks... ,sat right okay thanks,0
ham,"Derp. Which is worse, a dude who always wants to party or a dude who files a complaint about the three drug abusers he lives with",derp worse dude always want party dude file complaint three drug abuser life,0
ham,Ok Chinese food on its way. When I get fat you're paying for my lipo.,ok chinese food way get fat youre paying lipo,0
ham,We r outside already.,r outside already,0
ham,Have a good trip. Watch out for . Remember when you get back we must decide about easter.,good trip watch remember get back must decide easter,0
ham,Yo we are watching a movie on netflix,yo watching movie netflix,0
ham,What time. IÛ÷m out until prob 3 or so,time im prob,0
ham,"Can meh? Thgt some will clash... Really ah, i dun mind... I dun seen to have lost any weight... Gee...",meh thgt clash really ah dun mind dun seen lost weight gee,0
ham,ARR birthday today:) i wish him to get more oscar.,arr birthday today wish get oscar,0
ham,"Open rebtel with firefox. When it loads just put plus sign in the user name place, and it will show you two numbers. The lower number is my number. Once you pick that number the pin will display okay!",open rebtel firefox load put plus sign user name place show two number lower number number pick number pin display okay,0
ham, and  picking them up from various points,picking various point,0
spam,Married local women looking for discreet action now! 5 real matches instantly to your phone. Text MATCH to 69969 Msg cost 150p 2 stop txt stop BCMSFWC1N3XX,married local woman looking discreet action real match instantly phone text match msg cost p stop txt stop bcmsfwcnxx,1
ham,Wow v v impressed. Have funs shopping!,wow v v impressed fun shopping,0
ham,I am on the way to ur home,way ur home,0
spam,Burger King - Wanna play footy at a top stadium? Get 2 Burger King before 1st Sept and go Large or Super with Coca-Cola and walk out a winner,burger king wanna play footy top stadium get burger king st sept go large super cocacola walk winner,1
ham,No problem. Talk to you later,problem talk later,0
ham,Then ur sis how?,ur si,0
ham,Still in customer place,still customer place,0
spam,How come it takes so little time for a child who is afraid of the dark to become a teenager who wants to stay out all night?,come take little time child afraid dark become teenager want stay night,1
ham,"Dude u knw also telugu..thts gud..k, gud nyt..",dude u knw also teluguthts gudk gud nyt,0
ham,We confirm eating at esplanade?,confirm eating esplanade,0
ham,Send me your id and password,send id password,0
ham,Kind of. Took it to garage. Centre part of exhaust needs replacing. Part ordered n taking it to be fixed tomo morning.,kind took garage centre part exhaust need replacing part ordered n taking fixed tomo morning,0
ham,Well I might not come then...,well might come,0
ham,Long after I quit. I get on only like 5 minutes a day as it is.,long quit get like minute day,0
ham,Then its most likely called Mittelschmertz. Google it. If you dont have paracetamol dont worry it will go.,likely called mittelschmertz google dont paracetamol dont worry go,0
ham,Well at this right I'm gonna have to get up and check today's steam sales/pee so text me when you want me to come get you,well right im gonna get check today steam salespee text want come get,0
ham,"Just arrived, see you in a couple days &lt;3",arrived see couple day lt,0
ham,"K, wat s tht incident?",k wat tht incident,0
ham,Yeah get the unlimited,yeah get unlimited,0
ham,cThen i thk shd b enuff.. Still got conclusion n contents pg n references.. I'll b doing da contents pg n cover pg..,cthen thk shd b enuff still got conclusion n content pg n reference ill b da content pg n cover pg,0
ham,"Forgot it takes me 3 years to shower, sorry. Where you at/your phone dead yet?",forgot take year shower sorry atyour phone dead yet,0
ham,ÌÏ got wat to buy tell us then Ì_ no need to come in again.,got wat buy tell u need come,0
ham,When you are big..| God will bring success.,big god bring success,0
spam,UÛªve Bin Awarded å£50 to Play 4 Instant Cash. Call 08715203028 To Claim. EVERY 9th Player Wins Min å£50-å£500. OptOut 08718727870,uve bin awarded play instant cash call claim every th player win min optout,1
ham,"Û_ we r stayin here an extra week, back next wed. How did we do in the rugby this weekend? Hi to and and , c u soon \""ham""",r stayin extra week back next wed rugby weekend hi c u soon ham,0
ham,Not from this campus. Are you in the library?,campus library,0
ham,"The affidavit says  &lt;#&gt;  E Twiggs St, division g, courtroom  &lt;#&gt; , &lt;TIME&gt;  AM. I'll double check and text you again tomorrow",affidavit say ltgt e twiggs st division g courtroom ltgt lttimegt ill double check text tomorrow,0
ham,How will I creep on you now? ;_;,creep,0
ham,If I get there before you after your ten billion calls and texts so help me god,get ten billion call text help god,0
ham,I've told him that i've returned it. That should i re order it.,ive told ive returned order,0
ham,"House-Maid is the murderer, coz the man was murdered on  &lt;#&gt; th January.. As public holiday all govt.instituitions are closed,including post office..",housemaid murderer coz man murdered ltgt th january public holiday govtinstituitions closedincluding post office,0
ham,Depends on where u going lor.,depends u going lor,0
ham,And smile for me right now as you go and the world will wonder what you are smiling about and think your crazy and keep away from you ... *grins*,smile right go world wonder smiling think crazy keep away grin,0
spam,FreeMsg>FAV XMAS TONES!Reply REAL,freemsgfav xmas tonesreply real,1
ham,Lil fever:) now fine:),lil fever fine,0
ham,I think it's all still in my car,think still car,0
ham,Yes princess! I want to catch you with my big strong hands...,yes princess want catch big strong hand,0
ham,Oh yeah I forgot. U can only take 2 out shopping at once.,oh yeah forgot u take shopping,0
ham,Mm so you asked me not to call radio,mm asked call radio,0
ham,Thinkin about someone is all good. No drugs for that,thinkin someone good drug,0
ham,"Enjoy the showers of possessiveness poured on u by ur loved ones, bcoz in this world of lies, it is a golden gift to be loved truly..",enjoy shower possessiveness poured u ur loved one bcoz world lie golden gift loved truly,0
ham,"Alright if you're sure, let me know when you're leaving",alright youre sure let know youre leaving,0
ham,Some are lasting as much as 2 hours. You might get lucky.,lasting much hour might get lucky,0
ham,Genius what's up. How your brother. Pls send his number to my skype.,genius whats brother pls send number skype,0
spam,"Gr8 Poly tones 4 ALL mobs direct 2u rply with POLY TITLE to 8007 eg POLY BREATHE1 Titles: CRAZYIN, SLEEPINGWITH, FINEST, YMCA :getzed.co.uk POBox365O4W45WQ 300p",gr poly tone mob direct u rply poly title eg poly breathe title crazyin sleepingwith finest ymca getzedcouk poboxowwq p,1
ham,Thk some of em find wtc too far... Weiyi not goin... E rest i dunno yet... R ur goin 4 dinner den i might b able to join...,thk em find wtc far weiyi goin e rest dunno yet r ur goin dinner den might b able join,0
ham,Don't forget who owns you and who's private property you are ... And be my good boy always .. *passionate kiss*,dont forget owns who private property good boy always passionate kiss,0
spam,INTERFLORA - åÒIt's not too late to order Interflora flowers for christmas call 0800 505060 to place your order before Midnight tomorrow.,interflora late order interflora flower christmas call place order midnight tomorrow,1
ham,Oh god..taken the teeth?is it paining,oh godtaken teethis paining,0
spam,ROMCAPspam Everyone around should be responding well to your presence since you are so warm and outgoing. You are bringing in a real breath of sunshine.,romcapspam everyone around responding well presence since warm outgoing bringing real breath sunshine,1
ham,Then u ask darren go n pick u lor... But i oso sian tmr haf 2 meet lect...,u ask darren go n pick u lor oso sian tmr haf meet lect,0
ham,No need to buy lunch for me.. I eat maggi mee..,need buy lunch eat maggi mee,0
ham,"Oh right, ok. I'll make sure that i do loads of work during the day!  got a really nasty cough today and is dry n shot so that should really help it!",oh right ok ill make sure load work day got really nasty cough today dry n shot really help,0
ham,Thanx 4 sending me home...,thanx sending home,0
ham,Its normally hot mail. Com you see!,normally hot mail com see,0
spam,"You've won tkts to the EURO2004 CUP FINAL or å£800 CASH, to collect CALL 09058099801 b4190604, POBOX 7876150ppm",youve tkts euro cup final cash collect call b pobox ppm,1
ham,U sick still can go shopping?,u sick still go shopping,0
ham,"Ya they are well and fine., BBD(pooja) full pimples..even she become quite black..and ur rite here its too cold, wearing sweatter..",ya well fine bbdpooja full pimpleseven become quite blackand ur rite cold wearing sweatter,0
ham,Nice.nice.how is it working?,nicenicehow working,0
ham,1's reach home call me.,reach home call,0
ham,Were trying to find a Chinese food place around here,trying find chinese food place around,0
ham,"Easy mate, * guess the quick drink was bit ambitious.",easy mate guess quick drink bit ambitious,0
ham,BABE !!! I miiiiiiissssssssss you ! I need you !!! I crave you !!! :-( ... Geeee ... I'm so sad without you babe ... I love you ...,babe miiiiiiissssssssss need crave geeee im sad without babe love,0
ham,Ok thanx...,ok thanx,0
ham,"Tunji, how's the queen? how are you doing. This is just wishing you a great day. Abiola.",tunji hows queen wishing great day abiola,0
ham,Today iZ Yellow rose day. If u love my frndship give me 1 misscall &amp; send this to ur frndZ &amp; See how many miss calls u get. If u get 6missed U marry ur Lover.,today iz yellow rose day u love frndship give misscall amp send ur frndz amp see many miss call u get u get missed u marry ur lover,0
ham,Will be out of class in a few hours. Sorry,class hour sorry,0
ham,Wat time u finish ur lect today?,wat time u finish ur lect today,0
spam,"Free-message: Jamster!Get the crazy frog sound now! For poly text MAD1, for real text MAD2 to 88888. 6 crazy sounds for just 3 GBP/week! 16+only! T&C's apply",freemessage jamsterget crazy frog sound poly text mad real text mad crazy sound gbpweek tc apply,1
spam,"YOUR CHANCE TO BE ON A REALITY FANTASY SHOW call now = 08707509020 Just 20p per min NTT Ltd, PO Box 1327 Croydon CR9 5WB 0870 is a national = rate call",chance reality fantasy show call p per min ntt ltd po box croydon cr wb national rate call,1
ham,She's fine. Good to hear from you. How are you my dear? Happy new year oh.,shes fine good hear dear happy new year oh,0
ham,Are you going to wipro interview today?,going wipro interview today,0
ham,how tall are you princess?,tall princess,0
ham,I doubt you could handle 5 times per night in any case...,doubt could handle time per night case,0
ham,Haha... Hope Ì_ can hear the receipt sound... Gd luck!,haha hope hear receipt sound gd luck,0
ham,Your gonna be the death if me. I'm gonna leave a note that says its all robs fault. Avenge me.,gonna death im gonna leave note say robs fault avenge,0
ham,"Japanese Proverb: If one Can do it, U too Can do it, If none Can do it,U must do it Indian version: If one Can do it, LET HIM DO it.. If none Can do it,LEAVE it!! And finally Kerala version: If one can do it, Stop him doing it.. If none can do it, Make a strike against it ...",japanese proverb one u none itu must indian version one let none itleave finally kerala version one stop none make strike,0
ham,Today i'm not workin but not free oso... Gee... Thgt u workin at ur fren's shop ? ,today im workin free oso gee thgt u workin ur frens shop,0
ham,In life when you face choices Just toss a coin not becoz its settle the question But while the coin in the air U will know what your heart is hoping for. Gudni8,life face choice toss coin becoz settle question coin air u know heart hoping gudni,0
ham,I want to be there so i can kiss you and feel you next to me,want kiss feel next,0
ham,I am not at all happy with what you saying or doing,happy saying,0
spam,Adult 18 Content Your video will be with you shortly,adult content video shortly,1
ham,"Ok that would b lovely, if u r sure. Think about wot u want to do, drinkin, dancin, eatin, cinema, in, out, about... Up to u! Wot about ? ",ok would b lovely u r sure think wot u want drinkin dancin eatin cinema u wot,0
ham,What I'm saying is if you haven't explicitly told nora I know someone I'm probably just not gonna bother,im saying havent explicitly told nora know someone im probably gonna bother,0
ham,Smith waste da.i wanna gayle.,smith waste dai wanna gayle,0
ham,"Mum, i've sent you many many messages since i got here. I just want to know that you are actually getting them. Do enjoy the rest of your day.",mum ive sent many many message since got want know actually getting enjoy rest day,0
ham,"Aight, tomorrow around  &lt;#&gt;  it is",aight tomorrow around ltgt,0
ham,I actually did for the first time in a while. I went to bed not too long after i spoke with you. Woke up at 7. How was your night?,actually first time went bed long spoke woke night,0
ham,See you there! ,see,0
ham,I dont understand your message.,dont understand message,0
ham,Crucify is c not s. You should have told me earlier.,crucify c told earlier,0
ham,"Idk. You keep saying that you're not, but since he moved, we keep butting heads over freedom vs. responsibility. And i'm tired. I have so much other shit to deal with that i'm barely keeping myself together once this gets added to it.",idk keep saying youre since moved keep butting head freedom v responsibility im tired much shit deal im barely keeping together get added,0
ham,Fuck cedar key and fuck her (come over anyway tho),fuck cedar key fuck come anyway tho,0
ham,twenty past five he said will this train have been to durham already or not coz i am in a reserved seat,twenty past five said train durham already coz reserved seat,0
spam,"Hey Boys. Want hot XXX pics sent direct 2 ur phone? Txt PORN to 69855, 24Hrs free and then just 50p per day. To stop text STOPBCM SF WC1N3XX",hey boy want hot xxx pic sent direct ur phone txt porn hr free p per day stop text stopbcm sf wcnxx,1
ham,U still painting ur wall?,u still painting ur wall,0
ham,Printer is cool. I mean groovy. Wine is groovying,printer cool mean groovy wine groovying,0
ham,Hi Harish's rent has been transfred to ur Acnt.,hi harishs rent transfred ur acnt,0
ham,Anything lor is she coming?,anything lor coming,0
ham,Cbe is really good nowadays:)lot of shop and showrooms:)city is shaping good.,cbe really good nowadayslot shop showroomscity shaping good,0
ham,ÌÏ still attending da talks?,still attending da talk,0
ham,No probs hon! How u doinat the mo?,probs hon u doinat mo,0
ham,K I'll take care of it,k ill take care,0
ham,I take it we didn't have the phone callon Friday. Can we assume we won't have it this year now?,take didnt phone callon friday assume wont year,0
ham,My battery is low babe,battery low babe,0
ham,Shuhui has bought ron's present it's a swatch watch...,shuhui bought ron present swatch watch,0
ham,"Yeah there's quite a bit left, I'll swing by tomorrow when I get up",yeah there quite bit left ill swing tomorrow get,0
ham,Babe? You said 2 hours and it's been almost 4 ... Is your internet down ?,babe said hour almost internet,0
ham,K I'll be sure to get up before noon and see what's what,k ill sure get noon see whats,0
ham,K...k...yesterday i was in cbe .,kkyesterday cbe,0
ham,Went to ganesh dress shop,went ganesh dress shop,0
spam,"pdate_Now - Double mins and 1000 txts on Orange tariffs. Latest Motorola, SonyEricsson & Nokia & Bluetooth FREE! Call MobileUpd8 on 08000839402 or call2optout/!YHL",pdatenow double min txts orange tariff latest motorola sonyericsson nokia bluetooth free call mobileupd calloptoutyhl,1
ham,ÌÏ collecting ur laptop then going to configure da settings izzit?,collecting ur laptop going configure da setting izzit,0
ham,"Aight, I should be there by 8 at the latest, probably closer to 7. Are jay and tyler down or should we just do two trips?",aight latest probably closer jay tyler two trip,0
ham,Come aftr  &lt;DECIMAL&gt; ..now i m cleaning the house,come aftr ltdecimalgt cleaning house,0
spam,Ur cash-balance is currently 500 pounds - to maximize ur cash-in now send CASH to 86688 only 150p/msg. CC: 08718720201 PO BOX 114/14 TCR/W1,ur cashbalance currently pound maximize ur cashin send cash pmsg cc po box tcrw,1
ham,"Bill, as in: Are there any letters for me. iÛªm expecting one from orange that isnÛªt a bill but may still say orange on it.",bill letter im expecting one orange isnt bill may still say orange,0
ham,Tell me pa. How is pain de.,tell pa pain de,0
ham,HI DARLIN I HOPE YOU HAD A NICE NIGHT I WISH I HAD COME CANT WAIT TO SEE YOU LOVE FRAN PS I WANT DIRTY ANAL SEX AND I WANT A 10 MAN GANG BANG,hi darlin hope nice night wish come cant wait see love fran p want dirty anal sex want man gang bang,0
ham,"Ha. You donÛ÷t know either. I did a a clever but simple thing with pears the other day, perfect for christmas.",ha dont know either clever simple thing pear day perfect christmas,0
ham,"Helloooo... Wake up..! \Sweet\"" \""morning\"" \""welcomes\"" \""You\"" \""Enjoy\"" \""This Day\"" \""with full of joy\"".. \""GUD MRNG\"".""",helloooo wake sweet morning welcome enjoy day full joy gud mrng,0
ham,ALRITE,alrite,0
ham,Why must we sit around and wait for summer days to celebrate. Such a magical sight when the worlds dressed in white. Oooooh let there be snow.,must sit around wait summer day celebrate magical sight world dressed white oooooh let snow,0
ham,How do you guys go to see movies on your side.,guy go see movie side,0
ham,You didn't have to tell me that...now i'm thinking. Plus he's going to stop all your runs,didnt tell thatnow im thinking plus he going stop run,0
ham,Kindly send some one to our flat before  &lt;DECIMAL&gt;  today.,kindly send one flat ltdecimalgt today,0
spam,Sorry! U can not unsubscribe yet. THE MOB offer package has a min term of 54 weeks> pls resubmit request after expiry. Reply THEMOB HELP 4 more info,sorry u unsubscribe yet mob offer package min term week pls resubmit request expiry reply themob help info,1
ham,Nothing lor... A bit bored too... Then y dun u go home early 2 sleep today...,nothing lor bit bored dun u go home early sleep today,0
ham,What time should I tell my friend to be around?,time tell friend around,0
ham,Yes. that will be fine. Love you. Be safe.,yes fine love safe,0
ham,Thanks chikku..:-) gud nyt:-*,thanks chikku gud nyt,0
ham,Is xy in ur car when u picking me up?,xy ur car u picking,0
ham,"Thanx 4 the time weåÕve spent 2geva, its bin mint! Ur my Baby and all I want is u!xxxx",thanx time weve spent geva bin mint ur baby want uxxxx,0
ham,"Yo, any way we could pick something up tonight?",yo way could pick something tonight,0
ham,I've not sent it. He can send me.,ive sent send,0
ham,Fine am simply sitting.,fine simply sitting,0
ham,Thts god's gift for birds as humans hav some natural gift frm god..,thts god gift bird human hav natural gift frm god,0
ham,Are you coming to day for class.,coming day class,0
ham,Im done. Just studyn in library,im done studyn library,0
ham,Ok... U enjoy ur shows...,ok u enjoy ur show,0
ham,Anything...,anything,0
ham,Where wuld I be without my baby? The thought alone mite break me and I donåÕt wanna go crazy but everyboy needs his lady xxxxxxxx,wuld without baby thought alone mite break dont wanna go crazy everyboy need lady xxxxxxxx,0
ham,Wat's my dear doing? Sleeping ah?,wats dear sleeping ah,0
ham,Hi' Test on  &lt;#&gt; rd ....,hi test ltgt rd,0
ham,Only 2% students solved this CAT question in 'xam... 5+3+2= &lt;#&gt;  9+2+4= &lt;#&gt;  8+6+3= &lt;#&gt;  then 7+2+5=????? Tell me the answer if u r brilliant...1thing.i got d answr.,student solved cat question xam ltgt ltgt ltgt tell answer u r brilliantthingi got answr,0
ham,Yo do you know anyone  &lt;#&gt;  or otherwise able to buy liquor? Our guy flaked and right now if we don't get a hold of somebody its just 4 loko all night,yo know anyone ltgt otherwise able buy liquor guy flaked right dont get hold somebody loko night,0
ham,Yup n her fren lor. I'm meeting my fren at 730.,yup n fren lor im meeting fren,0
ham,"Yeah, we got one lined up for us",yeah got one lined u,0
ham,"And stop wondering \wow is she ever going to stop tm'ing me ?!\"" because I will tm you whenever I want because you are MINE ... *laughs*""",stop wondering wow ever going stop tming tm whenever want mine laugh,0
ham,Lol yep did that yesterday. Already got my fireplace. Now its just another icon sitting there for me.,lol yep yesterday already got fireplace another icon sitting,0
ham,Hey i've booked the pilates and yoga lesson already... Haha,hey ive booked pilate yoga lesson already haha,0
ham,Are you ok. What happen to behave like this,ok happen behave like,0
ham,My supervisor find 4 me one lor i thk his students. I havent ask her yet. Tell u aft i ask her.,supervisor find one lor thk student havent ask yet tell u aft ask,0
ham,"Hello. No news on job, they are making me wait a fifth week! Yeah im up for some woozles and weasels... In exeter still, but be home about 3. ",hello news job making wait fifth week yeah im woozles weasel exeter still home,0
spam,We currently have a message awaiting your collection. To collect your message just call 08718723815.,currently message awaiting collection collect message call,1
ham,"Hey babe, sorry i didn't get sooner. Gary can come and fix it cause he thinks he knows what it is but he doesn't go as far a Ptbo and he says it will cost  &lt;#&gt;  bucks. I don't know if it might be cheaper to find someone there ? We don't have any second hand machines at all right now, let me know what you want to do babe",hey babe sorry didnt get sooner gary come fix cause think know doesnt go far ptbo say cost ltgt buck dont know might cheaper find someone dont second hand machine right let know want babe,0
ham,make that 3! 4 fucks sake?! x,make fuck sake x,0
ham,Leave it. U will always be ignorant.,leave u always ignorant,0
ham,Nope but i'll b going 2 sch on fri quite early lor cos mys sis got paper in da morn :-),nope ill b going sch fri quite early lor co mys si got paper da morn,0
ham,at bruce b downs &amp; fletcher now,bruce b down amp fletcher,0
ham,Where are you ? You said you would be here when I woke ... :-(,said would woke,0
ham,Hey now am free you can call me.,hey free call,0
ham,Tell me whos this pls:-),tell who pls,0
spam,"URGENT! Your mobile was awarded a å£1,500 Bonus Caller Prize on 27/6/03. Our final attempt 2 contact U! Call 08714714011",urgent mobile awarded bonus caller prize final attempt contact u call,1
ham,"Think i might have to give it a miss. Am teaching til twelve, then have lecture at two. Damn this working thing.",think might give miss teaching til twelve lecture two damn working thing,0
ham,Id have to check but there's only like 1 bowls worth left,id check there like bowl worth left,0
ham,Yes there were many sweets,yes many sweet,0
ham,I would but I'm still cozy. And exhausted from last night.nobody went to school or work. Everything is closed.,would im still cozy exhausted last nightnobody went school work everything closed,0
ham,Buzzzz! *grins* Did I buzz your ass? Buzz your chest ? Buzz your cock ? Where do you keep your phone ? Is the vibrator on ? Did you feel it shake ?,buzzzz grin buzz as buzz chest buzz cock keep phone vibrator feel shake,0
ham,Sir send to group mail check it.,sir send group mail check,0
ham,I'm doing da intro covers energy trends n pros n cons... Brief description of nuclear fusion n oso brief history of iter n jet got abt 7 n half pages..,im da intro cover energy trend n pro n con brief description nuclear fusion n oso brief history iter n jet got abt n half page,0
ham,"\NONE!NOWHERE IKNO DOESDISCOUNT!SHITINNIT\""""",nonenowhere ikno doesdiscountshitinnit,0
ham,You dont know you jabo me abi.,dont know jabo abi,0
spam,"Do you ever notice that when you're driving, anyone going slower than you is an idiot and everyone driving faster than you is a maniac?",ever notice youre driving anyone going slower idiot everyone driving faster maniac,1
ham,Not yet had..ya sapna aunty manege y'day hogidhe..chinnu full weak and swalpa black agidhane..,yet hadya sapna aunty manege yday hogidhechinnu full weak swalpa black agidhane,0
ham,"Are you being good, baby? :)",good baby,0
ham,"Mostly sports type..lyk footbl,crckt..",mostly sport typelyk footblcrckt,0
ham,Ma head dey swell oh. Thanks for making my day,head dey swell oh thanks making day,0
ham,U should make a fb list,u make fb list,0
ham,Sary just need Tim in the bollox &it hurt him a lot so he tol me!,sary need tim bollox hurt lot tol,0
ham,Happy New Year Princess!,happy new year princess,0
ham,"I'll text carlos and let you know, hang on",ill text carlos let know hang,0
ham,"Don't worry, * is easy once have ingredients!",dont worry easy ingredient,0
ham,I love u 2 my little pocy bell I am sorry but I love u,love u little pocy bell sorry love u,0
ham,"Ok omw now, you at castor?",ok omw castor,0
ham,Yar lor... Keep raining non stop... Or u wan 2 go elsewhere?,yar lor keep raining non stop u wan go elsewhere,0
spam,"Xmas Offer! Latest Motorola, SonyEricsson & Nokia & FREE Bluetooth or DVD! Double Mins & 1000 Txt on Orange. Call MobileUpd8 on 08000839402 or call2optout/4QF2",xmas offer latest motorola sonyericsson nokia free bluetooth dvd double min txt orange call mobileupd calloptoutqf,1
ham,What u mean u almost done? Done wif sleeping? But i tot u going to take a nap.. Yup i send her liao so i'm picking her up at ard 4 smth lor..,u mean u almost done done wif sleeping tot u going take nap yup send liao im picking ard smth lor,0
ham,"Tonight? Yeah, I'd be down for that",tonight yeah id,0
ham,What should i eat fo lunch senor,eat fo lunch senor,0
ham,"He said that he had a right giggle when he saw u again! You would possibly be the first person2die from NVQ, but think how much you could for! ",said right giggle saw u would possibly first persondie nvq think much could,0
ham,No break time one... How... I come out n get my stuff fr Ì_?,break time one come n get stuff fr,0
spam,Reply to win å£100 weekly! What professional sport does Tiger Woods play? Send STOP to 87239 to end service,reply win weekly professional sport tiger wood play send stop end service,1
ham,"I'm there and I can see you, but you can't see me ? Maybe you should reboot ym ? I seen the buzz",im see cant see maybe reboot ym seen buzz,0
ham,Do you still have the grinder?,still grinder,0
spam,No 1 POLYPHONIC tone 4 ur mob every week! Just txt PT2 to 87575. 1st Tone FREE ! so get txtin now and tell ur friends. 150p/tone. 16 reply HL 4info,polyphonic tone ur mob every week txt pt st tone free get txtin tell ur friend ptone reply hl info,1
ham,K.i did't see you.:)k:)where are you now?,ki didt see youkwhere,0
ham,So i'm doing a list of buyers.,im list buyer,0
ham,"No idea, I guess we'll work that out an hour after we're supposed to leave since as usual nobody has any interest in figuring shit out before the last second",idea guess well work hour supposed leave since usual nobody interest figuring shit last second,0
ham,Mm not entirely sure i understood that text but hey. Ho. Which weekend?,mm entirely sure understood text hey ho weekend,0
ham,They released vday shirts and when u put it on it makes your bottom half naked instead of those white underwear.,released vday shirt u put make bottom half naked instead white underwear,0
ham,Don know..he is watching film in computer..,knowhe watching film computer,0
ham,No b4 Thursday,b thursday,0
ham,"Oh, then your phone phoned me but it disconnected",oh phone phoned disconnected,0
ham,Id onluy matters when getting on from offcampus,id onluy matter getting offcampus,0
spam,This message is free. Welcome to the new & improved Sex & Dogging club! To unsubscribe from this service reply STOP. msgs@150p 18+only,message free welcome new improved sex dogging club unsubscribe service reply stop msgsp,1
ham,"Excellent, I'll see what riley's plans are",excellent ill see riley plan,0
ham,Ew are you one of them?,ew one,0
ham,Also hi wesley how've you been,also hi wesley howve,0
ham,Ah you see. You have to be in the lingo. I will let you know wot on earth it is when has finished making it!,ah see lingo let know wot earth finished making,0
spam,Update_Now - 12Mths Half Price Orange line rental: 400mins...Call MobileUpd8 on 08000839402 or call2optout=J5Q,updatenow mths half price orange line rental minscall mobileupd calloptoutjq,1
ham,Imagine Life WITHOUT ME... see.. How fast u are searching me?Don't worry.. l'm always there To disturb U.. Goodnoon..:),imagine life without see fast u searching medont worry lm always disturb u goodnoon,0
ham,"Hm good morning, headache anyone? :-)",hm good morning headache anyone,0
ham,Yeah no probs - last night is obviously catching up with you... Speak soon ,yeah probs last night obviously catching speak soon,0
spam,FREE UNLIMITED HARDCORE PORN direct 2 your mobile Txt PORN to 69200 & get FREE access for 24 hrs then chrgd@50p per day txt Stop 2exit. This msg is free,free unlimited hardcore porn direct mobile txt porn get free access hr chrgdp per day txt stop exit msg free,1
ham,I might go 2 sch. Yar at e salon now v boring.,might go sch yar e salon v boring,0
ham, &lt;#&gt;  mins but i had to stop somewhere first.,ltgt min stop somewhere first,0
ham,"&lt;#&gt;  is fast approaching. So, Wish u a very Happy New Year Happy Sankranti Happy republic day Happy Valentines Day Happy Shivratri Happy Ugadi Happy Fools day Happy May Day Happy Independence Day, Happy Friendship,Mother,Father,Teachers,Childrens Day, &amp; HAPPY BIRTHDAY 4 U. Happy Ganesh festival Happy Dasara Happy Diwali Happy Christmas  &lt;#&gt;  Good Mornings Afternoons, Evenings Nights. RememberI AM the first to WISHING U ALL THESE...your's Raj",ltgt fast approaching wish u happy new year happy sankranti happy republic day happy valentine day happy shivratri happy ugadi happy fool day happy may day happy independence day happy friendshipmotherfatherteacherschildrens day amp happy birthday u happy ganesh festival happy dasara happy diwali happy christmas ltgt good morning afternoon evening night rememberi first wishing u theseyours raj,0
ham,One of the joys in lifeis waking up each daywith thoughts that somewhereSomeone cares enough tosend a warm morning greeting.. -,one joy lifeis waking daywith thought somewheresomeone care enough tosend warm morning greeting,0
ham,I didn't get the second half of that message,didnt get second half message,0
ham,Wat time do u wan 2 meet me later?,wat time u wan meet later,0
ham,I thank you so much for all you do with selflessness. I love you plenty.,thank much selflessness love plenty,0
ham,Am in film ill call you later.,film ill call later,0
ham,How dare you change my ring,dare change ring,0
ham,You are a very very very very bad girl. Or lady.,bad girl lady,0
ham,I love ya too but try and budget your money better babe. Gary would freak on me if he knew,love ya try budget money better babe gary would freak knew,0
ham,"What part of \don't initiate\"" don't you understand""",part dont initiate dont understand,0
ham,I finished my lunch already. U wake up already?,finished lunch already u wake already,0
ham,You still at the game?,still game,0
ham,You have got tallent but you are wasting.,got tallent wasting,0
ham,What is your record for one night? :),record one night,0
ham,"Also sir, i sent you an email about how to log into the usc payment portal. I.ll send you another message that should explain how things are back home. Have a great weekend.",also sir sent email log usc payment portal ill send another message explain thing back home great weekend,0
ham, gonna let me know cos comes bak from holiday that day.  is coming. Don't4get2text me  number. ,gonna let know co come bak holiday day coming dontgettext number,0
ham,Jokin only lar... :-) depends on which phone my father can get lor...,jokin lar depends phone father get lor,0
ham,"Aight, lemme know what's up",aight lemme know whats,0
ham,Get ready for  &lt;#&gt;  inches of pleasure...,get ready ltgt inch pleasure,0
ham,;-) ok. I feel like john lennon.,ok feel like john lennon,0
ham,Cos darren say Ì_ considering mah so i ask Ì_...,co darren say considering mah ask,0
ham,You are not bothering me but you have to trust my answers. Pls.,bothering trust answer pls,0
ham,One day a crab was running on the sea shore..The waves came n cleared the footprints of the crab.. Crab asked: being my frnd y r u clearing my beautiful footprints? Waves replied: A fox was following ur footprints to catch you! thats y i cleared it off:) frndsship never lets u dwn :-) GUD nyt..,one day crab running sea shorethe wave came n cleared footprint crab crab asked frnd r u clearing beautiful footprint wave replied fox following ur footprint catch thats cleared frndsship never let u dwn gud nyt,0
ham,Aight what time you want me to come up?,aight time want come,0
ham,Slaaaaave ! Where are you ? Must I summon you to me all the time now ? Don't you wish to come to me on your own anymore?,slaaaaave must summon time dont wish come anymore,0
ham,Your bill at 3 is å£33.65 so thats not bad!,bill thats bad,0
ham,Let me know how it changes in the next 6hrs. It can even be appendix but you are out of that age range. However its not impossible. So just chill and let me know in 6hrs,let know change next hr even appendix age range however impossible chill let know hr,0
ham,"Hello, yeah i've just got out of the bath and need to do my hair so i'll come up when i'm done, yeah?",hello yeah ive got bath need hair ill come im done yeah,0
ham,So how's the weather over there?,hows weather,0
ham,"Ok. Not much to do here though. H&M Friday, cant wait. Dunno wot the hell im gonna do for another 3 weeks! Become a slob- oh wait, already done that! ",ok much though hm friday cant wait dunno wot hell im gonna another week become slob oh wait already done,0
ham,Die... Now i have e toot fringe again...,die e toot fringe,0
ham,Lol they don't know about my awesome phone. I could click delete right now if I want.,lol dont know awesome phone could click delete right want,0
ham,"Awesome question with a cute answer: Someone asked a boy \how is ur life?\"" . . He smiled &amp; answered: . . \""She is fine!\"" Gudnite""",awesome question cute answer someone asked boy ur life smiled amp answered fine gudnite,0
ham,Please leave this topic..sorry for telling that..,please leave topicsorry telling,0
ham,Pls send me the correct name da.,pls send correct name da,0
ham,What happened to our yo date?,happened yo date,0
ham,Webpage s not available!,webpage available,0
ham,Just woke up. Yeesh its late. But I didn't fall asleep til &lt;#&gt; am :/,woke yeesh late didnt fall asleep til ltgt,0
spam,You are now unsubscribed all services. Get tons of sexy babes or hunks straight to your phone! go to http://gotbabes.co.uk. No subscriptions.,unsubscribed service get ton sexy babe hunk straight phone go subscription,1
ham,"Dear all, as we know  &lt;#&gt; th is the  &lt;#&gt; th birthday of our loving Gopalettan. We are planning to give a small gift on that day. Those who like to participate in that you are welcome. Please contact our admin team for more details",dear know ltgt th ltgt th birthday loving gopalettan planning give small gift day like participate welcome please contact admin team detail,0
ham,K..k...from tomorrow onwards started ah?,kkfrom tomorrow onwards started ah,0
ham,What u talking bout early morning? It's almost noon where your at!,u talking bout early morning almost noon,0
ham,Fine. Do you remember me.,fine remember,0
spam,"Hi babe its Jordan, how r u? Im home from abroad and lonely, text me back if u wanna chat xxSP visionsms.com Text stop to stopCost 150p 08712400603",hi babe jordan r u im home abroad lonely text back u wanna chat xxsp visionsmscom text stop stopcost p,1
ham,Ok. How many should i buy.,ok many buy,0
ham,"Sounds good, keep me posted",sound good keep posted,0
spam,Get a brand new mobile phone by being an agent of The Mob! Plus loads more goodies! For more info just text MAT to 87021.,get brand new mobile phone agent mob plus load goody info text mat,1
ham,Ok. So april. Cant wait,ok april cant wait,0
ham,Boy you best get yo ass out here quick,boy best get yo as quick,0
ham,Ay wana meet on sat?Ì_ wkg on sat?,ay wana meet sat wkg sat,0
ham,I'm now but have to wait till 2 for the bus to pick me.,im wait till bus pick,0
ham,Apart from the one i told you about yesterday?,apart one told yesterday,0
ham,Ok lor... But buy wat?,ok lor buy wat,0
ham,Somebody should go to andros and steal ice,somebody go andros steal ice,0
ham,Don know. I did't msg him recently.,know didt msg recently,0
ham,Take us out shopping and Mark will distract Isaiah.=D,take u shopping mark distract isaiahd,0
ham,"Mum, hope you are having a great day. Hoping this text meets you well and full of life. Have a great day. Abiola",mum hope great day hoping text meet well full life great day abiola,0
ham,There is no sense in my foot and penis.,sense foot penis,0
ham,Okay but i thought you were the expert,okay thought expert,0
ham,*deep sigh* ... I miss you :-( ... I am really surprised you haven't gone to the net cafe yet to get to me ... Don't you miss me?,deep sigh miss really surprised havent gone net cafe yet get dont miss,0
ham,S.s:)i thinl role is like sachin.just standing. Others have to hit.,ssi thinl role like sachinjust standing others hit,0
ham,Have a great trip to India. And bring the light to everyone not just with the project but with everyone that is lucky to see you smile. Bye. Abiola,great trip india bring light everyone project everyone lucky see smile bye abiola,0
ham,"And very importantly, all we discuss is between u and i only.",importantly discus u,0
ham,K..k:)how about your training process?,kkhow training process,0
ham,Ok lor. I ned 2 go toa payoh 4 a while 2 return smth u wan 2 send me there or wat?,ok lor ned go toa payoh return smth u wan send wat,0
ham,In da car park ,da car park,0
ham,I wish that I was with you. Holding you tightly. Making you see how important you are. How much you mean to me ... How much I need you ... In my life ...,wish holding tightly making see important much mean much need life,0
ham,So i asked how's anthony. Dad. And your bf,asked hows anthony dad bf,0
ham,"'Wnevr i wana fal in luv vth my books, My bed fals in luv vth me..!'' . Yen madodu, nav pretsorginta, nammanna pretsovru important alwa....!!:) Gud eveB-).",wnevr wana fal luv vth book bed fals luv vth yen madodu nav pretsorginta nammanna pretsovru important alwa gud eveb,0
ham,Am going to take bath ill place the key in window:-),going take bath ill place key window,0
spam,LORD OF THE RINGS:RETURN OF THE KING in store NOW!REPLY LOTR by 2 June 4 Chance 2 WIN LOTR soundtrack CDs StdTxtRate. Reply STOP to end txts,lord ringsreturn king store nowreply lotr june chance win lotr soundtrack cd stdtxtrate reply stop end txts,1
ham,"Dear, take care. I am just reaching home.love u a lot.",dear take care reaching homelove u lot,0
ham,staff.science.nus.edu.sg/~phyhcmk/teaching/pc1323,staffsciencenusedusgphyhcmkteachingpc,0
ham,Have you emigrated or something? Ok maybe 5.30 was a bit hopeful...,emigrated something ok maybe bit hopeful,0
ham,Olol i printed out a forum post by a guy with the exact same  prob which was fixed with a gpu replacement. Hopefully they dont ignore that.,olol printed forum post guy exact prob fixed gpu replacement hopefully dont ignore,0
ham,We walked from my moms. Right on stagwood pass right on winterstone left on victors hill. Address is &lt;#&gt;,walked mom right stagwood pas right winterstone left victor hill address ltgt,0
ham,"Yo, you at jp and hungry like a mofo?",yo jp hungry like mofo,0
ham,This is all just creepy and crazy to me.,creepy crazy,0
ham,Ok... I din get ur msg...,ok din get ur msg,0
ham,Pathaya enketa maraikara pa',pathaya enketa maraikara pa,0
ham,Even if he my friend he is a priest call him now,even friend priest call,0
ham,"U so lousy, run already come back then half dead... Hee...",u lousy run already come back half dead hee,0
ham,That's y i said it's bad dat all e gals know u... Wat u doing now?,thats said bad dat e gal know u wat u,0
ham,Or remind me in a few hrs.,remind hr,0
ham,"I had been hoping i would not have to send you this message. My rent is due and i dont have enough for it. My reserves are completely gone. Its a loan i need and was hoping you could her. The balance is  &lt;#&gt; . Is there a way i could get that from you, till mid march when i hope to pay back.",hoping would send message rent due dont enough reserve completely gone loan need hoping could balance ltgt way could get till mid march hope pay back,0
ham,Hi. Happy New Year. I dont mean to intrude but can you pls let me know how much tuition you paid last semester and how much this semester is. Thanks,hi happy new year dont mean intrude pls let know much tuition paid last semester much semester thanks,0
ham,Hello hun how ru? Its here by the way. Im good. Been on 2 dates with that guy i met in walkabout so far. We have to meet up soon. Hows everyone else?,hello hun ru way im good date guy met walkabout far meet soon hows everyone else,0
ham,Lol I was gonna last month. I cashed some in but I left &lt;#&gt; just in case. I was collecting more during the week cause they announced it on the blog.,lol gonna last month cashed left ltgt case collecting week cause announced blog,0
spam,Good Luck! Draw takes place 28th Feb 06. Good Luck! For removal send STOP to 87239 customer services 08708034412,good luck draw take place th feb good luck removal send stop customer service,1
ham,Short But Cute : \ Be a good person ,short cute good person,0
ham,Just haven't decided where yet eh ?,havent decided yet eh,0
ham,"Wat time liao, where still got.",wat time liao still got,0
ham,Yes watching footie but worried we're going to blow it - Phil Neville?,yes watching footie worried going blow phil neville,0
ham,I wait 4 Ì_ inside da car park...,wait inside da car park,0
ham,Uncle Abbey! Happy New Year. Abiola,uncle abbey happy new year abiola,0
ham,Now am free call me pa.,free call pa,0
ham,R u saying i should re order the slippers cos i had to pay for returning it.,r u saying order slipper co pay returning,0
ham,Stop knowing me so well!,stop knowing well,0
ham,Good evening! this is roger. How are you?,good evening roger,0
ham,Small problem in auction:)punj now asking tiwary,small problem auctionpunj asking tiwary,0
ham,He telling not to tell any one. If so treat for me hi hi hi,telling tell one treat hi hi hi,0
spam,1st wk FREE! Gr8 tones str8 2 u each wk. Txt NOKIA ON to 8007 for Classic Nokia tones or HIT ON to 8007 for Polys. Nokia/150p Poly/200p 16+,st wk free gr tone str u wk txt nokia classic nokia tone hit polys nokiap polyp,1
ham,U coming 2 pick me?,u coming pick,0
ham,Thats cool. i liked your photos. You are very sexy!,thats cool liked photo sexy,0
ham,would u fuckin believe it they didnt know i had thurs pre booked off so they re cancelled me AGAIN! that needs to b sacked,would u fuckin believe didnt know thurs pre booked cancelled need b sacked,0
ham,"Haha better late than ever, any way I could swing by?",haha better late ever way could swing,0
ham,Ok. But i finish at 6.,ok finish,0
spam,"LookAtMe!: Thanks for your purchase of a video clip from LookAtMe!, you've been charged 35p. Think you can do better? Why not send a video in a MMSto 32323.",lookatme thanks purchase video clip lookatme youve charged p think better send video mmsto,1
ham,I've been barred from all B and Q stores for life!?This twat in orange dungerees came up to me and asked if I wanted decking? So I got the first punch in!!,ive barred b q store lifethis twat orange dungerees came asked wanted decking got first punch,0
ham,So no messages. Had food?,message food,0
ham,Ok going to sleep. Hope i can meet her.,ok going sleep hope meet,0
ham,Can you let me know details of fri when u find out cos I'm not in tom or fri. mentionned chinese. Thanks,let know detail fri u find co im tom fri mentionned chinese thanks,0
ham,You're right I have now that I think about it,youre right think,0
ham,Is ur lecture over?,ur lecture,0
spam,sexy sexy cum and text me im wet and warm and ready for some porn! u up for some fun? THIS MSG IS FREE RECD MSGS 150P INC VAT 2 CANCEL TEXT STOP,sexy sexy cum text im wet warm ready porn u fun msg free recd msg p inc vat cancel text stop,1
ham,Not planned yet :)going to join company on jan 5 only.don know what will happen after that.,planned yet going join company jan onlydon know happen,0
ham,Boy; I love u Grl: Hogolo Boy: gold chain kodstini Grl: Agalla Boy: necklace madstini Grl: agalla Boy: Hogli 1 mutai eerulli kodthini! Grl: I love U kano;-),boy love u grl hogolo boy gold chain kodstini grl agalla boy necklace madstini grl agalla boy hogli mutai eerulli kodthini grl love u kano,0
ham,"Haha I heard that, text me when you're around",haha heard text youre around,0
ham,I.ll get there tomorrow and send it to you,ill get tomorrow send,0
ham,\SHIT BABE.. THASA BIT MESSED UP.YEH,shit babe thasa bit messed upyeh,0
ham,Oh thats late! Well have a good night and i will give u a call tomorrow. Iam now going to go to sleep night night,oh thats late well good night give u call tomorrow iam going go sleep night night,0
ham,"\CHEERS U TEX MECAUSE U WEREBORED! YEAH OKDEN HUNNY R UIN WK SAT?SOUNDåÕS LIKEYOUR HAVIN GR8FUN J! KEEP UPDAT COUNTINLOTS OF LOVEME XXXXX.\""""",cheer u tex mecause u werebored yeah okden hunny r uin wk satsounds likeyour havin grfun j keep updat countinlots loveme xxxxx,0
ham,"Sorry,  in meeting I'll call you later",sorry meeting ill call later,0
ham,Yo! Howz u? girls never rang after india. L,yo howz u girl never rang india l,0
ham,Yeah but which is worse for i,yeah worse,0
ham,I tagged MY friends that you seemed to count as YOUR friends.,tagged friend seemed count friend,0
ham,Long time. You remember me today.,long time remember today,0
ham,Havent shopping now lor i juz arrive only,havent shopping lor juz arrive,0
ham,Thank u. IT BETTER WORK OUT CAUSE I WILL FEEL USED OTHERWISE,thank u better work cause feel used otherwise,0
ham,Are you up for the challenge? I know i am :),challenge know,0
ham,How much did ur hdd casing cost.,much ur hdd casing cost,0
ham,Mystery solved! Just opened my email and he's sent me another batch! Isn't he a sweetie,mystery solved opened email he sent another batch isnt sweetie,0
ham,I can't describe how lucky you are that I'm actually awake by noon,cant describe lucky im actually awake noon,0
spam,This is the 2nd time we have tried to contact u. U have won the å£1450 prize to claim just call 09053750005 b4 310303. T&Cs/stop SMS 08718725756. 140ppm,nd time tried contact u u prize claim call b tcsstop sm ppm,1
ham,Cheers for the card ... Is it that time of year already?,cheer card time year already,0
ham,Ugh hopefully the asus ppl dont randomly do a reformat.,ugh hopefully asus ppl dont randomly reformat,0
ham,"Haven't seen my facebook, huh? Lol!",havent seen facebook huh lol,0
ham,"Mah b, I'll pick it up tomorrow",mah b ill pick tomorrow,0
ham,Still otside le..u come 2morrow maga..,still otside leu come morrow maga,0
ham,Do u still have plumbers tape and a wrench we could borrow?,u still plumber tape wrench could borrow,0
spam,"Dear Voucher Holder, To claim this weeks offer, at you PC please go to http://www.e-tlp.co.uk/reward. Ts&Cs apply.",dear voucher holder claim week offer pc please go tscs apply,1
ham,It vl bcum more difficult..,vl bcum difficult,0
ham,Havent still waitin as usual... ÌÏ come back sch oredi?,havent still waitin usual come back sch oredi,0
ham,In meeting da. I will call you,meeting da call,0
ham,K k :-):-) then watch some films.,k k watch film,0
ham,Does cinema plus drink appeal tomo? * Is a fr thriller by director i like on at mac at 8.30.,cinema plus drink appeal tomo fr thriller director like mac,0
ham,There the size of elephant tablets & u shove um up ur ass!!,size elephant tablet u shove um ur as,0
ham,"So many people seems to be special at first sight, But only very few will remain special to you till your last sight.. Maintain them till life ends.. take cr da",many people seems special first sight remain special till last sight maintain till life end take cr da,0
ham,"My Parents, My Kidz, My Friends n My Colleagues. All screaming.. SURPRISE !! and I was waiting on the sofa.. ... ..... ' NAKED...!",parent kidz friend n colleague screaming surprise waiting sofa naked,0
ham,Dunno i juz askin cos i got a card got 20% off 4 a salon called hair sense so i tot it's da one Ì_ cut ur hair. ,dunno juz askin co got card got salon called hair sense tot da one cut ur hair,0
ham,Good morning pookie pie! Lol hope I didn't wake u up,good morning pookie pie lol hope didnt wake u,0
ham,MAYBE IF YOU WOKE UP BEFORE FUCKING 3 THIS WOULDN'T BE A PROBLEM.,maybe woke fucking wouldnt problem,0
ham,Happy birthday to you....dear.with lots of love.rakhesh NRI,happy birthday youdearwith lot loverakhesh nri,0
ham,X2  &lt;#&gt; . Are you going to get that,x ltgt going get,0
ham,Hi neva worry bout da truth coz the truth will lead me 2 ur heart. ItåÕs the least a unique person like u deserve. Sleep tight or morning,hi neva worry bout da truth coz truth lead ur heart least unique person like u deserve sleep tight morning,0
spam,UR awarded a City Break and could WIN a å£200 Summer Shopping spree every WK. Txt STORE to 88039.SkilGme.TsCs087147403231Winawk!Age16+å£1.50perWKsub,ur awarded city break could win summer shopping spree every wk txt store skilgmetscswinawkageperwksub,1
ham,Is ur paper today in e morn or aft?,ur paper today e morn aft,0
ham,I will lick up every drop :) are you ready to use your mouth as well?,lick every drop ready use mouth well,0
ham,And you! Will expect you whenever you text! Hope all goes well tomo ,expect whenever text hope go well tomo,0
ham,Great. P diddy is my neighbor and comes for toothpaste every morning,great p diddy neighbor come toothpaste every morning,0
ham,"I av a new number,  . Wil u only use this one,ta.",av new number wil u use oneta,0
ham,So its to be poking man everyday that they teach you in canada abi! How are you. Just saying hi.,poking man everyday teach canada abi saying hi,0
ham,7 lor... Change 2 suntec... Wat time u coming?,lor change suntec wat time u coming,0
ham,No de.am seeing in online shop so that i asked.,deam seeing online shop asked,0
ham,Just curious because my cuz asked what I was up to,curious cuz asked,0
ham,Okay lor... Wah... like that def they wont let us go... Haha... What did they say in the terms and conditions?,okay lor wah like def wont let u go haha say term condition,0
ham,Haha... Yup hopefully  we will lose a few kg by mon. after hip hop can go orchard and weigh again,haha yup hopefully lose kg mon hip hop go orchard weigh,0
ham,She's good. How are you. Where r u working now,shes good r u working,0
ham,"Oh, yes, I've just been a little under the weather so i've kind of been coccooning at home",oh yes ive little weather ive kind coccooning home,0
ham,At home also.,home also,0
ham,This phone has the weirdest auto correct.,phone weirdest auto correct,0
ham,Oops my phone died and I didn't even know. Yeah I like it better.,oops phone died didnt even know yeah like better,0
ham,Havent mus ask if u can 1st wat. Of meet 4 lunch den u n him meet can already lor. Or u wan 2 go ask da ge 1st then confirm w me asap?,havent mu ask u st wat meet lunch den u n meet already lor u wan go ask da ge st confirm w asap,0
ham,"She said,'' do u mind if I go into the bedroom for a minute ? '' ''OK'', I sed in a sexy mood. She came out 5 minuts latr wid a cake...n My Wife,",said u mind go bedroom minute ok sed sexy mood came minuts latr wid caken wife,0
ham,"OH YEAH,AND HAV A GREAT TIME IN NEWQUAY-SEND ME A POSTCARD !1 LOOK AFTER ALL THE GIRLS WHILE IM GONE(U KNOW THE 1IM TALKIN BOUT!)xx",oh yeahand hav great time newquaysend postcard look girl im goneu know im talkin boutxx,0
ham,We got a divorce. Lol. She.s here,got divorce lol shes,0
ham,What's ur pin?,whats ur pin,0
ham,"Babe, have you got enough money to pick up bread and milk ? And I'll give you it back when you get home ?",babe got enough money pick bread milk ill give back get home,0
ham,I want snow. It's just freezing and windy.,want snow freezing windy,0
ham,Come to mahal bus stop.. &lt;DECIMAL&gt;,come mahal bus stop ltdecimalgt,0
ham,Don know:)this week i'm going to tirunelvai da.,knowthis week im going tirunelvai da,0
ham,Me too baby! I promise to treat you well! I bet you will take good care of me...,baby promise treat well bet take good care,0
ham,Its like that hotel dusk game i think. You solve puzzles in a area thing,like hotel dusk game think solve puzzle area thing,0
spam,"Thanks for your ringtone order, reference number X29. Your mobile will be charged 4.50. Should your tone not arrive please call customer services 09065989180",thanks ringtone order reference number x mobile charged tone arrive please call customer service,1
ham,"Hi, my love! How goes that day? Fuck, this morning I woke and dropped my cell on the way down the stairs but it seems alright ... *phews* I miss you !",hi love go day fuck morning woke dropped cell way stair seems alright phews miss,0
ham,Well that must be a pain to catch,well must pain catch,0
ham,Sorry da thangam.it's my mistake.,sorry da thangamits mistake,0
ham,I need... Coz i never go before ,need coz never go,0
ham,"Rose for red,red for blood,blood for heart,heart for u. But u for me.... Send tis to all ur friends.. Including me.. If u like me.. If u get back, 1-u r poor in relation! 2-u need some 1 to support 3-u r frnd 2 many 4-some1 luvs u 5+- some1 is praying god to marry u.:-) try it....",rose redred bloodblood heartheart u u send ti ur friend including u like u get back u r poor relation u need support u r frnd many luvs u praying god marry u try,0
spam,Ur cash-balance is currently 500 pounds - to maximize ur cash-in now send COLLECT to 83600 only 150p/msg. CC: 08718720201 PO BOX 114/14 TCR/W1,ur cashbalance currently pound maximize ur cashin send collect pmsg cc po box tcrw,1
ham,"I feel like a dick because I keep sleeping through your texts and facebook messages. Sup, you in town?",feel like dick keep sleeping text facebook message sup town,0
ham,No plm i will come da. On the way.,plm come da way,0
ham,Guess he wants alone time. We could just show up and watch when they do..,guess want alone time could show watch,0
ham,Height of recycling: Read twice- People spend time for earning money and the same money is spent for spending time!;-) Good morning.. keep smiling:-),height recycling read twice people spend time earning money money spent spending time good morning keep smiling,0
ham,Yup Ì_ not comin :-(,yup comin,0
ham,"Yes, princess. Toledo.",yes princess toledo,0
ham,"Aight text me when you're back at mu and I'll swing by, need somebody to get the door for me",aight text youre back mu ill swing need somebody get door,0
ham,Ron say fri leh. N he said ding tai feng cant make reservations. But he said wait lor.,ron say fri leh n said ding tai feng cant make reservation said wait lor,0
ham,Good. No swimsuit allowed :),good swimsuit allowed,0
ham,Am okay. Will soon be over. All the best,okay soon best,0
ham,A cute thought for friendship: \Its not necessary to share every secret with ur close Frnd,cute thought friendship necessary share every secret ur close frnd,0
ham,Ok i've sent u da latest version of da project.,ok ive sent u da latest version da project,0
ham,Pls accept me for one day. Or am begging you change the number.,pls accept one day begging change number,0
ham,Squeeeeeze!! This is christmas hug.. If u lik my frndshp den hug me back.. If u get 3 u r cute:) 6 u r luvd:* 9 u r so lucky;) None? People hate u:,squeeeeeze christmas hug u lik frndshp den hug back u get u r cute u r luvd u r lucky none people hate u,0
ham,"Its ok, if anybody asks abt me, u tel them..:-P",ok anybody asks abt u tel themp,0
ham,"Funny fact Nobody teaches volcanoes 2 erupt, tsunamis 2 arise, hurricanes 2 sway aroundn no 1 teaches hw 2 choose a wife Natural disasters just happens",funny fact nobody teach volcano erupt tsunami arise hurricane sway aroundn teach hw choose wife natural disaster happens,0
ham,* You gonna ring this weekend or wot?,gonna ring weekend wot,0
ham,Also track down any lighters you can find,also track lighter find,0
ham,"Babe, I need your advice",babe need advice,0
ham,"IÛ÷ll leave around four, ok?",ill leave around four ok,0
ham,Come to medical college at 7pm ......forward it da,come medical college pm forward da,0
ham,K:)k..its good:)when are you going?,kkits goodwhen going,0
ham,I can make lasagna for you... vodka...,make lasagna vodka,0
ham,HI ITS KATE CAN U GIVE ME A RING ASAP XXX,hi kate u give ring asap xxx,0
ham,Who were those people ? Were you in a tour ? I thought you were doing that sofa thing you sent me ? Your curious sugar,people tour thought sofa thing sent curious sugar,0
ham,"No, but you told me you were going, before you got drunk!",told going got drunk,0
ham,He fucking chickened out. He messaged me he would be late and woould buzz me and then I didn't hear a word from him,fucking chickened messaged would late woould buzz didnt hear word,0
ham,I'm always looking for an excuse to be in the city.,im always looking excuse city,0
ham,Yup i'm still having coffee wif my frens... My fren drove she'll give me a lift...,yup im still coffee wif frens fren drove shell give lift,0
ham,O shore are you takin the bus,shore takin bus,0
ham,So u gonna get deus ex?,u gonna get deus ex,0
ham,I will send them to your email. Do you mind  &lt;#&gt;  times per night?,send email mind ltgt time per night,0
spam,"44 7732584351, Do you want a New Nokia 3510i colour phone DeliveredTomorrow? With 300 free minutes to any mobile + 100 free texts + Free Camcorder reply or call 08000930705.",want new nokia colour phone deliveredtomorrow free minute mobile free text free camcorder reply call,1
ham,tap & spile at seven. * Is that pub on gas st off broad st by canal. Ok?,tap spile seven pub gas st broad st canal ok,0
ham,Ok then i come n pick u at engin?,ok come n pick u engin,0
ham,Which is why i never wanted to tell you any of this. Which is why i'm so short with you and on-edge as of late.,never wanted tell im short onedge late,0
ham,Raviyog Peripherals bhayandar east,raviyog peripheral bhayandar east,0
ham,K actually can you guys meet me at the sunoco on howard? It should be right on the way,k actually guy meet sunoco howard right way,0
ham,"MOON has come to color your dreams, STARS to make them musical and my SMS to give you warm and Peaceful Sleep. Good Night",moon come color dream star make musical sm give warm peaceful sleep good night,0
ham,Just finished eating. Got u a plate. NOT leftovers this time.,finished eating got u plate leftover time,0
ham,Thanx a lot...,thanx lot,0
ham,Hurry home u big butt. Hang up on your last caller if u have to. Food is done and I'm starving. Don't ask what I cooked.,hurry home u big butt hang last caller u food done im starving dont ask cooked,0
ham,Lol your right. What diet? Everyday I cheat anyway. I'm meant to be a fatty :(,lol right diet everyday cheat anyway im meant fatty,0
ham,Its a great day. Do have yourself a beautiful one.,great day beautiful one,0
ham,What happened in interview?,happened interview,0
ham,Badrith is only for chennai:)i will surely pick for us:)no competition for him.,badrith chennaii surely pick usno competition,0
ham,I tot it's my group mate... Lucky i havent reply... Wat time do Ì_ need to leave... ,tot group mate lucky havent reply wat time need leave,0
ham,Hey you around? I've got enough for a half + the ten I owe you,hey around ive got enough half ten owe,0
ham,Hey tmr maybe can meet you at yck,hey tmr maybe meet yck,0
ham,ALRITE SAM ITS NIC JUST CHECKIN THAT THIS IS UR NUMBER-SO IS IT?T.B*,alrite sam nic checkin ur numberso ittb,0
ham,They are just making it easy to pay back. I have  &lt;#&gt; yrs to say but i can pay back earlier. You get?,making easy pay back ltgt yr say pay back earlier get,0
ham,Not to worry. I'm sure you'll get it.,worry im sure youll get,0
ham,"The gas station is like a block away from my house, you'll drive right by it since armenia ends at swann and you have to take howard",gas station like block away house youll drive right since armenia end swann take howard,0
spam,"Someone U know has asked our dating service 2 contact you! Cant Guess who? CALL 09058097189 NOW all will be revealed. POBox 6, LS15HB 150p ",someone u know asked dating service contact cant guess call revealed pobox lshb p,1
spam,Camera - You are awarded a SiPix Digital Camera! call 09061221066 fromm landline. Delivery within 28 days,camera awarded sipix digital camera call fromm landline delivery within day,1
ham,My tuition is at 330. Hm we go for the 1120 to 1205 one? Do you mind?,tuition hm go one mind,0
ham,"I'm not smoking while people use \wylie smokes too much\"" to justify ruining my shit""",im smoking people use wylie smoke much justify ruining shit,0
ham,Dear good morning how you feeling dear,dear good morning feeling dear,0
ham,A little. Meds say take once every 8 hours. It's only been 5 but pain is back. So I took another. Hope I don't die,little med say take every hour pain back took another hope dont die,0
ham,"Beautiful tomorrow never comes.. When it comes, it's already TODAY.. In the hunt of beautiful tomorrow don't waste your wonderful TODAY.. GOODMORNING:)",beautiful tomorrow never come come already today hunt beautiful tomorrow dont waste wonderful today goodmorning,0
ham,Dunno lei Ì_ all decide lor. How abt leona? Oops i tot ben is going n i msg him.,dunno lei decide lor abt leona oops tot ben going n msg,0
ham,Hi there. We have now moved in2 our pub . Would be great 2 c u if u cud come up.,hi moved pub would great c u u cud come,0
spam,Todays Voda numbers ending 5226 are selected to receive a ?350 award. If you hava a match please call 08712300220 quoting claim code 1131 standard rates app ,today voda number ending selected receive award hava match please call quoting claim code standard rate app,1
ham,Just do what ever is easier for you,ever easier,0
spam,RCT' THNQ Adrian for U text. Rgds Vatian,rct thnq adrian u text rgds vatian,1
ham,Stop calling everyone saying I might have cancer. My throat hurts to talk. I can't be answering everyones calls. If I get one more call I'm not babysitting on Monday,stop calling everyone saying might cancer throat hurt talk cant answering everyones call get one call im babysitting monday,0
ham,"It'll be tough, but I'll do what I have to",itll tough ill,0
ham,IM GONNAMISSU SO MUCH!!I WOULD SAY IL SEND U A POSTCARD BUTTHERES ABOUTAS MUCH CHANCE OF MEREMEMBERIN ASTHERE IS OFSI NOT BREAKIN HIS CONTRACT!! LUV Yaxx,im gonnamissu muchi would say il send u postcard buttheres aboutas much chance merememberin asthere ofsi breakin contract luv yaxx,0
ham,Ee msg na poortiyagi odalebeku: Hanumanji 7 name 1-Hanuman 2-Bajarangabali 3-Maruti 4-Pavanaputra 5-Sankatmochan 6-Ramaduth 7-Mahaveer ee 7 name  &lt;#&gt;  janarige ivatte kalisidare next saturday olage ondu good news keluviri...! Maretare inde 1 dodda problum nalli siguviri idu matra  &lt;#&gt; % true.. Don't neglet.,ee msg na poortiyagi odalebeku hanumanji name hanuman bajarangabali maruti pavanaputra sankatmochan ramaduth mahaveer ee name ltgt janarige ivatte kalisidare next saturday olage ondu good news keluviri maretare inde dodda problum nalli siguviri idu matra ltgt true dont neglet,0
ham,HI DARLIN I FINISH AT 3 DO U 1 2 PICK ME UP OR MEET ME? TEXT BACK ON THIS NUMBER LUV KATE XXX,hi darlin finish u pick meet text back number luv kate xxx,0
ham,"Set a place for me in your heart and not in your mind, as the mind easily forgets but the heart will always remember. Wish you Happy Valentines Day!",set place heart mind mind easily forgets heart always remember wish happy valentine day,0
ham,But i'm surprised she still can guess right lor...,im surprised still guess right lor,0
ham,Okie Ì_ wan meet at bishan? Cos me at bishan now. I'm not driving today.,okie wan meet bishan co bishan im driving today,0
ham,HI DARLIN HOW WAS WORK DID U GET INTO TROUBLE? IJUST TALKED TO YOUR MUM ALL MORNING! I HAD A REALLY GOOD TIME LAST NIGHT IM GOIN OUT SOON BUT CALL ME IF U CAN,hi darlin work u get trouble ijust talked mum morning really good time last night im goin soon call u,0
ham,I know you are serving. I mean what are you doing now.,know serving mean,0
ham,"Huh... Hyde park not in mel ah, opps, got confused... Anyway, if tt's e best choice den we juz have to take it...",huh hyde park mel ah opps got confused anyway tt e best choice den juz take,0
ham,Oh gei. That happend to me in tron. Maybe ill dl it in 3d when its out,oh gei happend tron maybe ill dl,0
ham,I know girls always safe and selfish know i got it pa. Thank you. good night.,know girl always safe selfish know got pa thank good night,0
ham,"No worries, hope photo shoot went well. have a spiffing fun at workage. ",worry hope photo shoot went well spiffing fun workage,0
ham,I'm freezing and craving ice. Fml,im freezing craving ice fml,0
ham,Kay... Since we are out already ,kay since already,0
ham,Eh sorry leh... I din c ur msg. Not sad already lar. Me watching tv now. U still in office?,eh sorry leh din c ur msg sad already lar watching tv u still office,0
ham,Yo im right by yo work,yo im right yo work,0
ham,Ok darlin i supose it was ok i just worry too much.i have to do some film stuff my mate and then have to babysit again! But you can call me there.xx,ok darlin supose ok worry muchi film stuff mate babysit call therexx,0
ham,I don wake since. I checked that stuff and saw that its true no available spaces. Pls call the embassy or send a mail to them.,wake since checked stuff saw true available space pls call embassy send mail,0
ham,Nope... Juz off from work...,nope juz work,0
ham,Huh so fast... Dat means u havent finished painting?,huh fast dat mean u havent finished painting,0
ham, what number do u live at? Is it 11?,number u live,0
ham,"No we put party 7 days a week and study lightly, I think we need to draw in some custom checkboxes so they know we're hardcore",put party day week study lightly think need draw custom checkboxes know hardcore,0
ham,Sac will score big hundred.he is set batsman:-),sac score big hundredhe set batsman,0
ham,Send me yetty's number pls.,send yettys number pls,0
ham,How much it will cost approx . Per month.,much cost approx per month,0
ham,Ok... The theory test? when are Ì_ going to book? I think it's on 21 may. Coz thought wanna go out with jiayin. But she isnt free,ok theory test going book think may coz thought wanna go jiayin isnt free,0
spam,"You are being contacted by our dating service by someone you know! To find out who it is, call from a land line 09050000928. PoBox45W2TG150P",contacted dating service someone know find call land line poboxwtgp,1
ham,"That's fine, have him give me a call if he knows what he wants or has any questions",thats fine give call know want question,0
ham,"Sorry, got a late start, we're on the way",sorry got late start way,0
ham,Then u go back urself lor...,u go back urself lor,0
ham,I AM AT THE GAS STATION. GO THERE.,gas station go,0
ham,"K, if u bored up just come to my home..",k u bored come home,0
ham,Babe !!!! I LOVE YOU !!!! *covers your face in kisses*,babe love cover face kiss,0
ham,"Like I made him throw up when we were smoking in our friend's car one time, it was awesome",like made throw smoking friend car one time awesome,0
ham,Still i have not checked it da. . .,still checked da,0
ham,You will go to walmart. I.ll stay.,go walmart ill stay,0
ham,"I haven't forgotten you, i might have a couple bucks to send you tomorrow, k? I love ya too",havent forgotten might couple buck send tomorrow k love ya,0
ham,Oh great. I.ll disturb him more so that we can talk.,oh great ill disturb talk,0
ham,Reverse is cheating. That is not mathematics.,reverse cheating mathematics,0
ham,U're welcome... Caught u using broken english again...,ure welcome caught u using broken english,0
ham,No problem baby. Is this is a good time to talk? I called and left a message.,problem baby good time talk called left message,0
ham,Oh is it! Which brand?,oh brand,0
ham,Sorry i cant take your call right now. It so happens that there r 2waxsto do wat you want. She can come and ill get her medical insurance. And she'll be able to deliver and have basic care. I'm currently shopping for the right medical insurance for her. So just give me til friday morning. Thats when i.ll see the major person that can guide me to the right insurance.,sorry cant take call right happens r waxsto wat want come ill get medical insurance shell able deliver basic care im currently shopping right medical insurance give til friday morning thats ill see major person guide right insurance,0
ham,At what time are you coming.,time coming,0
ham,Call him and say you not coming today ok and tell them not to fool me like this ok,call say coming today ok tell fool like ok,0
ham,I emailed yifeng my part oredi.. Can Ì_ get it fr him..,emailed yifeng part oredi get fr,0
ham,R u sure they'll understand that! Wine * good idea just had a slurp!,r u sure theyll understand wine good idea slurp,0
ham,Minimum walk is 3miles a day.,minimum walk mile day,0
ham,Ok not a problem will get them a taxi. C ing  tomorrow and tuesday. On tuesday think we r all going to the cinema. ,ok problem get taxi c ing tomorrow tuesday tuesday think r going cinema,0
ham,"Brainless Baby Doll..:-D;-), vehicle sariyag drive madoke barolla..",brainless baby dolld vehicle sariyag drive madoke barolla,0
spam,Sorry I missed your call let's talk when you have the time. I'm on 07090201529,sorry missed call let talk time im,1
ham,Please attend the phone:),please attend phone,0
ham,You only hate me. You can call any but you didnt accept even a single call of mine. Or even you messaged,hate call didnt accept even single call mine even messaged,0
ham,No messages on her phone. I'm holding it now,message phone im holding,0
ham,Can... I'm free...,im free,0
ham,"Yo my trip got postponed, you still stocked up?",yo trip got postponed still stocked,0
ham,I am waiting for your call sir.,waiting call sir,0
ham,Hey what are you doing. Y no reply pa..,hey reply pa,0
ham,"Hey elaine, is today's meeting still on?",hey elaine today meeting still,0
ham,Sorry i've not gone to that place. I.ll do so tomorrow. Really sorry.,sorry ive gone place ill tomorrow really sorry,0
ham,Most of the tiime when i don't let you hug me it's so i don't break into tears.,tiime dont let hug dont break tear,0
ham,Tomorrow i am not going to theatre. . . So i can come wherever u call me. . . Tell me where and when to come tomorrow,tomorrow going theatre come wherever u call tell come tomorrow,0
ham,And now electricity just went out fml.,electricity went fml,0
ham,"Looks like you found something to do other than smoke, great job!",look like found something smoke great job,0
ham,Also andros ice etc etc,also andros ice etc etc,0
ham,"Good afternon, my love. How are today? I hope your good and maybe have some interviews. I wake and miss you babe. A passionate kiss from across the sea",good afternon love today hope good maybe interview wake miss babe passionate kiss across sea,0
ham,Yup. Wun believe wat? U really neva c e msg i sent shuhui?,yup wun believe wat u really neva c e msg sent shuhui,0
ham,Hows that watch resizing,hows watch resizing,0
ham,Dear umma she called me now :-),dear umma called,0
ham,Just finished. Missing you plenty,finished missing plenty,0
spam,"complimentary 4 STAR Ibiza Holiday or å£10,000 cash needs your URGENT collection. 09066364349 NOW from Landline not to lose out! Box434SK38WP150PPM18+",complimentary star ibiza holiday cash need urgent collection landline lose boxskwpppm,1
ham,"Well, I meant as opposed to my drunken night of before",well meant opposed drunken night,0
ham,K... Must book a not huh? so going for yoga basic on sunday?,k must book huh going yoga basic sunday,0
spam,FREE MSG:We billed your mobile number by mistake from shortcode 83332.Please call 08081263000 to have charges refunded.This call will be free from a BT landline,free msgwe billed mobile number mistake shortcode please call charge refundedthis call free bt landline,1
ham,"Oops - am at my mum's in somerset... Bit far! Back tomo, see you soon x",oops mum somerset bit far back tomo see soon x,0
ham,So u workin overtime nigpun?,u workin overtime nigpun,0
ham,Same as kallis dismissial in 2nd test:-).,kallis dismissial nd test,0
ham,O. Guess they both got screwd,guess got screwd,0
ham,What r u cooking me for dinner?,r u cooking dinner,0
ham,Bull. Your plan was to go floating off to IKEA with me without a care in the world. So i have to live with your mess another day.,bull plan go floating ikea without care world live mess another day,0
ham,Then i buy.,buy,0
spam,URGENT! Your Mobile number has been awarded with a å£2000 Bonus Caller Prize. Call 09058095201 from land line. Valid 12hrs only,urgent mobile number awarded bonus caller prize call land line valid hr,1
ham,Heehee that was so funny tho,heehee funny tho,0
ham,It only does simple arithmetic not percentages.,simple arithmetic percentage,0
ham,"Yeah we wouldn't leave for an hour at least, how's 4 sound?",yeah wouldnt leave hour least hows sound,0
ham,Thanks honey. Have a great day.,thanks honey great day,0
ham,"'An Amazing Quote'' - \Sometimes in life its difficult to decide whats wrong!! a lie that brings a smile or the truth that brings a tear....\""""",amazing quote sometimes life difficult decide whats wrong lie brings smile truth brings tear,0
ham,Then Ì_ ask dad to pick Ì_ up lar... ÌÏ wan 2 stay until 6 meh...,ask dad pick lar wan stay meh,0
ham,"Jus chillaxin, what up",jus chillaxin,0
ham,"\HEY DAS COOL... IKNOW ALL 2 WELLDA PERIL OF STUDENTFINANCIAL CRISIS!SPK 2 U L8R.\""""",hey da cool iknow wellda peril studentfinancial crisisspk u lr,0
ham,"Whats that coming over the hill..... Is it a monster! Hope you have a great day. Things r going fine here, busy though! ",whats coming hill monster hope great day thing r going fine busy though,0
ham,Joy's father is John. Then John is the ____ of Joy's father. If u ans ths you hav  &lt;#&gt;  IQ. Tis s IAS question try to answer.,joy father john john joy father u an th hav ltgt iq ti ia question try answer,0
ham,Only once then after ill obey all yours.,ill obey,0
ham,No she didnt. I will search online and let you know.,didnt search online let know,0
ham,Where do you need to go to get it?,need go get,0
ham,No pic. Please re-send.,pic please resend,0
ham,Uhhhhrmm isnt having tb test bad when youre sick,uhhhhrmm isnt tb test bad youre sick,0
ham,But i haf enuff space got like 4 mb...,haf enuff space got like mb,0
spam,LIFE has never been this much fun and great until you came in. You made it truly special for me. I won't forget you! enjoy @ one gbp/sms,life never much fun great came made truly special wont forget enjoy one gbpsms,1
spam,Do you want a new Video phone? 600 anytime any network mins 400 Inclusive Video calls AND downloads 5 per week Free delTOMORROW call 08002888812 or reply NOW,want new video phone anytime network min inclusive video call downloads per week free deltomorrow call reply,1
spam,Welcome! Please reply with your AGE and GENDER to begin. e.g 24M,welcome please reply age gender begin eg,1
spam,Freemsg: 1-month unlimited free calls! Activate SmartCall Txt: CALL to No: 68866. Subscriptn3gbp/wk unlimited calls Help: 08448714184 Stop?txt stop landlineonly,freemsg month unlimited free call activate smartcall txt call subscriptngbpwk unlimited call help stoptxt stop landlineonly,1
spam,Had your mobile 10 mths? Update to latest Orange camera/video phones for FREE. Save å£s with Free texts/weekend calls. Text YES for a callback orno to opt out,mobile mths update latest orange cameravideo phone free save free textsweekend call text yes callback orno opt,1
spam,Am new 2 club & dont fink we met yet Will B gr8 2 C U Please leave msg 2day wiv ur area 09099726553 reply promised CARLIE x Callså£1/minMobsmore LKPOBOX177HP51FL,new club dont fink met yet b gr c u please leave msg day wiv ur area reply promised carlie x callsminmobsmore lkpoboxhpfl,1
ham,True. Its easier with her here.,true easier,0
ham,Sure but since my parents will be working on Tuesday I don't really need a cover story,sure since parent working tuesday dont really need cover story,0
ham,Haha okay... Today weekend leh... ,haha okay today weekend leh,0
ham,"\Hi darlin did youPhone me? Im atHome if youwanna chat.\""""",hi darlin youphone im athome youwanna chat,0
ham,I don't know jack shit about anything or i'd say/ask something helpful but if you want you can pretend that I did and just text me whatever in response to the hypotheticalhuagauahahuagahyuhagga,dont know jack shit anything id sayask something helpful want pretend text whatever response hypotheticalhuagauahahuagahyuhagga,0
ham,You've always been the brainy one.,youve always brainy one,0
ham,Yeah if we do have to get a random dude we need to change our info sheets to PARTY  &lt;#&gt; /7 NEVER STUDY just to be safe,yeah get random dude need change info sheet party ltgt never study safe,0
ham,"Christmas is An occasion that is Celebrated as a Reflection of UR... Values..., Desires..., Affections...&amp; Traditions.... Have an ideal Christmas...",christmas occasion celebrated reflection ur value desire affectionsamp tradition ideal christmas,0
ham,Sending you greetings of joy and happiness. Do have a gr8 evening,sending greeting joy happiness gr evening,0
ham,"\Hi darlin i cantdo anythingtomorrow as myparents aretaking me outfor a meal. when are u free? Katexxx\""""",hi darlin cantdo anythingtomorrow myparents aretaking outfor meal u free katexxx,0
ham,If india win or level series means this is record:),india win level series mean record,0
ham,Then what about further plan?,plan,0
ham,Its good to hear from you,good hear,0
ham,"awesome, how do I deal with the gate? Charles told me last night but, uh, yeah",awesome deal gate charles told last night uh yeah,0
ham,What time you thinkin of goin?,time thinkin goin,0
spam,Get a FREE mobile video player FREE movie. To collect text GO to 89105. Its free! Extra films can be ordered t's and c's apply. 18 yrs only,get free mobile video player free movie collect text go free extra film ordered t c apply yr,1
spam,Save money on wedding lingerie at www.bridal.petticoatdreams.co.uk Choose from a superb selection with national delivery. Brought to you by WeddingFriend,save money wedding lingerie choose superb selection national delivery brought weddingfriend,1
ham,Your board is working fine. The issue of overheating is also reslove. But still software inst is pending. I will come around 8'o clock.,board working fine issue overheating also reslove still software inst pending come around clock,0
ham,Yes but I don't care cause I know its there!,yes dont care cause know,0
ham,"Mon okie lor... Haha, best is cheap n gd food la, ex oso okie... Depends on whether wana eat western or chinese food... Den which u prefer... ",mon okie lor haha best cheap n gd food la ex oso okie depends whether wana eat western chinese food den u prefer,0
ham,Sitting ard nothing to do lor. U leh busy w work?,sitting ard nothing lor u leh busy w work,0
ham,Its  &lt;#&gt; k here oh. Should i send home for sale.,ltgt k oh send home sale,0
ham,Sorry. || mail? || ,sorry mail,0
ham,Ya just telling abt tht incident..,ya telling abt tht incident,0
ham,Yes we were outside for like 2 hours. And I called my whole family to wake them up cause it started at 1 am,yes outside like hour called whole family wake cause started,0
ham,Ugh just got outta class,ugh got outta class,0
ham,"Nowadays people are notixiquating the laxinorficated opportunity for bambling of entropication.... Have you ever oblisingately opted ur books for the masteriastering amplikater of fidalfication? It is very champlaxigating, i think it is atrocious.. Wotz Ur Opinion???? Junna",nowadays people notixiquating laxinorficated opportunity bambling entropication ever oblisingately opted ur book masteriastering amplikater fidalfication champlaxigating think atrocious wotz ur opinion junna,0
ham,No need lar. Jus testing e phone card. Dunno network not gd i thk. Me waiting 4 my sis 2 finish bathing so i can bathe. Dun disturb u liao u cleaning ur room.,need lar jus testing e phone card dunno network gd thk waiting si finish bathing bathe dun disturb u liao u cleaning ur room,0
ham,Ok. I.ll do you right later.,ok ill right later,0
ham,Have your lunch and come quickly and open the door:),lunch come quickly open door,0
spam,Not heard from U4 a while. Call me now am here all night with just my knickers on. Make me beg for it like U did last time 01223585236 XX Luv Nikiyu4.net,heard u call night knickers make beg like u last time xx luv nikiyunet,1
ham,I am back. Bit long cos of accident on a30. Had to divert via wadebridge.I had a brilliant weekend thanks. Speak soon. Lots of love,back bit long co accident divert via wadebridgei brilliant weekend thanks speak soon lot love,0
ham,"K.. I yan jiu liao... Sat we can go 4 bugis vill one frm 10 to 3 den hop to parco 4 nb. Sun can go cine frm 1030 to 2, den hop to orc mrt 4 hip hop at 4...",k yan jiu liao sat go bugis vill one frm den hop parco nb sun go cine frm den hop orc mrt hip hop,0
spam,Bloomberg -Message center +447797706009 Why wait? Apply for your future http://careers. bloomberg.com,bloomberg message center wait apply future bloombergcom,1
ham,i am seeking a lady in the street and a freak in the sheets. Is that you?,seeking lady street freak sheet,0
ham,My phone,phone,0
ham,"Haha figures, well I found the piece and priscilla's bowl",haha figure well found piece priscillas bowl,0
ham,"Actually fuck that, just do whatever, do find an excuse to be in tampa at some point before january though",actually fuck whatever find excuse tampa point january though,0
ham,yay! finally lol. i missed our cinema trip last week :-(,yay finally lol missed cinema trip last week,0
ham,All day working day:)except saturday and sunday..,day working dayexcept saturday sunday,0
ham,Heart is empty without love.. Mind is empty without wisdom.. Eyes r empty without dreams &amp; Life is empty without frnds.. So Alwys Be In Touch. Good night &amp; sweet dreams,heart empty without love mind empty without wisdom eye r empty without dream amp life empty without frnds alwys touch good night amp sweet dream,0
ham,"I think IÛ÷m waiting for the same bus! Inform me when you get there, if you ever get there.",think im waiting bus inform get ever get,0
ham,You getting back any time soon?,getting back time soon,0
ham,", how's things? Just a quick question.",hows thing quick question,0
ham,"I can probably come by, everybody's done around  &lt;#&gt;  right?",probably come everybodys done around ltgt right,0
ham,I got it before the new year cos yetunde said she wanted to surprise you with it but when i didnt see money i returned it mid january before the  &lt;#&gt; day return period ended.,got new year co yetunde said wanted surprise didnt see money returned mid january ltgt day return period ended,0
ham,I can ask around but there's not a lot in terms of mids up here,ask around there lot term mids,0
ham,Be sure to check your yahoo email. We sent photos yesterday,sure check yahoo email sent photo yesterday,0
ham,What was she looking for?,looking,0
ham,Wherre's my boytoy ? :-(,wherres boytoy,0
spam,Do you want a NEW video phone750 anytime any network mins 150 text for only five pounds per week call 08000776320 now or reply for delivery tomorrow,want new video phone anytime network min text five pound per week call reply delivery tomorrow,1
ham,"Hello, my love! How goes that day ? I wish your well and fine babe and hope that you find some job prospects. I miss you, boytoy ... *a teasing kiss*",hello love go day wish well fine babe hope find job prospect miss boytoy teasing kiss,0
ham,Tell my  bad character which u Dnt lik in me. I'll try to change in  &lt;#&gt; . I ll add tat 2 my new year resolution. Waiting for ur reply.Be frank...good morning.,tell bad character u dnt lik ill try change ltgt add tat new year resolution waiting ur replybe frankgood morning,0
ham,"Yeah, probably earlier than that",yeah probably earlier,0
ham,Change windows logoff sound..,change window logoff sound,0
ham,I'm also came to room.,im also came room,0
ham,Huh but i got lesson at 4 lei n i was thinkin of going to sch earlier n i tot of parkin at kent vale...  ,huh got lesson lei n thinkin going sch earlier n tot parkin kent vale,0
ham,I will reach office around  &lt;DECIMAL&gt; . &amp; my mobile have problem. You cann't get my voice. So call you asa i'll free,reach office around ltdecimalgt amp mobile problem cannt get voice call asa ill free,0
ham,"Cool, text me when you head out",cool text head,0
spam,"Wan2 win a Meet+Greet with Westlife 4 U or a m8? They are currently on what tour? 1)Unbreakable, 2)Untamed, 3)Unkempt. Text 1,2 or 3 to 83049. Cost 50p +std text",wan win meetgreet westlife u currently tour unbreakable untamed unkempt text cost p std text,1
ham,Happy birthday... May u find ur prince charming soon n dun work too hard...,happy birthday may u find ur prince charming soon n dun work hard,0
ham,"Oh, the grand is having a bit of a party but it doesn't mention any cover charge so it's probably first come first served",oh grand bit party doesnt mention cover charge probably first come first served,0
ham,You said to me before i went back to bed that you can't sleep for anything.,said went back bed cant sleep anything,0
ham,I hope you arnt pissed off but id would really like to see you tomorrow. Love me xxxxxxxxxxxxxX,hope arnt pissed id would really like see tomorrow love xxxxxxxxxxxxxx,0
spam,Dorothy@kiefer.com (Bank of Granite issues Strong-Buy) EXPLOSIVE PICK FOR OUR MEMBERS *****UP OVER 300% *********** Nasdaq Symbol CDGT That is a $5.00 per..,dorothykiefercom bank granite issue strongbuy explosive pick member nasdaq symbol cdgt per,1
ham,says the  &lt;#&gt;  year old with a man and money. I'm down to my last  &lt;#&gt; . Still waiting for that check.,say ltgt year old man money im last ltgt still waiting check,0
ham,I will come to ur home now,come ur home,0
ham,Free any day but i finish at 6 on mon n thurs...,free day finish mon n thurs,0
ham,Will you be here for food,food,0
ham,"life alle mone,eppolum oru pole allalo",life alle moneeppolum oru pole allalo,0
ham,Nite...,nite,0
ham,Two fundamentals of cool life: \Walk,two fundamental cool life walk,0
ham,"Camera quite good, 10.1mega pixels, 3optical and 5digital dooms. Have a lovely holiday, be safe and i hope you hav a good journey! Happy new year to you both! See you in a couple of weeks! ",camera quite good mega pixel optical digital doom lovely holiday safe hope hav good journey happy new year see couple week,0
ham,Hi Petey!noiåÕm ok just wanted 2 chat coz avent spoken 2 u 4 a long time-hope ur doin alrite.have good nit at js love ya am.x,hi peteynoim ok wanted chat coz avent spoken u long timehope ur doin alritehave good nit j love ya amx,0
ham,I just saw ron burgundy captaining a party boat so yeah,saw ron burgundy captaining party boat yeah,0
ham,I'm serious. You are in the money base,im serious money base,0
ham,Already one guy loving you:-.,already one guy loving,0
ham,Staff of placement training in Amrita college.,staff placement training amrita college,0
ham,I always chat with you. In fact i need money can you raise me?,always chat fact need money raise,0
ham,I'm job profile seems like bpo..,im job profile seems like bpo,0
ham,"Well, I was about to give up cos they all said no they didnÛ÷t do one nighters. I persevered and found one but it is very cheap so i apologise in advance. It is just somewhere to sleep isnt it?",well give co said didnt one nighters persevered found one cheap apologise advance somewhere sleep isnt,0
ham,"So you think i should actually talk to him? Not call his boss in the morning? I went to this place last year and he told me where i could go and get my car fixed cheaper. He kept telling me today how much he hoped i would come back in, how he always regretted not getting my number, etc.",think actually talk call bos morning went place last year told could go get car fixed cheaper kept telling today much hoped would come back always regretted getting number etc,0
ham,Are you willing to go for apps class.,willing go apps class,0
ham,Hanging out with my brother and his family,hanging brother family,0
ham,No it will reach by 9 only. She telling she will be there. I dont know,reach telling dont know,0
ham,Hey... are you going to quit soon? Xuhui and i working till end of the month ,hey going quit soon xuhui working till end month,0
ham,"Im sorry bout last nite it wasnåÕt ur fault it was me, spouse it was pmt or sumthin! U 4give me? I think u shldxxxx",im sorry bout last nite wasnt ur fault spouse pmt sumthin u give think u shldxxxx,0
ham,Try neva mate!!,try neva mate,0
ham,Yeah that'd pretty much be the best case scenario,yeah thatd pretty much best case scenario,0
ham,I not free today i haf 2 pick my parents up tonite...,free today haf pick parent tonite,0
ham,\HEY BABE! FAR 2 SPUN-OUT 2 SPK AT DA MO... DEAD 2 DA WRLD. BEEN SLEEPING ON DA SOFA ALL DAY,hey babe far spunout spk da mo dead da wrld sleeping da sofa day,0
ham,Should i send you naughty pix? :),send naughty pix,0
spam,"You are a å£1000 winner or Guaranteed Caller Prize, this is our Final attempt to contact you! To Claim Call 09071517866 Now! 150ppmPOBox10183BhamB64XE",winner guaranteed caller prize final attempt contact claim call ppmpoboxbhambxe,1
spam,"Xmas & New Years Eve tickets are now on sale from the club, during the day from 10am till 8pm, and on Thurs, Fri & Sat night this week. They're selling fast!",xmas new year eve ticket sale club day till pm thurs fri sat night week theyre selling fast,1
ham,"Tyler (getting an 8th) has to leave not long after 9, can you get here in like an hour?",tyler getting th leave long get like hour,0
ham,Prepare to be pounded every night...,prepare pounded every night,0
ham,"Actually, my mobile is full of msg. And i m doing a work online, where i need to send them  &lt;#&gt;  sent msg i wil explain u later.",actually mobile full msg work online need send ltgt sent msg wil explain u later,0
ham,Good evening! How are you?,good evening,0
ham,I'm at home. Please call,im home please call,0
ham,Oic cos me n my sis got no lunch today my dad went out... So dunno whether 2 eat in sch or wat...,oic co n si got lunch today dad went dunno whether eat sch wat,0
ham,"Mmmmm ... It was sooooo good to wake to your words this morning, my Love!! Mmmm fuck ... I love you too, my Lion ... *devouring kiss from across the sea*",mmmmm sooooo good wake word morning love mmmm fuck love lion devouring kiss across sea,0
ham,We are pleased to inform that your application for Airtel Broadband is processed successfully. Your installation will happen within 3 days.,pleased inform application airtel broadband processed successfully installation happen within day,0
ham,What happen dear. Why you silent. I am tensed,happen dear silent tensed,0
ham,"I'll get there at 3, unless you guys want me to come some time sooner",ill get unless guy want come time sooner,0
ham,If you are not coughing then its nothing,coughing nothing,0
ham,ÌÏ come lt 25 n pass to me lar,come lt n pas lar,0
ham,I'm e person who's doing e sms survey...,im e person who e sm survey,0
ham,Lol ok ill try to send. Be warned Sprint is dead slow. You'll prolly get it tomorrow,lol ok ill try send warned sprint dead slow youll prolly get tomorrow,0
ham,Thank You meet you monday,thank meet monday,0
ham,SO IS TH GOWER MATE WHICH IS WHERE I AM!?! HOW R U MAN? ALL IS GOOD IN WALES ILL B BACK åÔMORROW. C U THIS WK? WHO WAS THE MSG 4? åÐ RANDOM!,th gower mate r u man good wale ill b back morrow c u wk msg random,0
spam,"Rock yr chik. Get 100's of filthy films &XXX pics on yr phone now. rply FILTH to 69669. Saristar Ltd, E14 9YT 08701752560. 450p per 5 days. Stop2 cancel",rock yr chik get filthy film xxx pic yr phone rply filth saristar ltd e yt p per day stop cancel,1
ham,"I got like $ &lt;#&gt; , I can get some more later though. Get whatever you feel like",got like ltgt get later though get whatever feel like,0
ham,"Dad wanted to talk about the apartment so I got a late start, omw now",dad wanted talk apartment got late start omw,0
ham,I love you both too :-),love,0
ham,Lol u still feeling sick?,lol u still feeling sick,0
ham,Din i tell u jus now 420,din tell u jus,0
ham,am up to my eyes in philosophy,eye philosophy,0
spam,From next month get upto 50% More Calls 4 Ur standard network charge 2 activate Call 9061100010 C Wire3.net 1st4Terms PoBox84 M26 3UZ Cost å£1.50 min MobcudB more,next month get upto call ur standard network charge activate call c wirenet stterms pobox uz cost min mobcudb,1
ham,Ok lor. I'm in town now lei.,ok lor im town lei,0
ham,I had it already..sabarish asked me to go..,alreadysabarish asked go,0
ham,No da. . Vijay going to talk in jaya tv,da vijay going talk jaya tv,0
spam,URGENT! We are trying to contact U Todays draw shows that you have won a å£800 prize GUARANTEED. Call 09050000460 from land line. Claim J89. po box245c2150pm,urgent trying contact u today draw show prize guaranteed call land line claim j po boxcpm,1
ham,Lol I know! Hey someone did a great inpersonation of flea on the forums. I love it!,lol know hey someone great inpersonation flea forum love,0
spam,Text BANNEDUK to 89555 to see! cost 150p textoperator g696ga 18+ XXX,text banneduk see cost p textoperator gga xxx,1
ham,Still chance there. If you search hard you will get it..let have a try :),still chance search hard get itlet try,0
spam,"Auction round 4. The highest bid is now å£54. Next maximum bid is å£71. To bid, send BIDS e. g. 10 (to bid å£10) to 83383. Good luck.",auction round highest bid next maximum bid bid send bid e g bid good luck,1
ham,Do you always celebrate NY's with your family ?,always celebrate ny family,0
ham,"We know TAJ MAHAL as symbol of love. But the other lesser known facts 1. Mumtaz was Shahjahan's 4th wife, out of his 7 wifes. 2. Shahjahan killed Mumtaz's husband to marry her. 3. Mumtaz died in her  &lt;#&gt; th delivery. 4. He then married Mumtaz's sister. Question arises where the Hell is the LOVE?:-| -The Great Hari-",know taj mahal symbol love lesser known fact mumtaz shahjahans th wife wife shahjahan killed mumtazs husband marry mumtaz died ltgt th delivery married mumtazs sister question arises hell love great hari,0
ham,Its ok..come to my home it vl nice to meet and v can chat..,okcome home vl nice meet v chat,0
spam,Collect your VALENTINE'S weekend to PARIS inc Flight & Hotel + å£200 Prize guaranteed! Text: PARIS to No: 69101. www.rtf.sphosting.com,collect valentine weekend paris inc flight hotel prize guaranteed text paris,1
ham,Sent me de webadres for geting salary slip,sent de webadres geting salary slip,0
ham,She's fine. Sends her greetings,shes fine sends greeting,0
spam,Customer Loyalty Offer:The NEW Nokia6650 Mobile from ONLY å£10 at TXTAUCTION! Txt word: START to No: 81151 & get yours Now! 4T&Ctxt TC 150p/MTmsg,customer loyalty offerthe new nokia mobile txtauction txt word start get tctxt tc pmtmsg,1
ham,But you dint in touch with me.,dint touch,0
ham,"Yup, leaving right now, be back soon",yup leaving right back soon,0
spam,You won't believe it but it's true. It's Incredible Txts! Reply G now to learn truly amazing things that will blow your mind. From O2FWD only 18p/txt,wont believe true incredible txts reply g learn truly amazing thing blow mind ofwd ptxt,1
ham,Yeah sure I'll leave in a min,yeah sure ill leave min,0
ham,And do you have any one that can teach me how to ship cars.,one teach ship car,0
ham,"The sign of maturity is not when we start saying big things.. But actually it is, when we start understanding small things... *HAVE A NICE EVENING* BSLVYL",sign maturity start saying big thing actually start understanding small thing nice evening bslvyl,0
ham,Yeah confirmed for you staying at  that weekend,yeah confirmed staying weekend,0
ham,They said Ì_ dun haf passport or smth like dat.. Or Ì_ juz send to my email account..  ,said dun haf passport smth like dat juz send email account,0
ham,"Multiply the numbers independently and count decimal points then, for the division, push the decimal places like i showed you.",multiply number independently count decimal point division push decimal place like showed,0
ham,"Have a lovely night and when you wake up to see this message, i hope you smile knowing all is as should be. Have a great morning",lovely night wake see message hope smile knowing great morning,0
ham,Ard 4 lor...,ard lor,0
ham,You are right. Meanwhile how's project twins comin up,right meanwhile hows project twin comin,0
ham,I sent your maga that money yesterday oh.,sent maga money yesterday oh,0
spam,I am hot n horny and willing I live local to you - text a reply to hear strt back from me 150p per msg Netcollex LtdHelpDesk: 02085076972 reply Stop to end,hot n horny willing live local text reply hear strt back p per msg netcollex ltdhelpdesk reply stop end,1
ham,Our ride equally uneventful - not too many of those pesky cyclists around at that time of night ;).,ride equally uneventful many pesky cyclist around time night,0
ham,If you were/are free i can give. Otherwise nalla adi entey nattil kittum,wereare free give otherwise nalla adi entey nattil kittum,0
ham,I've sent my wife your text. After we buy them she'll tell you what to do. So just relax. We should go get them this wkend.,ive sent wife text buy shell tell relax go get wkend,0
ham,I am in escape theatre now. . Going to watch KAVALAN in a few minutes,escape theatre going watch kavalan minute,0
ham,How much would it cost to hire a hitman,much would cost hire hitman,0
ham,I anything lor...,anything lor,0
spam,Do you want a New Nokia 3510i Colour Phone Delivered Tomorrow? With 200 FREE minutes to any mobile + 100 FREE text + FREE camcorder Reply or Call 08000930705,want new nokia colour phone delivered tomorrow free minute mobile free text free camcorder reply call,1
ham,Huh but i cant go 2 ur house empty handed right?,huh cant go ur house empty handed right,0
ham,Good morning princess! Happy New Year!,good morning princess happy new year,0
spam,Congratulations YOU'VE Won. You're a Winner in our August å£1000 Prize Draw. Call 09066660100 NOW. Prize Code 2309.,congratulation youve youre winner august prize draw call prize code,1
ham,"Aight, we'll head out in a few",aight well head,0
ham,Then wat r u doing now? Busy wif work?,wat r u busy wif work,0
ham,I know you mood off today,know mood today,0
ham,"Jay told me already, will do",jay told already,0
ham,Cps is causing the outages to conserve energy.,cps causing outage conserve energy,0
ham,"I'm not sure, I was just checking out what was happening around the area",im sure checking happening around area,0
ham,Hey morning what you come to ask:-) pa...,hey morning come ask pa,0
ham,Jordan got voted out last nite!,jordan got voted last nite,0
ham,"That means you got an A in epi, she.s fine. She.s here now.",mean got epi shes fine shes,0
ham,I have no idea where you are,idea,0
ham,Pls come quick cant bare this.,pls come quick cant bare,0
ham,"Call me. I m unable to cal. Lets meet bhaskar, and deep",call unable cal let meet bhaskar deep,0
ham,No. I.ll meet you in the library,ill meet library,0
ham,"K, my roommate also wants a dubsack and another friend may also want some so plan on bringing extra, I'll tell you when they know for sure",k roommate also want dubsack another friend may also want plan bringing extra ill tell know sure,0
ham,Depends on individual lor e hair dresser say pretty but my parents say look gong. U kaypoh.. I also dunno wat she collecting.,depends individual lor e hair dresser say pretty parent say look gong u kaypoh also dunno wat collecting,0
ham,Ok c Ì_ then.,ok c,0
ham,I enjoy watching and playing football and basketball. Anything outdoors. And you?,enjoy watching playing football basketball anything outdoors,0
ham,"Can you please ask macho what his price range is, does he want something new or used plus it he only interfued in the blackberry bold  &lt;#&gt;  or any bb",please ask macho price range want something new used plus interfued blackberry bold ltgt bb,0
ham,Sorry sent blank msg again. Yup but trying 2 do some serious studying now.,sorry sent blank msg yup trying serious studying,0
ham,Hey check it da. I have listed da.,hey check da listed da,0
ham,I meant as an apology from me for texting you to get me drugs at  &lt;#&gt; at night,meant apology texting get drug ltgt night,0
ham,That means from february to april i'll be getting a place to stay down there so i don't have to hustle back and forth during audition season as i have since my sister moved away from harlem.,mean february april ill getting place stay dont hustle back forth audition season since sister moved away harlem,0
ham,Goin to workout lor... Muz lose e fats... ,goin workout lor muz lose e fat,0
ham,"Damn, poor zac doesn't stand a chance",damn poor zac doesnt stand chance,0
ham,I want to tel u one thing u should not mistake me k THIS IS THE MESSAGE THAT YOU SENT:),want tel u one thing u mistake k message sent,0
ham,Yeah right! I'll bring my tape measure fri!,yeah right ill bring tape measure fri,0
ham,Should I head straight there or what,head straight,0
spam,Get the official ENGLAND poly ringtone or colour flag on yer mobile for tonights game! Text TONE or FLAG to 84199. Optout txt ENG STOP Box39822 W111WX å£1.50,get official england poly ringtone colour flag yer mobile tonight game text tone flag optout txt eng stop box wwx,1
ham,Thank you princess! You are so sexy...,thank princess sexy,0
ham,Oooh I got plenty of those!,oooh got plenty,0
ham,Hui xin is in da lib.,hui xin da lib,0
ham,Its a big difference.  &lt;#&gt;  versus  &lt;#&gt;  every  &lt;#&gt; hrs,big difference ltgt versus ltgt every ltgt hr,0
ham,"It's not that you make me cry. It's just that when all our stuff happens on top of everything else, it pushes me over the edge. You don't underdtand how often i cry over my sorry, sorry life.",make cry stuff happens top everything else push edge dont underdtand often cry sorry sorry life,0
ham,"\ME 2 BABE I FEEL THE SAME LETS JUST 4GET ABOUT IT+BOTH TRY +CHEER UP+NOT FIT SOO MUCHXXLOVE U LOCAXX\""""",babe feel let get itboth try cheer upnot fit soo muchxxlove u locaxx,0
ham,You know what hook up means right?,know hook mean right,0
spam,"Customer service announcement. We recently tried to make a delivery to you but were unable to do so, please call 07090298926 to re-schedule. Ref:9307622",customer service announcement recently tried make delivery unable please call reschedule ref,1
ham,Wat's da model num of ur phone?,wats da model num ur phone,0
ham,He's really into skateboarding now despite the fact that he gets thrown off of it and winds up with bandages and shit all over his arms every five minutes,he really skateboarding despite fact get thrown wind bandage shit arm every five minute,0
spam,"You can stop further club tones by replying \STOP MIX\"" See my-tone.com/enjoy. html for terms. Club tones cost GBP4.50/week. MFL",stop club tone replying stop mix see mytonecomenjoy html term club tone cost gbpweek mfl,1
ham,My house here e sky quite dark liao... If raining then got excuse not 2 run already rite... Hee...,house e sky quite dark liao raining got excuse run already rite hee,0
ham,"Sorry, left phone upstairs. OK, might be hectic but would be all my birds with one fell swoop. It's a date.",sorry left phone upstairs ok might hectic would bird one fell swoop date,0
ham,* Thought I didn't see you.,thought didnt see,0
spam,wamma get laid?want real doggin locations sent direct to your mobile? join the UKs largest dogging network. txt dogs to 69696 now!nyt. ec2a. 3lp å£1.50/msg.,wamma get laidwant real doggin location sent direct mobile join uk largest dogging network txt dog nownyt eca lp msg,1
ham,Carlos says we can pick up from him later so yeah we're set,carlos say pick later yeah set,0
ham,"Hey babe, my friend had to cancel, still up for a visit ?",hey babe friend cancel still visit,0
ham,Hmm ill have to think about it... ok you're forgiven! =D,hmm ill think ok youre forgiven,0
ham,"We are hoping to get away by 7, from Langport. You still up for town tonight?",hoping get away langport still town tonight,0
ham,Want to send me a virtual hug?... I need one,want send virtual hug need one,0
ham,"Probably not, still going over some stuff here",probably still going stuff,0
ham,It has issues right now. Ill fix for her by tomorrow.,issue right ill fix tomorrow,0
ham,Why i come in between you people,come people,0
ham,Senthil group company Apnt 5pm.,senthil group company apnt pm,0
ham,Oh really?? Did you make it on air? What's your talent?,oh really make air whats talent,0
ham,Studying. But i.ll be free next weekend.,studying ill free next weekend,0
ham,R u here yet? I'm wearing blue shirt n black pants.,r u yet im wearing blue shirt n black pant,0
ham,Wait.i will come out.. &lt;#&gt;  min:),waiti come ltgt min,0
ham,I will reach ur home in  &lt;#&gt;  minutes,reach ur home ltgt minute,0
ham,Well then you have a great weekend!,well great weekend,0
ham,"What are you doing in langport? Sorry, but I'll probably be in bed by 9pm. It sucks being ill at xmas! When do you and go2sri lanka? ",langport sorry ill probably bed pm suck ill xmas gosri lanka,0
ham,"Frnd s not juz a word.....not merely a relationship.....its a silent promise which says ... \ I will be with YOU \"" Wherevr.. Whenevr.. Forevr... Gudnyt dear..""",frnd juz wordnot merely relationshipits silent promise say wherevr whenevr forevr gudnyt dear,0
ham,Huh? 6 also cannot? Then only how many mistakes?,huh also cannot many mistake,0
ham,Ha... U jus ate honey ar? So sweet...,ha u jus ate honey ar sweet,0
ham,I'm turning off my phone. My moms telling everyone I have cancer. And my sister won't stop calling. It hurts to talk. Can't put up with it. See u when u get home. Love u,im turning phone mom telling everyone cancer sister wont stop calling hurt talk cant put see u u get home love u,0
ham,"Honey ? Sweetheart ? Darling ? Sexy buns ? Sugar plum ? Loverboy ? I miss you, boytoy ... *smacks your ass* Did you go to the gym too ?",honey sweetheart darling sexy bun sugar plum loverboy miss boytoy smack as go gym,0
ham,Thanks for loving me so. You rock,thanks loving rock,0
ham,Yeah imma come over cause jay wants to do some drugs,yeah imma come cause jay want drug,0
ham,Ok thanx... Take care then...,ok thanx take care,0
ham,Yup. Thk of u oso boring wat.,yup thk u oso boring wat,0
ham," came to look at the flat, seems ok, in his 50s? * Is away alot wiv work. Got woman coming at 6.30 too.",came look flat seems ok away alot wiv work got woman coming,0
ham,Moji just informed me that you saved our lives. Thanks.,moji informed saved life thanks,0
ham,Whos this am in class:-),who class,0
ham,Hey r Ì_ still online? I've finished the formatting...,hey r still online ive finished formatting,0
ham,Great! So what attracts you to the brothas?,great attracts brothas,0
spam,Promotion Number: 8714714 - UR awarded a City Break and could WIN a å£200 Summer Shopping spree every WK. Txt STORE to 88039 . SkilGme. TsCs087147403231Winawk!Age16 å£1.50perWKsub,promotion number ur awarded city break could win summer shopping spree every wk txt store skilgme tscswinawkage perwksub,1
ham,LOL what happens in Vegas stays in vegas,lol happens vega stay vega,0
ham,"Hello, hello, hi lou sorry it took so long 2 reply- I left mobile at friends in Lancaster, just got it bak Neway im sorry I couldnåÕt make ur båÕday 2 hun!",hello hello hi lou sorry took long reply left mobile friend lancaster got bak neway im sorry couldnt make ur bday hun,0
ham,When did i use soc... I use it only at home... ÌÏ dunno how 2 type it in word ar...,use soc use home dunno type word ar,0
ham,Dad says hurry the hell up,dad say hurry hell,0
ham,Wake me up at  &lt;#&gt;  am morning:),wake ltgt morning,0
ham,"I get out of class in bsn in like  &lt;#&gt;  minutes, you know where advising is?",get class bsn like ltgt minute know advising,0
ham,Great! I shoot big loads so get ready!,great shoot big load get ready,0
ham,I'll meet you in the lobby,ill meet lobby,0
ham,You still coming tonight?,still coming tonight,0
ham,What happen dear tell me,happen dear tell,0
ham,"Sir, i am waiting for your call, once free please call me.",sir waiting call free please call,0
ham,I was about to do it when i texted. I finished a long time ago and showered and er'ything!,texted finished long time ago showered erything,0
ham,Ok im not sure what time i finish tomorrow but i wanna spend the evening with you cos that would be vewy vewy lubly! Love me xxx,ok im sure time finish tomorrow wanna spend evening co would vewy vewy lubly love xxx,0
ham,"Hello, As per request from  &lt;#&gt;  Rs.5 has been transfered to you",hello per request ltgt r transfered,0
ham,I am in tirupur.  call you da.,tirupur call da,0
ham,S:)but he had some luck.2 catches put down:),sbut luck catch put,0
ham,How i noe... Did Ì_ specify da domain as nusstu... ÌÏ still in sch...,noe specify da domain nusstu still sch,0
ham,Oh...i asked for fun. Haha...take care. Ì_,ohi asked fun hahatake care,0
ham,Shall i get my pouch?,shall get pouch,0
ham,Hey loverboy! I love you !! I had to tell ... I look at your picture and ache to feel you between my legs ... Fuck I want you ... I need you ... I crave you .,hey loverboy love tell look picture ache feel leg fuck want need crave,0
ham,"How is my boy? No sweet words left for me this morning ... *sighs* ... How goes you day, my love ? Did you start your studying?",boy sweet word left morning sigh go day love start studying,0
ham,Kent vale lor... ÌÏ wait 4 me there ar?,kent vale lor wait ar,0
ham,Ok. Very good. Its all about making that money.,ok good making money,0
ham,Reading gud habit.. Nan bari hudgi yorge pataistha ertini kano:-),reading gud habit nan bari hudgi yorge pataistha ertini kano,0
ham,Aight do you still want to get money,aight still want get money,0
ham,ARE YOU IN TOWN? THIS IS V. IMPORTANT,town v important,0
ham,"Sorry pa, i dont knw who ru pa?",sorry pa dont knw ru pa,0
ham,Wat u doing there?,wat u,0
ham,If i not meeting Ì_ all rite then i'll go home lor. If Ì_ dun feel like comin it's ok.,meeting rite ill go home lor dun feel like comin ok,0
ham,"Oh, i will get paid. The most outstanding one is for a commercial i did for Hasbro...in AUGUST! They made us jump through so many hoops to get paid. Still not.",oh get paid outstanding one commercial hasbroin august made u jump many hoop get paid still,0
ham,"I am late,so call you tomorrow morning.take care sweet dreams....u and me...ummifying...bye.",lateso call tomorrow morningtake care sweet dreamsu meummifyingbye,0
ham,Networking technical support associate.,networking technical support associate,0
ham,I'm gonna rip out my uterus.,im gonna rip uterus,0
ham,Cool. Do you like swimming? I have a pool and jacuzzi at my house.,cool like swimming pool jacuzzi house,0
spam,"Thanks for your ringtone order, reference number X49. Your mobile will be charged 4.50. Should your tone not arrive please call customer services 09065989182. From: [colour=red]text[/colour]TXTstar",thanks ringtone order reference number x mobile charged tone arrive please call customer service colourredtextcolourtxtstar,1
ham,"Yeah why not, is the gang all ready",yeah gang ready,0
ham,Blank is Blank. But wat is blank? Lol,blank blank wat blank lol,0
ham,I'm in a movie... Collect car oredi...,im movie collect car oredi,0
ham,We left already we at orchard now.,left already orchard,0
spam,"Hi there, 2nights ur lucky night! Uve been invited 2 XCHAT, the Uks wildest chat! Txt CHAT to 86688 now! 150p/MsgrcvdHG/Suite342/2Lands/Row/W1J6HL LDN 18yrs",hi night ur lucky night uve invited xchat uk wildest chat txt chat pmsgrcvdhgsuitelandsrowwjhl ldn yr,1
ham,Nothing spl..wat abt u and whr ru?,nothing splwat abt u whr ru,0
ham,No chikku nt yet.. Ya i'm free,chikku nt yet ya im free,0
ham,"Aldrine, rakhesh ex RTM here.pls call.urgent.",aldrine rakhesh ex rtm herepls callurgent,0
ham,The search 4 happiness is 1 of d main sources of unhappiness! Accept life the way it comes! U will find happiness in every moment u live.,search happiness main source unhappiness accept life way come u find happiness every moment u live,0
ham,"I guess you could be as good an excuse as any, lol.",guess could good excuse lol,0
ham,"Isn't frnd a necesity in life? imagine urself witout a frnd.. hw'd u feel at ur colleg? wat'll u do wth ur cell? wat abt functions? thnk abt events espe'll cared, missed &amp; irritated u? 4wrd it to all those dear-loving frnds wthout whom u cant live.. I jst did it.. Takecare..:) GOODMORNING",isnt frnd necesity life imagine urself witout frnd hwd u feel ur colleg watll u wth ur cell wat abt function thnk abt event espell cared missed amp irritated u wrd dearloving frnds wthout u cant live jst takecare goodmorning,0
ham,Old Orchard near univ. How about you?,old orchard near univ,0
ham,"4 tacos + 1 rajas burrito, right?",taco raja burrito right,0
ham,"ItÛ÷s å£6 to get in, is that ok?",get ok,0
ham,Hows the street where the end of library walk is?,hows street end library walk,0
ham,"Plz note: if anyone calling from a mobile Co. &amp; asks u to type # &lt;#&gt;  or # &lt;#&gt; . Do not do so. Disconnect the call,coz it iz an attempt of 'terrorist' to make use of the sim card no. Itz confirmd by nokia n motorola n has been verified by CNN IBN.",plz note anyone calling mobile co amp asks u type ltgt ltgt disconnect callcoz iz attempt terrorist make use sim card itz confirmd nokia n motorola n verified cnn ibn,0
ham,We stopped to get ice cream and will go back after,stopped get ice cream go back,0
ham,Did you stitch his trouser,stitch trouser,0
spam,2/2 146tf150p,tfp,1
ham,Hey i'm bored... So i'm thinking of u... So wat r u doing?,hey im bored im thinking u wat r u,0
ham,"Nah, Wednesday. When should I bring the mini cheetos bag over?",nah wednesday bring mini cheetos bag,0
ham,Nobody names their penis a girls name this story doesn't add up at all,nobody name penis girl name story doesnt add,0
ham,"Aight, let me know when you're gonna be around usf",aight let know youre gonna around usf,0
ham,I'm not. She lip synced with shangela.,im lip synced shangela,0
ham,ÌÏ neva tell me how i noe... I'm not at home in da aft wat... ,neva tell noe im home da aft wat,0
ham,"A bit of Ur smile is my hppnss, a drop of Ur tear is my sorrow, a part of Ur heart is my life, a heart like mine wil care for U, forevr as my GOODFRIEND",bit ur smile hppnss drop ur tear sorrow part ur heart life heart like mine wil care u forevr goodfriend,0
spam,Dear Voucher Holder 2 claim your 1st class airport lounge passes when using Your holiday voucher call 08704439680. When booking quote 1st class x 2,dear voucher holder claim st class airport lounge pass using holiday voucher call booking quote st class x,1
ham,"Buzz! Hey, my Love ! I think of you and hope your day goes well. Did you sleep in ? I miss you babe. I long for the moment we are together again*loving smile*",buzz hey love think hope day go well sleep miss babe long moment together againloving smile,0
ham,"Haha... Sounds crazy, dunno can tahan anot...",haha sound crazy dunno tahan anot,0
ham,Why are u up so early?,u early,0
ham,Ya that one is slow as poo,ya one slow poo,0
ham,"\Im on gloucesterroad what are uup to later?\""""",im gloucesterroad uup later,0
ham,Lol no ouch but wish i'd stayed out a bit longer,lol ouch wish id stayed bit longer,0
ham,"GOD ASKED, \What is forgiveness?\"" A little child gave lovely reply",god asked forgiveness little child gave lovely reply,0
ham,We'll join the  &lt;#&gt;  bus,well join ltgt bus,0
ham,Was just about to ask. Will keep this one. Maybe that's why you didn't get all the messages we sent you on glo,ask keep one maybe thats didnt get message sent glo,0
ham,K.i will send in  &lt;#&gt;  min:),ki send ltgt min,0
ham,Would me smoking you out help us work through this difficult time,would smoking help u work difficult time,0
spam,"Someone U know has asked our dating service 2 contact you! Cant guess who? CALL 09058095107 NOW all will be revealed. POBox 7, S3XY 150p ",someone u know asked dating service contact cant guess call revealed pobox sxy p,1
ham,Yes.mum lookin strong:),yesmum lookin strong,0
ham,"Sir Goodmorning, Once free call me.",sir goodmorning free call,0
ham,Where are you call me.,call,0
ham,Love it! The girls at the office may wonder why you are smiling but sore...,love girl office may wonder smiling sore,0
ham,"Hi, wlcome back, did wonder if you got eaten by a lion or something, nothing much",hi wlcome back wonder got eaten lion something nothing much,0
ham,Does uncle timi help in clearing cars,uncle timi help clearing car,0
ham,I came hostel. I m going to sleep. Plz call me up before class. Hrishi.,came hostel going sleep plz call class hrishi,0
ham,Ok... But bag again..,ok bag,0
ham,Ok lor. Msg me b4 u call.,ok lor msg b u call,0
spam,"Mila, age23, blonde, new in UK. I look sex with UK guys. if u like fun with me. Text MTALK to 69866.18 . 30pp/txt 1st 5free. å£1.50 increments. Help08718728876",mila age blonde new uk look sex uk guy u like fun text mtalk pptxt st free increment help,1
ham,"Once a fishrman woke early in d mrng. It was very dark. He waited a while &amp; found a sack ful of stones. He strtd throwin thm in2 d sea 2 pass time. Atlast he had jus 1stone, sun rose up &amp; he found out tht those r nt stones, those were diamonds. Moral:\Dont wake up early in d mrng'' GOOD night""",fishrman woke early mrng dark waited amp found sack ful stone strtd throwin thm sea pas time atlast jus stone sun rose amp found tht r nt stone diamond moraldont wake early mrng good night,0
spam,"Claim a 200 shopping spree, just call 08717895698 now! Have you won! MobStoreQuiz10ppm",claim shopping spree call mobstorequizppm,1
ham,Then ur physics get a-?,ur physic get,0
ham,"Dear friends, sorry for the late information. Today is the birthday of our loving Ar.Praveesh. for more details log on to face book and see. Its his number + &lt;#&gt; . Dont miss a delicious treat.",dear friend sorry late information today birthday loving arpraveesh detail log face book see number ltgt dont miss delicious treat,0
ham,How r Ì_ going to send it to me?,r going send,0
ham,Can you do online transaction?,online transaction,0
ham,Dear got train and seat mine lower seat,dear got train seat mine lower seat,0
ham,Let me know if you need anything else. Salad or desert or something... How many beers shall i get?,let know need anything else salad desert something many beer shall get,0
ham,WHORE YOU ARE UNBELIEVABLE.,whore unbelievable,0
spam,"Want to funk up ur fone with a weekly new tone reply TONES2U 2 this text. www.ringtones.co.uk, the original n best. Tones 3GBP network operator rates apply",want funk ur fone weekly new tone reply tonesu text original n best tone gbp network operator rate apply,1
ham,Are you sure you don't mean \get here,sure dont mean get,0
ham,"I love you !!! You know? Can you feel it? Does it make your belly warm? I wish it does, my love ... I shall meet you in your dreams, Ahmad ... *adoring kiss*",love know feel make belly warm wish love shall meet dream ahmad adoring kiss,0
spam,"Twinks, bears, scallies, skins and jocks are calling now. Don't miss the weekend's fun. Call 08712466669 at 10p/min. 2 stop texts call 08712460324(nat rate)",twinks bear scallies skin jock calling dont miss weekend fun call pmin stop text call nat rate,1
ham,Love it! I want to flood that pretty pussy with cum...,love want flood pretty pussy cum,0
ham,Hey are you angry with me. Reply me dr.,hey angry reply dr,0
ham,Also remember the beads don't come off. Ever.,also remember bead dont come ever,0
ham,They have a thread on the wishlist section of the forums where ppl post nitro requests. Start from the last page and collect from the bottom up.,thread wishlist section forum ppl post nitro request start last page collect bottom,0
ham,For The First Time In The History 'Need' 'Comfort' And 'Luxury' Are Sold At Same Price In India..!! Onion-Rs. &lt;#&gt;  Petrol-Rs. &lt;#&gt;  Beer-Rs. &lt;#&gt;  SHESIL  &lt;#&gt;,first time history need comfort luxury sold price india onionrs ltgt petrolrs ltgt beerrs ltgt shesil ltgt,0
ham,"Actually nvm, got hella cash, we still on for  &lt;#&gt; ish?",actually nvm got hella cash still ltgt ish,0
ham,"It's ok, at least armand's still around",ok least armands still around,0
ham,No da. I am happy that we sit together na,da happy sit together na,0
ham,Yup song bro. No creative. Neva test quality. He said check review online.,yup song bro creative neva test quality said check review online,0
ham,"No dude, its not fake..my frnds got money, thts y i'm reffering u..if u member wit my mail link, u vl be credited  &lt;#&gt; rs and il be getiing  &lt;#&gt; rs..i can draw my acc wen it is  &lt;#&gt; rs..",dude fakemy frnds got money thts im reffering uif u member wit mail link u vl credited ltgt r il getiing ltgt rsi draw acc wen ltgt r,0
ham,Dude while were makin those weirdy brownies my sister made awesome cookies. I took pics.,dude makin weirdy brownie sister made awesome cooky took pic,0
spam,URGENT! We are trying to contact you. Last weekends draw shows that you have won a å£900 prize GUARANTEED. Call 09061701851. Claim code K61. Valid 12hours only,urgent trying contact last weekend draw show prize guaranteed call claim code k valid hour,1
ham,Pls dont restrict her from eating anythin she likes for the next two days.,pls dont restrict eating anythin like next two day,0
ham,Mm you ask him to come its enough :-),mm ask come enough,0
ham,At the funeral home with Audrey and dad,funeral home audrey dad,0
ham,"Aight, can you text me the address?",aight text address,0
ham,Excellent! Wish we were together right now!,excellent wish together right,0
ham,Yep then is fine 7.30 or 8.30 for ice age.,yep fine ice age,0
ham,Pls i wont belive god.not only jesus.,pls wont belive godnot jesus,0
ham,Can. Dunno wat to get 4 her...,dunno wat get,0
ham,"Not yet chikku..k, then wat abt tht guy did he stopped irritating or msging to u..",yet chikkuk wat abt tht guy stopped irritating msging u,0
ham,How long does it take to get it.,long take get,0
ham,This is my number by vivek..,number vivek,0
spam,74355 XMAS iscoming & ur awarded either å£500 CD gift vouchers & free entry 2 r å£100 weekly draw txt MUSIC to 87066 TnC,xmas iscoming ur awarded either cd gift voucher free entry r weekly draw txt music tnc,1
ham,"sorry brah, just finished the last of my exams, what up",sorry brah finished last exam,0
ham,"I got arrested for possession at, I shit you not,  &lt;TIME&gt;  pm",got arrested possession shit lttimegt pm,0
ham,You are right though. I can't give you the space you want and need. This is really starting to become an issue. I was going to suggest setting a definite move out--if i'm still there-- after greece. But maybe you are ready and should do it now.,right though cant give space want need really starting become issue going suggest setting definite move outif im still greece maybe ready,0
ham,Just normal only here :),normal,0
ham,"Please protect yourself from e-threats. SIB never asks for sensitive information like Passwords,ATM/SMS PIN thru email. Never share your password with anybody.",please protect ethreats sib never asks sensitive information like passwordsatmsms pin thru email never share password anybody,0
ham,I miss you so much I'm so desparate I have recorded the message you left for me the other day and listen to it just to hear the sound of your voice. I love you,miss much im desparate recorded message left day listen hear sound voice love,0
ham,Hi. I'm always online on yahoo and would like to chat with you someday,hi im always online yahoo would like chat someday,0
ham,"Goodmorning,my grandfather expired..so am on leave today.",goodmorningmy grandfather expiredso leave today,0
spam,Congratulations U can claim 2 VIP row A Tickets 2 C Blu in concert in November or Blu gift guaranteed Call 09061104276 to claim TS&Cs www.smsco.net costå£3.75max ,congratulation u claim vip row ticket c blu concert november blu gift guaranteed call claim tscs costmax,1
ham,Where are you ? What are you doing ? Are yuou working on getting the pc to your mom's ? Did you find a spot that it would work ? I need you,yuou working getting pc mom find spot would work need,0
ham,"Sure, I'll see if I can come by in a bit",sure ill see come bit,0
ham,I agree. So i can stop thinkin about ipad. Can you please ask macho the same question.,agree stop thinkin ipad please ask macho question,0
ham,Let's pool our money together and buy a bunch of lotto tickets. If we win I get &lt;#&gt; % u get &lt;#&gt; %. Deal?,let pool money together buy bunch lotto ticket win get ltgt u get ltgt deal,0
ham,Watching tv lor. Nice one then i like lor.,watching tv lor nice one like lor,0
ham,I'm thinking that chennai forgot to come for auction..,im thinking chennai forgot come auction,0
ham,Then Ì_ come n pick me at 530 ar?,come n pick ar,0
ham,Early bird! Any purchases yet?,early bird purchase yet,0
ham,Went to pay rent. So i had to go to the bank to authorise the payment.,went pay rent go bank authorise payment,0
ham,"Erm Û_ ill pick you up at about 6.45pm. That'll give enough time to get there, park and that.",erm ill pick pm thatll give enough time get park,0
ham,HEY MATE! HOWS U HONEY?DID U AVE GOOD HOLIDAY? GIMMI DE GOSS!x,hey mate hows u honeydid u ave good holiday gimmi de gossx,0
ham,Howz pain.it will come down today.do as i said ystrday.ice and medicine.,howz painit come todaydo said ystrdayice medicine,0
ham,"chile, please! It's only a  &lt;DECIMAL&gt;  hour drive for me. I come down all the time and will be subletting feb-april for audition season.",chile please ltdecimalgt hour drive come time subletting febapril audition season,0
ham,Yes ammae....life takes lot of turns you can only sit and try to hold the steering...,yes ammaelife take lot turn sit try hold steering,0
ham,"Yeah that's what I thought, lemme know if anything's goin on later",yeah thats thought lemme know anythings goin later,0
ham,Mmmm.... I cant wait to lick it!,mmmm cant wait lick,0
ham,Pls go there today  &lt;#&gt; . I dont want any excuses,pls go today ltgt dont want excuse,0
ham,Can you plz tell me the ans. BSLVYL sent via fullonsms.com,plz tell an bslvyl sent via fullonsmscom,0
ham,U in town alone?,u town alone,0
ham,I to am looking forward to all the sex cuddling.. Only two more sleeps ,looking forward sex cuddling two sleep,0
ham,We have all rounder:)so not required:),rounderso required,0
ham,"No, its true..k,Do u knw dis no. &lt;#&gt; ?",truekdo u knw dis ltgt,0
ham,"Dont worry, 1 day very big lambu ji vl come..til then enjoy batchlor party:-)",dont worry day big lambu ji vl cometil enjoy batchlor party,0
ham,oh ya... Got hip hop open. Haha i was thinking can go for jazz then zoom to cine... Actually tonight i'm free leh... And there's a kb lesson tonight,oh ya got hip hop open haha thinking go jazz zoom cine actually tonight im free leh there kb lesson tonight,0
spam,Free msg: Single? Find a partner in your area! 1000s of real people are waiting to chat now!Send CHAT to 62220Cncl send STOPCS 08717890890å£1.50 per msg,free msg single find partner area real people waiting chat nowsend chat cncl send stopcs per msg,1
ham,I'm ok. Will do my part tomorrow,im ok part tomorrow,0
ham,"No! But we found a diff farm shop to buy some cheese. On way back now, can i call in?",found diff farm shop buy cheese way back call,0
ham,R u still working now?,r u still working,0
ham,Yep. I do like the pink furniture tho.,yep like pink furniture tho,0
spam,Free Msg: Ringtone!From: http://tms. widelive.com/index. wml?id=1b6a5ecef91ff9*37819&first=true18:0430-JUL-05,free msg ringtonefrom widelivecomindex wmlidbaeceffffirsttruejul,1
ham,"Customer place, i wil cal u sir.",customer place wil cal u sir,0
spam,"Oh my god! I've found your number again! I'm so glad, text me back xafter this msgs cst std ntwk chg å£1.50",oh god ive found number im glad text back xafter msg cst std ntwk chg,1
ham,A pure hearted person can have a wonderful smile that makes even his/her enemies to feel guilty for being an enemy.. So catch the world with your smile..:) GOODMORNING &amp; HAVE A SMILEY SUNDAY..:),pure hearted person wonderful smile make even hisher enemy feel guilty enemy catch world smile goodmorning amp smiley sunday,0
ham,"THATåÕS ALRITE GIRL, U KNOW GAIL IS NEVA WRONG!!TAKE CARE SWEET AND DONåÕT WORRY.C U L8TR HUN!LOVE Yaxxx",thats alrite girl u know gail neva wrongtake care sweet dont worryc u ltr hunlove yaxxx,0
ham,"Theoretically yeah, he could be able to come",theoretically yeah could able come,0
ham,"Alright we're hooked up, where you guys at",alright hooked guy,0
ham,"not that I know of, most people up here are still out of town",know people still town,0
ham,No let me do the math. Your not good at it.,let math good,0
ham,Oh ok wait 4 me there... My lect havent finish,oh ok wait lect havent finish,0
ham,Yeah my usual guy's out of town but there're definitely people around I know,yeah usual guy town therere definitely people around know,0
ham,I am joining today formally.Pls keep praying.will talk later.,joining today formallypls keep prayingwill talk later,0
ham,"Happy or sad , one thing about past is- \Its no more\"" GOOD MORNING :-):-).""",happy sad one thing past good morning,0
ham,No. Did you multimedia message them or e-mail?,multimedia message email,0
ham,Okie but i scared u say i fat... Then u dun wan me already...,okie scared u say fat u dun wan already,0
ham,did u get that message,u get message,0
ham,"Sorry sir, i will call you tomorrow.  senthil.hsbc",sorry sir call tomorrow senthilhsbc,0
ham,What you need. You have a person to give na.,need person give na,0
ham,She left it very vague. She just said she would inform the person in accounting about the delayed rent and that i should discuss with the housing agency about my renting another place. But checking online now and all places around usc are  &lt;#&gt;  and up,left vague said would inform person accounting delayed rent discus housing agency renting another place checking online place around usc ltgt,0
ham,Hi juan. Im coming home on fri hey. Of course i expect a welcome party and lots of presents. Ill phone u when i get back. Loads of love nicky x x x x x x x x x,hi juan im coming home fri hey course expect welcome party lot present ill phone u get back load love nicky x x x x x x x x x,0
ham,"Gumby's has a special where a  &lt;#&gt; \ cheese pizza is $2 so I know what we're doin tonight""",gumbys special ltgt cheese pizza know doin tonight,0
spam,A link to your picture has been sent. You can also use http://alto18.co.uk/wave/wave.asp?o=44345,link picture sent also use,1
ham,Like a personal sized or what,like personal sized,0
ham,"Same, I'm at my great aunts anniversary party in tarpon springs",im great aunt anniversary party tarpon spring,0
ham,Cab is available.they pick up and drop at door steps.,cab availablethey pick drop door step,0
ham,ok....take care.umma to you too...,oktake careumma,0
ham,Unlimited texts. Limited minutes.,unlimited text limited minute,0
spam,"Double Mins & 1000 txts on Orange tariffs. Latest Motorola, SonyEricsson & Nokia with Bluetooth FREE! Call MobileUpd8 on 08000839402 or call2optout/HF8",double min txts orange tariff latest motorola sonyericsson nokia bluetooth free call mobileupd calloptouthf,1
ham,No problem. We will be spending a lot of quality time together...,problem spending lot quality time together,0
spam,URGENT This is our 2nd attempt to contact U. Your å£900 prize from YESTERDAY is still awaiting collection. To claim CALL NOW 09061702893. ACL03530150PM,urgent nd attempt contact u prize yesterday still awaiting collection claim call aclpm,1
ham,Have you heard from this week?,heard week,0
spam,Dear Dave this is your final notice to collect your 4* Tenerife Holiday or #5000 CASH award! Call 09061743806 from landline. TCs SAE Box326 CW25WX 150ppm,dear dave final notice collect tenerife holiday cash award call landline tc sae box cwwx ppm,1
ham,Yes. Last  practice,yes last practice,0
spam,tells u 2 call 09066358152 to claim å£5000 prize. U have 2 enter all ur mobile & personal details @ the prompts. Careful!,tell u call claim prize u enter ur mobile personal detail prompt careful,1
ham,No. Thank you. You've been wonderful,thank youve wonderful,0
ham,ÌÏ mean it's confirmed... I tot they juz say oni... Ok then... ,mean confirmed tot juz say oni ok,0
ham,That depends. How would you like to be treated? :),depends would like treated,0
ham,"Right on brah, see you later",right brah see later,0
ham,Waiting in e car 4 my mum lor. U leh? Reach home already?,waiting e car mum lor u leh reach home already,0
spam,Your 2004 account for 07XXXXXXXXX shows 786 unredeemed points. To claim call 08719181259 Identifier code: XXXXX Expires 26.03.05,account xxxxxxxxx show unredeemed point claim call identifier code xxxxx expires,1
spam,Do you want a new video handset? 750 anytime any network mins? Half Price Line Rental? Camcorder? Reply or call 08000930705 for delivery tomorrow,want new video handset anytime network min half price line rental camcorder reply call delivery tomorrow,1
ham,Went fast asleep dear.take care.,went fast asleep deartake care,0
ham,No that just means you have a fat head,mean fat head,0
ham,Sounds like a plan! Cardiff is still here and still cold! I'm sitting on the radiator!,sound like plan cardiff still still cold im sitting radiator,0
ham,Serious? What like proper tongued her,serious like proper tongued,0
ham,She.s good. She was wondering if you wont say hi but she.s smiling now. So how are you coping with the long distance,shes good wondering wont say hi shes smiling coping long distance,0
ham,How i noe... She's in da car now... Later then c lar... I'm wearing shorts...,noe shes da car later c lar im wearing short,0
ham,Yeah whatever lol,yeah whatever lol,0
ham,Ard 530 lor. I ok then message Ì_ lor.,ard lor ok message lor,0
ham,Ok. C u then.,ok c u,0
ham,Eh ur laptop got no stock lei... He say mon muz come again to take a look c got a not...,eh ur laptop got stock lei say mon muz come take look c got,0
ham,No need to ke qi... ÌÏ too bored izzit y suddenly thk of this...,need ke qi bored izzit suddenly thk,0
ham,I wish! I don't think its gonna snow that much. But it will be more than those flurries we usually get that melt before they hit the ground. Eek! We haven't had snow since &lt;#&gt; before I was even born!,wish dont think gonna snow much flurry usually get melt hit ground eek havent snow since ltgt even born,0
spam,FREE>Ringtone! Reply REAL or POLY eg REAL1 1. PushButton 2. DontCha 3. BabyGoodbye 4. GoldDigger 5. WeBeBurnin 1st tone FREE and 6 more when u join for å£3/wk,freeringtone reply real poly eg real pushbutton dontcha babygoodbye golddigger webeburnin st tone free u join wk,1
ham,"Oh really? perform, write a paper, go to a movie AND be home by midnight, huh?",oh really perform write paper go movie home midnight huh,0
ham,Okay lor... Will they still let us go a not ah? Coz they will not know until later. We drop our cards into the box right?,okay lor still let u go ah coz know later drop card box right,0
ham,How? Izzit still raining?,izzit still raining,0
ham,As if i wasn't having enough trouble sleeping.,wasnt enough trouble sleeping,0
ham,I havent add Ì_ yet right.. ,havent add yet right,0
ham,Lol ... I really need to remember to eat when I'm drinking but I do appreciate you keeping me company that night babe *smiles*,lol really need remember eat im drinking appreciate keeping company night babe smile,0
ham,Babe ? I lost you ... Will you try rebooting ?,babe lost try rebooting,0
ham,Yes. Nigh you cant aha.,yes nigh cant aha,0
ham,I thk Ì_ gotta go home by urself. Cos i'll b going out shopping 4 my frens present. ,thk gotta go home urself co ill b going shopping frens present,0
ham,Nooooooo I'm gonna be bored to death all day. Cable and internet outage.,nooooooo im gonna bored death day cable internet outage,0
ham,Sos! Any amount i can get pls.,so amount get pls,0
ham,"Playin space poker, u?",playin space poker u,0
ham,How come guoyang go n tell her? Then u told her?,come guoyang go n tell u told,0
ham,You need to get up. Now.,need get,0
ham,They r giving a second chance to rahul dengra.,r giving second chance rahul dengra,0
ham,"Yeah, in fact he just asked if we needed anything like an hour ago. When and how much?",yeah fact asked needed anything like hour ago much,0
ham,WHEN THE FIRST STRIKE IS A RED ONE. THE BIRD + ANTELOPE BEGIN TOPLAY IN THE FIELDOF SELFINDEPENDENCE BELIEVE THIS + THE FLOWER OF CONTENTION WILL GROW.RANDOM!,first strike red one bird antelope begin toplay fieldof selfindependence believe flower contention growrandom,0
ham,Y Ì_ wan to go there? C doctor?,wan go c doctor,0
ham,Does daddy have a bb now.,daddy bb,0
spam,"Free Msg: get Gnarls Barkleys \Crazy\"" ringtone TOTALLY FREE just reply GO to this message right now!""",free msg get gnarl barkley crazy ringtone totally free reply go message right,1
ham,She's borderline but yeah whatever.,shes borderline yeah whatever,0
ham,"Until 545 lor... Ya, can go 4 dinner together...",lor ya go dinner together,0
ham,I will be gentle princess! We will make sweet gentle love...,gentle princess make sweet gentle love,0
ham,How u doin baby girl ?? hope u are okay every time I call ure phone is off! I miss u get in touch,u doin baby girl hope u okay every time call ure phone miss u get touch,0
ham,"Sorry, went to bed early, nightnight",sorry went bed early nightnight,0
ham,I like to think there's always the possibility of being in a pub later.,like think there always possibility pub later,0
ham,HMM yeah if your not too grooved out! And im looking forward to my pound special :),hmm yeah grooved im looking forward pound special,0
ham,I got to video tape pple type in message lor. U so free wan 2 help me? Hee... Cos i noe u wan 2 watch infernal affairs so ask u along. Asking shuhui oso.,got video tape pple type message lor u free wan help hee co noe u wan watch infernal affair ask u along asking shuhui oso,0
ham,Hi dude hw r u da realy mising u today,hi dude hw r u da realy mising u today,0
ham,Me hungry buy some food good lei... But mum n yun dun wan juz buy a little bit... ,hungry buy food good lei mum n yun dun wan juz buy little bit,0
spam,Refused a loan? Secured or Unsecured? Can't get credit? Call free now 0800 195 6669 or text back 'help' & we will!,refused loan secured unsecured cant get credit call free text back help,1
ham,I probably won't eat at all today. I think I'm gonna pop. How was your weekend? Did u miss me?,probably wont eat today think im gonna pop weekend u miss,0
ham,I knew it... U slept v late yest? Wake up so late...,knew u slept v late yest wake late,0
ham,Haha... dont be angry with yourself... Take it as a practice for the real thing. =) ,haha dont angry take practice real thing,0
ham,Where is that one day training:-),one day training,0
ham,So i could kiss and feel you next to me...,could kiss feel next,0
ham,Have a nice day my dear.,nice day dear,0
ham,I sent lanre fakeye's Eckankar details to the mail box,sent lanre fakeyes eckankar detail mail box,0
ham,Your dad is back in ph?,dad back ph,0
spam,"You have been specially selected to receive a \3000 award! Call 08712402050 BEFORE the lines close. Cost 10ppm. 16+. T&Cs apply. AG Promo""",specially selected receive award call line close cost ppm tc apply ag promo,1
ham,If you ask her or she say any please message.,ask say please message,0
ham,"If e timing can, then i go w u lor...",e timing go w u lor,0
ham,I was just callin to say hi. Take care bruv!,callin say hi take care bruv,0
spam,YOU HAVE WON! As a valued Vodafone customer our computer has picked YOU to win a å£150 prize. To collect is easy. Just call 09061743386,valued vodafone customer computer picked win prize collect easy call,1
ham,Did u turn on the heater? The heater was on and set to &lt;#&gt; degrees.,u turn heater heater set ltgt degree,0
ham,Thanks for your message. I really appreciate your sacrifice. I'm not sure of the process of direct pay but will find out on my way back from the test tomorrow. I'm in class now. Do have a wonderful day.,thanks message really appreciate sacrifice im sure process direct pay find way back test tomorrow im class wonderful day,0
ham,"That's the trouble with classes that go well - you're due a dodgey one Û_ Expecting mine tomo! See you for recovery, same time, same place ",thats trouble class go well youre due dodgey one expecting mine tomo see recovery time place,0
spam,Free video camera phones with Half Price line rental for 12 mths and 500 cross ntwk mins 100 txts. Call MobileUpd8 08001950382 or Call2OptOut/674&,free video camera phone half price line rental mths cross ntwk min txts call mobileupd calloptout,1
ham,WOT U UP 2 J?,wot u j,0
ham,"Night night, see you tomorrow",night night see tomorrow,0
ham,Roger that. WeÛ÷re probably going to rem in about 20,roger probably going rem,0
ham,do u think that any girl will propose u today by seing ur bloody funky shit fucking face...............asssssholeeee................,u think girl propose u today seing ur bloody funky shit fucking faceasssssholeeee,0
ham,I wish u were here. I feel so alone,wish u feel alone,0
ham,Reason is if the team budget is available at last they buy the unsold players for at base rate..,reason team budget available last buy unsold player base rate,0
ham,CERI U REBEL! SWEET DREAMZ ME LITTLE BUDDY!! C YA 2MORO! WHO NEEDS BLOKES,ceri u rebel sweet dreamz little buddy c ya moro need bloke,0
spam,ringtoneking 84484,ringtoneking,1
ham,Huh i cant thk of more oredi how many pages do we have?,huh cant thk oredi many page,0
ham,His frens go then he in lor. Not alone wif my mum n sis lor.,frens go lor alone wif mum n si lor,0
ham,Nationwide auto centre (or something like that) on Newport road. I liked them there,nationwide auto centre something like newport road liked,0
ham,"Hey, I missed you tm of last night as my phone was on the charge ... *smiles* ... I am meeting a friend shortly",hey missed tm last night phone charge smile meeting friend shortly,0
ham,"Whatever, juliana. Do whatever you want.",whatever juliana whatever want,0
spam,Ringtone Club: Gr8 new polys direct to your mobile every week !,ringtone club gr new polys direct mobile every week,1
ham,"Hello. Sort of out in town already. That . So dont rush home, I am eating nachos. Will let you know eta.",hello sort town already dont rush home eating nacho let know eta,0
ham,Ok lor. Anyway i thk we cant get tickets now cos like quite late already. U wan 2 go look 4 ur frens a not? Darren is wif them now...,ok lor anyway thk cant get ticket co like quite late already u wan go look ur frens darren wif,0
spam,(Bank of Granite issues Strong-Buy) EXPLOSIVE PICK FOR OUR MEMBERS *****UP OVER 300% *********** Nasdaq Symbol CDGT That is a $5.00 per..,bank granite issue strongbuy explosive pick member nasdaq symbol cdgt per,1
ham,"Dizzamn, aight I'll ask my suitemates when I get back",dizzamn aight ill ask suitemates get back,0
ham,"Nimbomsons. Yep phone knows that one. Obviously, cos thats a real word",nimbomsons yep phone know one obviously co thats real word,0
ham,I love to cuddle! I want to hold you in my strong arms right now...,love cuddle want hold strong arm right,0
ham,R u in this continent?,r u continent,0
ham,We'll you pay over like  &lt;#&gt; yrs so its not too difficult,well pay like ltgt yr difficult,0
spam,Bored housewives! Chat n date now! 0871750.77.11! BT-national rate 10p/min only from landlines!,bored housewife chat n date btnational rate pmin landline,1
spam,We tried to call you re your reply to our sms for a video mobile 750 mins UNLIMITED TEXT free camcorder Reply or call now 08000930705 Del Thurs,tried call reply sm video mobile min unlimited text free camcorder reply call del thurs,1
ham,K...k...when will you give treat?,kkwhen give treat,0
spam,"This is the 2nd time we have tried to contact u. U have won the å£400 prize. 2 claim is easy, just call 087104711148 NOW! Only 10p per minute. BT-national-rate",nd time tried contact u u prize claim easy call p per minute btnationalrate,1
ham,He's just gonna worry for nothing. And he won't give you money its no use.,he gonna worry nothing wont give money use,0
ham,Did you get any gift? This year i didnt get anything. So bad,get gift year didnt get anything bad,0
ham,Well there's a pattern emerging of my friends telling me to drive up and come smoke with them and then telling me that I'm a weed fiend/make them smoke too much/impede their doing other things so you see how I'm hesitant,well there pattern emerging friend telling drive come smoke telling im weed fiendmake smoke muchimpede thing see im hesitant,0
ham,", ow u dey.i paid 60,400thousad.i told  u would call . ",ow u deyi paid thousadi told u would call,0
ham,IM FINE BABES AINT BEEN UP 2 MUCH THO! SAW SCARY MOVIE YEST ITS QUITE FUNNY! WANT 2MRW AFTERNOON? AT TOWN OR MALL OR SUMTHIN?xx,im fine babe aint much tho saw scary movie yest quite funny want mrw afternoon town mall sumthinxx,0
ham,I'm reaching home in 5 min.,im reaching home min,0
ham,"Forgot you were working today! Wanna chat, but things are ok so drop me a text when you're free / bored etc and i'll ring. Hope all is well, nose essay and all xx",forgot working today wanna chat thing ok drop text youre free bored etc ill ring hope well nose essay xx,0
ham,Ha... Then we must walk to everywhere... Cannot take tram. My cousin said can walk to vic market from our hotel ,ha must walk everywhere cannot take tram cousin said walk vic market hotel,0
ham,Discussed with your mother ah?,discussed mother ah,0
ham,"Sorry, I can't text &amp; drive coherently, see you in twenty",sorry cant text amp drive coherently see twenty,0
spam,You will be receiving this week's Triple Echo ringtone shortly. Enjoy it!,receiving week triple echo ringtone shortly enjoy,1
ham,In which place i can get rooms cheap:-),place get room cheap,0
ham,Eek that's a lot of time especially since American Pie is like 8 minutes long. I can't stop singing it.,eek thats lot time especially since american pie like minute long cant stop singing,0
ham,"\GRAN ONLYFOUND OUT AFEW DAYS AGO.CUSOON HONI\""""",gran onlyfound afew day agocusoon honi,0
spam,"U've been selected to stay in 1 of 250 top British hotels - FOR NOTHING! Holiday valued at å£350! Dial 08712300220 to claim - National Rate Call. Bx526, SW73SS",uve selected stay top british hotel nothing holiday valued dial claim national rate call bx swss,1
ham,University of southern california.,university southern california,0
ham,We have to pick rayan macleran there.,pick rayan macleran,0
ham,U gd lor go shopping i got stuff to do. U wan 2 watch infernal affairs a not? Come lar...,u gd lor go shopping got stuff u wan watch infernal affair come lar,0
ham,Well. Balls. Time to make calls,well ball time make call,0
ham,Wat time Ì_ wan today?,wat time wan today,0
ham, &lt;#&gt;  in mca. But not conform.,ltgt mca conform,0
ham,Oh ok.. Wat's ur email?,oh ok wats ur email,0
ham,"Yes, princess. Are you going to make me moan?",yes princess going make moan,0
ham,Lol its ok I didn't remember til last nite,lol ok didnt remember til last nite,0
ham,"[Û_] anyway, many good evenings to u! s",anyway many good evening u,0
ham,"Cool, I'll text you in a few",cool ill text,0
ham,"Sorry vikky, i'm Watching olave mandara movie kano in trishul theatre wit my frnds..",sorry vikky im watching olave mandara movie kano trishul theatre wit frnds,0
ham,I'm very happy for you babe ! Woo hoo party on dude!,im happy babe woo hoo party dude,0
ham,I am taking you for italian food. How about a pretty dress with no panties? :),taking italian food pretty dress panty,0
ham,Wot u up 2? Thout u were gonna call me!! Txt bak luv K,wot u thout u gonna call txt bak luv k,0
spam,YOU ARE CHOSEN TO RECEIVE A å£350 AWARD! Pls call claim number 09066364311 to collect your award which you are selected to receive as a valued mobile customer.,chosen receive award pls call claim number collect award selected receive valued mobile customer,1
ham,How are you holding up?,holding,0
ham,Dont flatter yourself... Tell that man of mine two pints of carlin in ten minutes please.... ,dont flatter tell man mine two pint carlin ten minute please,0
ham,Hope you are not scared!,hope scared,0
ham,I'm at home n ready...,im home n ready,0
ham,What time do u get out?,time u get,0
ham,I am literally in bed and have been up for like  &lt;#&gt;  hours,literally bed like ltgt hour,0
ham,"Yes, my reg is  Ciao!",yes reg ciao,0
ham,If You mean the website. Yes.,mean website yes,0
spam,Win a å£1000 cash prize or a prize worth å£5000,win cash prize prize worth,1
spam,"Thanks for your ringtone order, reference number X49.Your mobile will be charged 4.50. Should your tone not arrive please call customer services 09065989182",thanks ringtone order reference number xyour mobile charged tone arrive please call customer service,1
ham,Lol or I could just starve and lose a pound by the end of the day.,lol could starve lose pound end day,0
ham,Yeah that's the impression I got,yeah thats impression got,0
ham,Ok ok take care. I can understand.,ok ok take care understand,0
ham,"Motivate Behind every darkness, there is a shining light waiting for you to find it... Behind every best friend, there is always trust and love... BSLVYL",motivate behind every darkness shining light waiting find behind every best friend always trust love bslvyl,0
ham,"Ya ok, then had dinner?",ya ok dinner,0
ham,I was slept that time.you there?,slept timeyou,0
ham,dont make ne plans for nxt wknd coz she wants us to come down then ok,dont make ne plan nxt wknd coz want u come ok,0
ham,When is school starting. Where will you stay. What's the weather like. And the food. Do you have a social support system like friends in the school. All these things are important.,school starting stay whats weather like food social support system like friend school thing important,0
ham,"Ha ha nan yalrigu heltini..Iyo kothi chikku, u shared many things wit me..so far i didn't told any body and even uttered a word abt u.. If ur trusting me so much how can i tell these to others.. Plz nxt time dont use those words to me..ok, chikku:-);-)B-)",ha ha nan yalrigu heltiniiyo kothi chikku u shared many thing wit meso far didnt told body even uttered word abt u ur trusting much tell others plz nxt time dont use word meok chikkub,0
ham,Noice. Text me when you're here,noice text youre,0
ham,Hi di is yijue we're meeting at 7 pm at esaplanade tonight.,hi di yijue meeting pm esaplanade tonight,0
spam,Moby Pub Quiz.Win a å£100 High Street prize if u know who the new Duchess of Cornwall will be? Txt her first name to 82277.unsub STOP å£1.50 008704050406 SP,moby pub quizwin high street prize u know new duchess cornwall txt first name unsub stop sp,1
spam,"This weeks SavaMob member offers are now accessible. Just call 08709501522 for details! SavaMob, POBOX 139, LA3 2WU. Only å£1.50/week. SavaMob - offers mobile!",week savamob member offer accessible call detail savamob pobox la wu week savamob offer mobile,1
ham,"Aight I've been set free, think you could text me blake's address? It occurs to me I'm not quite as sure what I'm doing as I thought I was",aight ive set free think could text blake address occurs im quite sure im thought,0
ham,Hi dear we saw dear. We both are happy. Where you my battery is low,hi dear saw dear happy battery low,0
ham,How are you. Its been ages. How's abj,age hows abj,0
ham,Prof: you have passed in all the papers in this sem congrats . . . . Student: Enna kalaachutaarama..!! Prof:???? Gud mrng!,prof passed paper sem congrats student enna kalaachutaarama prof gud mrng,0
ham,Dont kick coco when he's down,dont kick coco he,0
ham,Fyi I'm gonna call you sporadically starting at like  &lt;#&gt;  bc we are not not doin this shit,fyi im gonna call sporadically starting like ltgt bc doin shit,0
spam,"You are being contacted by our Dating Service by someone you know! To find out who it is, call from your mobile or landline 09064017305 PoBox75LDNS7 ",contacted dating service someone know find call mobile landline poboxldns,1
spam,TBS/PERSOLVO. been chasing us since Sept forå£38 definitely not paying now thanks to your information. We will ignore them. Kath. Manchester.,tbspersolvo chasing u since sept definitely paying thanks information ignore kath manchester,1
ham,Hope youåÕre not having too much fun without me!! see u tomorrow love jess x,hope youre much fun without see u tomorrow love jess x,0
ham,Ok i wont call or disturb any one. I know all are avoiding me. I am a burden for all,ok wont call disturb one know avoiding burden,0
ham,I've reached home n i bathe liao... U can call me now...,ive reached home n bathe liao u call,0
spam,Loans for any purpose even if you have Bad Credit! Tenants Welcome. Call NoWorriesLoans.com on 08717111821,loan purpose even bad credit tenant welcome call noworriesloanscom,1
ham,Was the actual exam harder than NBME,actual exam harder nbme,0
ham,A lot of this sickness thing going round. Take it easy. Hope u feel better soon. Lol,lot sickness thing going round take easy hope u feel better soon lol,0
spam,87077: Kick off a new season with 2wks FREE goals & news to ur mobile! Txt ur club name to 87077 eg VILLA to 87077,kick new season wks free goal news ur mobile txt ur club name eg villa,1
ham,Hey sathya till now we dint meet not even a single time then how can i saw the situation sathya.,hey sathya till dint meet even single time saw situation sathya,0
ham,Gam gone after outstanding innings.,gam gone outstanding inning,0
ham,O i played smash bros  &lt;#&gt;  religiously.,played smash bros ltgt religiously,0
ham,"Sir, good morning. Hope you had a good weekend. I called to let you know that i was able to raise  &lt;#&gt;  from my dad. He however said he would make the rest available by mid feb. This amount is still quite short and i was hoping you would help. Do have a good day. Abiola",sir good morning hope good weekend called let know able raise ltgt dad however said would make rest available mid feb amount still quite short hoping would help good day abiola,0
ham,Hurry home. Soup is DONE!,hurry home soup done,0
ham,"Good afternoon, my love. It was good to see your words on YM and get your tm. Very smart move, my slave ... *smiles* ... I drink my coffee and await you.",good afternoon love good see word ym get tm smart move slave smile drink coffee await,0
ham,Quite ok but a bit ex... U better go eat smth now else i'll feel guilty...,quite ok bit ex u better go eat smth else ill feel guilty,0
spam,"Orange brings you ringtones from all time Chart Heroes, with a free hit each week! Go to Ringtones & Pics on wap. To stop receiving these tips reply STOP.",orange brings ringtones time chart hero free hit week go ringtones pic wap stop receiving tip reply stop,1
ham,Lemme know when you're here,lemme know youre,0
ham,He needs to stop going to bed and make with the fucking dealing,need stop going bed make fucking dealing,0
ham,"How are you, my Love ? Are you with your brother ? Time to talk english with him ? *grins* Say : Hey Muhommad, Penny says hello from across the sea",love brother time talk english grin say hey muhommad penny say hello across sea,0
spam,We tried to call you re your reply to our sms for a video mobile 750 mins UNLIMITED TEXT + free camcorder Reply of call 08000930705 Now,tried call reply sm video mobile min unlimited text free camcorder reply call,1
ham,"Hey doc pls I want to get nice t shirt for my hubby nice fiting ones my budget is  &lt;#&gt; k help pls I will load d card abi hw,keep me posted luv. 2 mj",hey doc pls want get nice shirt hubby nice fiting one budget ltgt k help pls load card abi hwkeep posted luv mj,0
ham,I remain unconvinced that this isn't an elaborate test of my willpower,remain unconvinced isnt elaborate test willpower,0
ham,"\Life is nothing wen v get everything\"". But \""life is everything wen v miss something \"". Real value of people wil be realized only in their absence.... gud mrng""",life nothing wen v get everything life everything wen v miss something real value people wil realized absence gud mrng,0
ham,how are you? I miss you!,miss,0
ham,I ain't answerin no phone at what is actually a pretty reasonable hour but I'm sleepy,aint answerin phone actually pretty reasonable hour im sleepy,0
ham,"Hey , is * rite u put åÈ10 evey mnth is that all?",hey rite u put evey mnth,0
ham,i am going to bed now prin,going bed prin,0
ham,I think just yourself Û_Thanks and see you tomo,think thanks see tomo,0
ham,If u dun drive then how i go 2 sch.,u dun drive go sch,0
ham,I not at home now lei...,home lei,0
spam,GSOH? Good with SPAM the ladies?U could b a male gigolo? 2 join the uk's fastest growing mens club reply ONCALL. mjzgroup. 08714342399.2stop reply STOP. msg@å£1.50rcvd,gsoh good spam ladiesu could b male gigolo join uk fastest growing men club reply oncall mjzgroup stop reply stop msgrcvd,1
ham,Do u hav any frnd by name ashwini in ur college?,u hav frnd name ashwini ur college,0
ham,Jus finish my lunch on my way home lor... I tot u dun wan 2 stay in sch today...,jus finish lunch way home lor tot u dun wan stay sch today,0
ham,K then 2marrow are you coming to class.,k marrow coming class,0
ham,Pls send me your address sir.,pls send address sir,0
ham,I want to lick your pussy now...,want lick pussy,0
ham,"Yo, you gonna still be in stock tomorrow/today? I'm trying to get a dubsack",yo gonna still stock tomorrowtoday im trying get dubsack,0
spam,URGENT! Your Mobile number has been awarded a <UKP>2000 prize GUARANTEED. Call 09061790125 from landline. Claim 3030. Valid 12hrs only 150ppm,urgent mobile number awarded ukp prize guaranteed call landline claim valid hr ppm,1
ham,"I'll see, but prolly yeah",ill see prolly yeah,0
ham,Thought we could go out for dinner. I'll treat you! Seem ok?,thought could go dinner ill treat seem ok,0
ham,Where are you ? What do you do ? How can you stand to be away from me ? Doesn't your heart ache without me ? Don't you wonder of me ? Don't you crave me ?,stand away doesnt heart ache without dont wonder dont crave,0
ham,Sorry. You never hear unless you book it. One was kinda a joke--thet were really looking for skinny white girls. The other was one line--you can only do so much on camera with that. Something like that they're casting on the look.,sorry never hear unless book one kinda jokethet really looking skinny white girl one lineyou much camera something like theyre casting look,0
ham,"Sure thing big man. i have hockey elections at 6, shouldnÛ÷t go on longer than an hour though",sure thing big man hockey election shouldnt go longer hour though,0
ham,Watch lor. I saw a few swatch one i thk quite ok. Ard 116 but i need 2nd opinion leh...,watch lor saw swatch one thk quite ok ard need nd opinion leh,0
ham,Hiya do u like the hlday pics looked horrible in them so took mo out! Hows the camp Amrca thing? Speak soon Serena:),hiya u like hlday pic looked horrible took mo hows camp amrca thing speak soon serena,0
ham,"Babe! How goes that day ? What are you up to ? I miss you already, my Love ... * loving kiss* ... I hope everything goes well.",babe go day miss already love loving kiss hope everything go well,0
ham,Yunny... I'm goin to be late,yunny im goin late,0
ham,Doc prescribed me morphine cause the other pain meds aren't enough. Waiting for my mom to bring it. That med should kick in fast so I'm gonna try to be on later,doc prescribed morphine cause pain med arent enough waiting mom bring med kick fast im gonna try later,0
ham,"Cool, want me to go to kappa or should I meet you outside mu",cool want go kappa meet outside mu,0
ham,"Hey sexy buns ! Have I told you ? I adore you, loverboy. I hope you remember to thank your sister in law for those meatballs *grins* ... i love you, babe",hey sexy bun told adore loverboy hope remember thank sister law meatball grin love babe,0
ham,May b approve panalam...but it should have more posts..,may b approve panalambut post,0
spam,"SPJanuary Male Sale! Hot Gay chat now cheaper, call 08709222922. National rate from 1.5p/min cheap to 7.8p/min peak! To stop texts call 08712460324 (10p/min)",spjanuary male sale hot gay chat cheaper call national rate pmin cheap pmin peak stop text call pmin,1
ham,Me i'm not workin. Once i get job...,im workin get job,0
ham,And by when you're done I mean now,youre done mean,0
ham,\Its Ur luck to Love someone. Its Ur fortune to Love the one who Loves U. But,ur luck love someone ur fortune love one love u,0
ham,Hi baby ive just got back from work and i was wanting to see u allday! I hope i didnt piss u off on the phone today. If u are up give me a call xxx,hi baby ive got back work wanting see u allday hope didnt piss u phone today u give call xxx,0
spam,FreeMsg Today's the day if you are ready! I'm horny & live in your town. I love sex fun & games! Netcollex Ltd 08700621170150p per msg reply Stop to end,freemsg today day ready im horny live town love sex fun game netcollex ltd p per msg reply stop end,1
ham,Is it your yahoo boys that bring in the perf? Or legal.,yahoo boy bring perf legal,0
ham,No need to say anything to me. I know i am an outsider,need say anything know outsider,0
ham,have you ever had one foot before?,ever one foot,0
ham,Just got to  &lt;#&gt;,got ltgt,0
ham,"Good! No, donÛ÷t need any receiptsÛÓwell done! (Û_) Yes, please tell . WhatÛ÷s her number, i could ring her",good dont need receiptswell done yes please tell whats number could ring,0
ham,Leave it wif me lar... ÌÏ wan to carry meh so heavy... Is da num 98321561 familiar to Ì_?,leave wif lar wan carry meh heavy da num familiar,0
ham,Beautiful truth : Expression of the face could Be seen by everyone... But the depression of heart Could be understood only By the Loved ones.. Gud Ni8;-),beautiful truth expression face could seen everyone depression heart could understood loved one gud ni,0
ham,Infact happy new year. How are you where are you when are we seeing,infact happy new year seeing,0
spam,"In The Simpsons Movie released in July 2007 name the band that died at the start of the film? A-Green Day, B-Blue Day, C-Red Day. (Send A, B or C)",simpson movie released july name band died start film agreen day bblue day cred day send b c,1
ham,That's a shame! Maybe cld meet for few hrs tomo?,thats shame maybe cld meet hr tomo,0
ham,Lol I would but despite these cramps I like being a girl.,lol would despite cramp like girl,0
ham,I canåÕt wait for cornwall. Hope tonight isnåÕt too bad as well but itåÕs rock night shite. Anyway iåÕm going for a kip now have a good night. Speak to you soon.,cant wait cornwall hope tonight isnt bad well rock night shite anyway im going kip good night speak soon,0
ham,Pls help me tell sura that i'm expecting a battery from hont. And that if should pls send me a message about how to download movies. Thanks,pls help tell sura im expecting battery hont pls send message download movie thanks,0
spam,Please call Amanda with regard to renewing or upgrading your current T-Mobile handset free of charge. Offer ends today. Tel 0845 021 3680 subject to T's and C's,please call amanda regard renewing upgrading current tmobile handset free charge offer end today tel subject t c,1
ham,"Haven't found a way to get another app for your phone, eh ? Will you go to the net cafe ? Did you take that job? Geeee I need you babe. I crave to see you ...",havent found way get another app phone eh go net cafe take job geeee need babe crave see,0
ham,I only work from mon to thurs but Sat i cant leh... Booked liao... Which other day u free?,work mon thurs sat cant leh booked liao day u free,0
ham,ÌÏ comin to fetch us oredi...,comin fetch u oredi,0
ham,What's nannys address?,whats nanny address,0
ham,Haf u eaten? Wat time u wan me 2 come?,haf u eaten wat time u wan come,0
spam,Want a new Video Phone? 750 anytime any network mins? Half price line rental free text for 3 months? Reply or call 08000930705 for free delivery,want new video phone anytime network min half price line rental free text month reply call free delivery,1
ham,"Yo, call me when you get the chance, a friend of mine wanted me to ask you about a big order",yo call get chance friend mine wanted ask big order,0
ham,This single single answers are we fighting? Plus i said am broke and you didnt reply,single single answer fighting plus said broke didnt reply,0
ham,It certainly puts things into perspective when something like this happens,certainly put thing perspective something like happens,0
ham,Now got tv 2 watch meh? U no work today?,got tv watch meh u work today,0
ham,i felt so...not any conveying reason.. Ese he... What about me?,felt sonot conveying reason ese,0
ham,How's it going? Got any exciting karaoke type activities planned? I'm debating whether to play football this eve. Feeling lazy though.,hows going got exciting karaoke type activity planned im debating whether play football eve feeling lazy though,0
ham,I told that am coming on wednesday.,told coming wednesday,0
ham,"Its ok, called mom instead have fun",ok called mom instead fun,0
ham,Well if I'm that desperate I'll just call armand again,well im desperate ill call armand,0
ham,Are you at work right now ?,work right,0
ham,Haven't heard anything and he's not answering my texts so I'm guessing he flaked. That said the jb is fantastic,havent heard anything he answering text im guessing flaked said jb fantastic,0
ham,"Mmmmmm ... I love you,so much, Ahmad ... I can't wait for this year to begin as every second takes me closer to being at your side. Happy New Year, my love!!",mmmmmm love youso much ahmad cant wait year begin every second take closer side happy new year love,0
ham,Pls what's the full name of joke's school cos fees in university of florida seem to actually be  &lt;#&gt; k. Pls holla back,pls whats full name joke school co fee university florida seem actually ltgt k pls holla back,0
ham,Ok... But they said i've got wisdom teeth hidden inside n mayb need 2 remove.,ok said ive got wisdom teeth hidden inside n mayb need remove,0
ham,And pls pls drink plenty plenty water,pls pls drink plenty plenty water,0
ham,How are you doing. How's the queen. Are you going for the royal wedding,hows queen going royal wedding,0
ham,He's in lag. That's just the sad part but we keep in touch thanks to skype,he lag thats sad part keep touch thanks skype,0
ham,Ok lor then we go tog lor...,ok lor go tog lor,0
ham,Two teams waiting for some players,two team waiting player,0
ham,Can Ì_ send me a copy of da report?,send copy da report,0
ham,"swhrt how u dey,hope ur ok, tot about u 2day.love n miss.take care.",swhrt u deyhope ur ok tot u daylove n misstake care,0
ham,"Ok da, i already planned. I wil pick you.",ok da already planned wil pick,0
spam,"Urgent! Please call 0906346330. Your ABTA complimentary 4* Spanish Holiday or å£10,000 cash await collection SAE T&Cs BOX 47 PO19 2EZ 150ppm 18+",urgent please call abta complimentary spanish holiday cash await collection sae tc box po ez ppm,1
ham,I just really need shit before tomorrow and I know you won't be awake before like 6,really need shit tomorrow know wont awake like,0
ham,I'm good. Have you registered to vote?,im good registered vote,0
ham,"Hmm ok, i'll stay for like an hour cos my eye is really sore!",hmm ok ill stay like hour co eye really sore,0
ham,Dear got bus directly to calicut,dear got bus directly calicut,0
ham,Mm umma ask vava also to come tell him can play later together,mm umma ask vava also come tell play later together,0
ham,"Well the general price is  &lt;#&gt; /oz, let me know if/when/how much you want",well general price ltgt oz let know ifwhenhow much want,0
ham,"Each Moment in a day,has its own value-Morning brings hope,afternoon brings faith,Evening brings luv,Night brings rest,Wish u find them all today.Good Morning",moment dayhas valuemorning brings hopeafternoon brings faithevening brings luvnight brings restwish u find todaygood morning,0
ham,&lt;#&gt;  w jetton ave if you forgot,ltgt w jetton ave forgot,0
ham,Ok i'm coming home now.,ok im coming home,0
ham,Can not use foreign stamps in this country.,use foreign stamp country,0
ham,"Sorry, it's a lot of friend-of-a-friend stuff, I'm just now about to talk to the actual guy who wants to buy",sorry lot friendofafriend stuff im talk actual guy want buy,0
spam,"cmon babe, make me horny, *turn* me on! Txt me your fantasy now babe -) Im hot, sticky and need you now. All replies cost å£1.50. 2 cancel send STOP",cmon babe make horny turn txt fantasy babe im hot sticky need reply cost cancel send stop,1
ham,Wylie update: my weed dealer carlos went to freedom and had a class with lunsford,wylie update weed dealer carlos went freedom class lunsford,0
ham,Are you happy baby ? Are you alright ? Did you take that job ? I hope your fine. I send you a kiss to make you smile from across the sea ... *kiss* *kiss*,happy baby alright take job hope fine send kiss make smile across sea kiss kiss,0
ham,C movie is juz last minute decision mah. Juz watch 2 lar but i tot Ì_ not interested.,c movie juz last minute decision mah juz watch lar tot interested,0
ham,How are you enjoying this semester? Take care brother.,enjoying semester take care brother,0
spam,IMPORTANT INFORMATION 4 ORANGE USER 0796XXXXXX. TODAY IS UR LUCKY DAY!2 FIND OUT WHY LOG ONTO http://www.urawinner.com THERE'S A FANTASTIC PRIZEAWAITING YOU!,important information orange user xxxxxx today ur lucky day find log onto there fantastic prizeawaiting,1
ham,"Get the door, I'm here",get door im,0
ham,"Lets use it next week, princess :)",let use next week princess,0
ham,Or i go home first lar Ì_ wait 4 me lor.. I put down my stuff first..,go home first lar wait lor put stuff first,0
ham,I want kfc its Tuesday. Only buy 2 meals ONLY 2. No gravy. Only 2 Mark. 2!,want kfc tuesday buy meal gravy mark,0
ham,No da:)he is stupid da..always sending like this:)don believe any of those message.pandy is a mental:),dahe stupid daalways sending like thisdon believe messagepandy mental,0
ham,Oi when you gonna ring,oi gonna ring,0
spam,Missed call alert. These numbers called but left no message. 07008009200,missed call alert number called left message,1
ham,I attended but nothing is there.,attended nothing,0
ham,Ard 530 like dat lor. We juz meet in mrt station then Ì_ dun haf to come out.,ard like dat lor juz meet mrt station dun haf come,0
ham,No dear i was sleeping :-P,dear sleeping p,0
ham,Er mw im filled tuth is aight,er mw im filled tuth aight,0
ham,Will be office around 4 pm. Now i am going hospital.,office around pm going hospital,0
ham,Actually i'm waiting for 2 weeks when they start putting ad.,actually im waiting week start putting ad,0
ham,Anything lor if they all go then i go lor...,anything lor go go lor,0
ham,U free on sat rite? U wan 2 watch infernal affairs wif me n darren n mayb xy?,u free sat rite u wan watch infernal affair wif n darren n mayb xy,0
ham,Yo you around? A friend of mine's lookin to pick up later tonight,yo around friend mine lookin pick later tonight,0
ham,Stupid auto correct on my phone,stupid auto correct phone,0
ham,Double eviction this week - Spiral and Michael and good riddance to them!,double eviction week spiral michael good riddance,0
ham,"\The world suffers a lot... Not because of the violence of bad people. But because of the silence of good people!\""",world suffers lot violence bad people silence good people,0
ham,"Ok thats cool. Its , just off either raglan rd or edward rd. Behind the cricket ground. Gimme ring when ur closeby see you tuesday.",ok thats cool either raglan rd edward rd behind cricket ground gimme ring ur closeby see tuesday,0
ham,Buy one egg for me da..please:),buy one egg daplease,0
ham,Have you started in skye,started skye,0
ham,Have you bookedthe hut? And also your time off? How are you by the way?,bookedthe hut also time way,0
ham,And several to you sir.,several sir,0
ham,U really pig leh sleep so much. My dad wake me up at 10 smth 2 eat lunch today.,u really pig leh sleep much dad wake smth eat lunch today,0
ham,My love ... I hope your not doing anything drastic. Don't you dare sell your pc or your phone ...,love hope anything drastic dont dare sell pc phone,0
spam,FREEMSG: Our records indicate you may be entitled to 3750 pounds for the Accident you had. To claim for free reply with YES to this msg. To opt out text STOP,freemsg record indicate may entitled pound accident claim free reply yes msg opt text stop,1
ham,Life style garments account no please.,life style garment account please,0
ham,Lol wtf random. Btw is that your lunch break,lol wtf random btw lunch break,0
ham,"Sez, hows u & de arab boy? Hope u r all good give my love 2 evry1 love ya eshxxxxxxxxxxx",sez hows u de arab boy hope u r good give love evry love ya eshxxxxxxxxxxx,0
ham,"The LAY MAN! Just to let you know you are missed and thought off. Do have a great day. And if you can send me bimbo and ugo's numbers, ill appreciate. Safe",lay man let know missed thought great day send bimbo ugos number ill appreciate safe,0
ham,Detroit. The home of snow. Enjoy it.,detroit home snow enjoy,0
spam,Show ur colours! Euro 2004 2-4-1 Offer! Get an England Flag & 3Lions tone on ur phone! Click on the following service message for info!,show ur colour euro offer get england flag lion tone ur phone click following service message info,1
ham,"Aight, I'm chillin in a friend's room so text me when you're on the way",aight im chillin friend room text youre way,0
ham,Is toshiba portege m100 gd?,toshiba portege gd,0
ham,Well welp is sort of a semiobscure internet thing,well welp sort semiobscure internet thing,0
spam,Text PASS to 69669 to collect your polyphonic ringtones. Normal gprs charges apply only. Enjoy your tones,text pas collect polyphonic ringtones normal gprs charge apply enjoy tone,1
spam,"accordingly. I repeat, just text the word ok on your mobile phone and send",accordingly repeat text word ok mobile phone send,1
ham,Loosu go to hospital. De dont let it careless.,loosu go hospital de dont let careless,0
ham,How much for an eighth?,much eighth,0
ham,Omg Joanna is freaking me out. She's looked thru all my friends to find photos of me. And then she's asking about stuff on my MySpace which I haven't even logged on in like a year. :/,omg joanna freaking shes looked thru friend find photo shes asking stuff myspace havent even logged like year,0
ham,"Send ur birthdate with month and year, I will tel u ur LIFE PARTNER'S name. and the method of calculation. Reply must.",send ur birthdate month year tel u ur life partner name method calculation reply must,0
ham,Juz now havent woke up so a bit blur blur... Can? Dad went out liao... I cant cum now oso...,juz havent woke bit blur blur dad went liao cant cum oso,0
ham,"How about clothes, jewelry, and trips?",clothes jewelry trip,0
spam,Block Breaker now comes in deluxe format with new features and great graphics from T-Mobile. Buy for just å£5 by replying GET BBDELUXE and take the challenge,block breaker come deluxe format new feature great graphic tmobile buy replying get bbdeluxe take challenge,1
ham,Aah! A cuddle would be lush! I'd need lots of tea and soup before any kind of fumbling!,aah cuddle would lush id need lot tea soup kind fumbling,0
spam,important information 4 orange user . today is your lucky day!2find out why log onto http://www.urawinner.com THERE'S A FANTASTIC SURPRISE AWAITING YOU!,important information orange user today lucky dayfind log onto there fantastic surprise awaiting,1
ham,Are you plans with your family set in stone ?,plan family set stone,0
ham,Pls dont forget to study,pls dont forget study,0
ham,You'll never believe this but i have actually got off at taunton. Wow,youll never believe actually got taunton wow,0
ham,"Den only weekdays got special price... Haiz... Cant eat liao... Cut nails oso muz wait until i finish drivin wat, lunch still muz eat wat... ",den weekday got special price haiz cant eat liao cut nail oso muz wait finish drivin wat lunch still muz eat wat,0
ham,She just broke down a list of reasons why nobody's in town and I can't tell if she's being sarcastic or just faggy,broke list reason nobody town cant tell shes sarcastic faggy,0
ham, &lt;DECIMAL&gt; m but its not a common car here so its better to buy from china or asia. Or if i find it less expensive. I.ll holla,ltdecimalgt common car better buy china asia find less expensive ill holla,0
ham,The greatest test of courage on earth is to bear defeat without losing heart....gn tc,greatest test courage earth bear defeat without losing heartgn tc,0
ham,SORRY IM STIL FUCKED AFTER LAST NITE WENT TOBED AT 430 GOT UP 4 WORK AT 630,sorry im stil fucked last nite went tobed got work,0
ham,Hey so whats the plan this sat? ,hey whats plan sat,0
ham,Beauty sleep can help ur pimples too.,beauty sleep help ur pimple,0
ham,Great. Hope you are using your connections from mode men also cos you can never know why old friends can lead you to today,great hope using connection mode men also co never know old friend lead today,0
spam,Natalja (25/F) is inviting you to be her friend. Reply YES-440 or NO-440 See her: www.SMS.ac/u/nat27081980 STOP? Send STOP FRND to 62468,natalja f inviting friend reply yes see stop send stop frnd,1
ham,Where to get those?,get,0
ham,"Kind of. Just missed train cos of asthma attack, nxt one in half hr so driving in. not sure where to park.",kind missed train co asthma attack nxt one half hr driving sure park,0
ham,Ball is moving a lot.will spin in last :)so very difficult to bat:),ball moving lotwill spin last difficult bat,0
ham,Haiyoh... Maybe your hamster was jealous of million,haiyoh maybe hamster jealous million,0
ham,Can you please send me my aunty's number,please send aunty number,0
ham,I'm glad. You are following your dreams.,im glad following dream,0
ham,I've reached home finally...,ive reached home finally,0
ham,"Wn u r hurt by d prsn who s close 2 u, do fight wit dem. Coz somtimes dis fight saves a relation bt being quiet leaves nothin in a relation.. Gud eveB-)",wn u r hurt prsn close u fight wit dem coz somtimes dis fight save relation bt quiet leaf nothin relation gud eveb,0
ham,"Science tells that chocolate will melt under the sunlight. Please don't walk under the sunlight. BCoz,I don't want to loss a sweet friend.",science tell chocolate melt sunlight please dont walk sunlight bcozi dont want loss sweet friend,0
ham,Yes. I come to nyc for audiitions and am trying to relocate.,yes come nyc audiitions trying relocate,0
ham,I pocked you up there before,pocked,0
ham,Congrats. That's great. I wanted to tell you not to tell me your score cos it might make me relax. But its motivating me so thanks for sharing,congrats thats great wanted tell tell score co might make relax motivating thanks sharing,0
ham,I wud never mind if u dont miss me or if u dont need me.. But u wil really hurt me wen u need me &amp; u dont tell me......... Take care:-),wud never mind u dont miss u dont need u wil really hurt wen u need amp u dont tell take care,0
ham,Hey mr whats the name of that bill brison book the one about language and words ,hey mr whats name bill brison book one language word,0
ham,"Okay, good, no problem, and thanx!",okay good problem thanx,0
ham,"For you information, IKEA is spelled with all caps. That is not yelling. when you thought i had left you, you were sitting on the bed among the mess when i came in. i said we were going after you got home from class. please don't try and bullshit me. It makes me want to listen to you less.",information ikea spelled cap yelling thought left sitting bed among mess came said going got home class please dont try bullshit make want listen less,0
ham,Call me when u're done...,call ure done,0
ham,G.W.R,gwr,0
ham,You best watch what you say cause I get drunk as a motherfucker,best watch say cause get drunk motherfucker,0
spam,Kit Strip - you have been billed 150p. Netcollex Ltd. PO Box 1013 IG11 OJA,kit strip billed p netcollex ltd po box ig oja,1
spam,thesmszone.com lets you send free anonymous and masked messages..im sending this message from there..do you see the potential for abuse???,thesmszonecom let send free anonymous masked messagesim sending message theredo see potential abuse,1
ham,"Erm... Woodland avenue somewhere. Do you get the parish magazine, his telephone number will be in there.",erm woodland avenue somewhere get parish magazine telephone number,0
ham,Are there TA jobs available? Let me know please cos i really need to start working,ta job available let know please co really need start working,0
ham,Aiyar hard 2 type. U later free then tell me then i call n scold n tell u.,aiyar hard type u later free tell call n scold n tell u,0
ham,Yup i'm free...,yup im free,0
ham,"Good good, billy mates all gone. Just been jogging, again! Did enjoy concert?",good good billy mate gone jogging enjoy concert,0
ham,Yo come over carlos will be here soon,yo come carlos soon,0
ham,Awww dat is sweet! We can think of something to do he he! Have a nice time tonight ill probably txt u later cos im lonely :( xxx.,awww dat sweet think something nice time tonight ill probably txt u later co im lonely xxx,0
ham,I guess it is useless calling u 4 something important.,guess useless calling u something important,0
ham,Ha ha - had popped down to the loo when you hello-ed me. Hello!,ha ha popped loo helloed hello,0
ham,He dint tell anything. He is angry on me that why you told to abi.,dint tell anything angry told abi,0
ham,It so happens that there r 2waxsto do wat you want. She can come and ill get her medical insurance. And she'll be able to deliver and have basic care. I'm currently shopping for the right medical insurance for her. So just give me til friday morning. Thats when i.ll see the major person that can guide me to the right insurance.,happens r waxsto wat want come ill get medical insurance shell able deliver basic care im currently shopping right medical insurance give til friday morning thats ill see major person guide right insurance,0
ham,I keep ten rs in my shelf:) buy two egg.,keep ten r shelf buy two egg,0
ham,"I wasn't well babe, i have swollen glands at my throat ... What did you end up doing ?",wasnt well babe swollen gland throat end,0
ham,Is ur changes 2 da report big? Cos i've already made changes 2 da previous report.,ur change da report big co ive already made change da previous report,0
ham,Captain is in our room:),captain room,0
ham,"I can't speak, bcaz mobile have problem. I can listen you but you cann't listen my voice. So i calls you later.",cant speak bcaz mobile problem listen cannt listen voice call later,0
ham,HIYA STU WOT U UP 2.IM IN SO MUCH TRUBLE AT HOME AT MOMENT EVONE HATES ME EVEN U! WOT THE HELL AV I DONE NOW? Y WONT U JUST TELL ME TEXT BCK PLEASE LUV DAN ,hiya stu wot u im much truble home moment evone hate even u wot hell av done wont u tell text bck please luv dan,0
ham,S...i will take mokka players only:),si take mokka player,0
ham,Are you still playing with gautham?,still playing gautham,0
ham,Hey mr  and I are going to the sea view and having a couple of gays I mean games! Give me a bell when ya finish ,hey mr going sea view couple gay mean game give bell ya finish,0
ham,"K, jason says he's gonna be around so I'll be up there around  &lt;#&gt;",k jason say he gonna around ill around ltgt,0
ham,Sorry . I will be able to get to you. See you in the morning.,sorry able get see morning,0
ham,Aight well keep me informed,aight well keep informed,0
ham,Am only searching for good dual sim mobile pa.,searching good dual sim mobile pa,0
ham,That seems unnecessarily hostile,seems unnecessarily hostile,0
ham,Dude got a haircut. Now its breezy up there,dude got haircut breezy,0
spam,"Congrats! 2 mobile 3G Videophones R yours. call 09061744553 now! videochat wid ur mates, play java games, Dload polyH music, noline rentl. bx420. ip4. 5we. 150pm",congrats mobile g videophones r call videochat wid ur mate play java game dload polyh music noline rentl bx ip pm,1
ham,1Apple/Day=No Doctor. 1Tulsi Leaf/Day=No Cancer. 1Lemon/Day=No Fat. 1Cup Milk/day=No Bone Problms 3 Litres Watr/Day=No Diseases Snd ths 2 Whom U Care..:-),appledayno doctor tulsi leafdayno cancer lemondayno fat cup milkdayno bone problms litre watrdayno disease snd th u care,0
ham,i thought we were doing a king of the hill thing there.,thought king hill thing,0
ham,Nope i'll come online now..,nope ill come online,0
ham,ALSO TELL HIM I SAID HAPPY BIRTHDAY,also tell said happy birthday,0
ham,Y bishan lei... I tot Ì_ say lavender? ,bishan lei tot say lavender,0
ham,Boo what time u get out? U were supposed to take me shopping today. :(,boo time u get u supposed take shopping today,0
ham,"Now u sound like manky scouse boy steve,like! I is travelling on da bus home.wot has u inmind 4 recreation dis eve?",u sound like manky scouse boy stevelike travelling da bus homewot u inmind recreation dis eve,0
ham,"Fyi I'm taking a quick shower, be at epsilon in like  &lt;#&gt;  min",fyi im taking quick shower epsilon like ltgt min,0
ham,on a Tuesday night r u 4 real,tuesday night r u real,0
ham,Yes when is the appt again?,yes appt,0
ham,Just got outta class gonna go gym.,got outta class gonna go gym,0
ham,I want to sent  &lt;#&gt; mesages today. Thats y. Sorry if i hurts,want sent ltgt mesages today thats sorry hurt,0
ham,ÌÏ all write or wat..,write wat,0
ham,Ha! I wouldn't say that I just didn't read anything into way u seemed. I don't like 2 be judgemental....i save that for fridays in the pub!,ha wouldnt say didnt read anything way u seemed dont like judgementali save friday pub,0
ham,Its a valentine game. . . send dis msg to all ur friends. . If 5 answers r d same then someone really loves u. . Ques- which colour suits me the best?,valentine game send dis msg ur friend answer r someone really love u ques colour suit best,0
ham,Hi:)did you asked to waheeda fathima about leave?,hidid asked waheeda fathima leave,0
ham,Enjoy urself tmr...,enjoy urself tmr,0
ham,You still around? I could use a half-8th,still around could use halfth,0
ham,You give us back my id proof and  &lt;#&gt;  rs. We wont allow you to work. We will come to your home within days,give u back id proof ltgt r wont allow work come home within day,0
ham,ÌÏ bot notes oredi... Cos i juz rem i got...,bot note oredi co juz rem got,0
ham,Yes. Rent is very expensive so its the way we save.,yes rent expensive way save,0
ham,Hows the pain dear?y r u smiling?,hows pain deary r u smiling,0
ham,"Fun fact: although you would think armand would eventually build up a tolerance or some shit considering how much he smokes, he gets fucked up in like 2 hits",fun fact although would think armand would eventually build tolerance shit considering much smoke get fucked like hit,0
spam,important information 4 orange user 0789xxxxxxx. today is your lucky day!2find out why log onto http://www.urawinner.com THERE'S A FANTASTIC SURPRISE AWAITING YOU!,important information orange user xxxxxxx today lucky dayfind log onto there fantastic surprise awaiting,1
ham,Great. So should i send you my account number.,great send account number,0
ham,"HELLOGORGEOUS, HOWS U? MY FONE WAS ON CHARGE LST NITW WEN U TEXD ME. HOPEU AD A NICE WKEND AS IM SURE U DID LOOKIN 4WARD 2 C-IN U 2MRW LUV JAZ",hellogorgeous hows u fone charge lst nitw wen u texd hopeu ad nice wkend im sure u lookin ward cin u mrw luv jaz,0
spam,"Our dating service has been asked 2 contact U by someone shy! CALL 09058091870 NOW all will be revealed. POBox84, M26 3UZ 150p",dating service asked contact u someone shy call revealed pobox uz p,1
ham,ÌÏ only send me the contents page...,send content page,0
ham,"Night sweet, sleep well! I've just been to see The Exorcism of Emily Rose and may never sleep again! Hugs and snogs! ",night sweet sleep well ive see exorcism emily rose may never sleep hug snogs,0
ham,"Don't Think About \What u Have Got\"" Think About \""How to Use It That You Have Got\"" gooD ni8""",dont think u got think use got good ni,0
ham,"I can't right this second, gotta hit people up first",cant right second gotta hit people first,0
ham,"Evry Emotion dsn't hav Words.Evry Wish dsn't hav Prayrs.. If u Smile,D World is wit u.Othrwise even d Drop of Tear dsn't lik 2 Stay wit u.So b happy.. Good morning, keep smiling:-)",evry emotion dsnt hav wordsevry wish dsnt hav prayrs u smiled world wit uothrwise even drop tear dsnt lik stay wit uso b happy good morning keep smiling,0
ham,So what about you. What do you remember,remember,0
ham,Ujhhhhhhh computer shipped out with address to sandiago and parantella lane. Wtf. Poop.,ujhhhhhhh computer shipped address sandiago parantella lane wtf poop,0
ham,Mm yes dear look how i am hugging you both. :-P,mm yes dear look hugging p,0
ham,I like dis sweater fr mango but no more my size already so irritating.,like dis sweater fr mango size already irritating,0
ham,1 I don't have her number and 2 its gonna be a massive pain in the ass and i'd rather not get involved if that's possible,dont number gonna massive pain as id rather get involved thats possible,0
ham,Anytime lor...,anytime lor,0
spam,Do you want a new Video handset? 750 any time any network mins? UNLIMITED TEXT? Camcorder? Reply or Call now 08000930705 for del Sat AM,want new video handset time network min unlimited text camcorder reply call del sat,1
spam,"Ur balance is now å£600. Next question: Complete the landmark, Big, A. Bob, B. Barry or C. Ben ?. Text A, B or C to 83738. Good luck!",ur balance next question complete landmark big bob b barry c ben text b c good luck,1
ham,Me fine..absolutly fine,fineabsolutly fine,0
ham,K and you're sure I don't have to have consent forms to do it :V,k youre sure dont consent form v,0
spam,Ur TONEXS subscription has been renewed and you have been charged å£4.50. You can choose 10 more polys this month. www.clubzed.co.uk *BILLING MSG*,ur tonexs subscription renewed charged choose polys month billing msg,1
spam,"If you don't, your prize will go to another customer. T&C at www.t-c.biz 18+ 150p/min Polo Ltd Suite 373 London W1J 6HL Please call back if busy",dont prize go another customer tc pmin polo ltd suite london wj hl please call back busy,1
ham,How much is torch in 9ja.,much torch ja,0
ham,"Doing nothing, then u not having dinner w us?",nothing u dinner w u,0
ham,How are you. Just checking up on you,checking,0
ham,Done it but internet connection v slow and canÛ÷t send it. Will try again later or first thing tomo.,done internet connection v slow cant send try later first thing tomo,0
ham,Mathews or tait or edwards or anderson,mathews tait edward anderson,0
ham,yeah sure thing mate haunt got all my stuff sorted but im going sound anyway promoting hex for .by the way who is this? dont know number. Joke,yeah sure thing mate haunt got stuff sorted im going sound anyway promoting hex way dont know number joke,0
ham,No need lar i go engin? Cos my sis at arts today...,need lar go engin co si art today,0
ham,Thanks honey but still haven't heard anything I will leave it a bit longer so not 2 crowd him and will try later - great advice thanks hope cardiff is still there!,thanks honey still havent heard anything leave bit longer crowd try later great advice thanks hope cardiff still,0
ham,", im .. On the snowboarding trip. I was wondering if your planning to get everyone together befor we go..a meet and greet kind of affair? Cheers, ",im snowboarding trip wondering planning get everyone together befor goa meet greet kind affair cheer,0
ham,S.i'm watching it in live..,sim watching live,0
ham,"see you then, we're all christmassy here!",see christmassy,0
ham,"K I'm ready,  &lt;#&gt; ?",k im ready ltgt,0
ham,what are your new years plans?,new year plan,0
spam,RECPT 1/3. You have ordered a Ringtone. Your order is being processed...,recpt ordered ringtone order processed,1
ham,Baaaaaaaabe! Wake up ! I miss you ! I crave you! I need you!,baaaaaaaabe wake miss crave need,0
ham,"Only just got this message, not ignoring you. Yes, i was. Shopping that is",got message ignoring yes shopping,0
ham,Dear :-/ why you mood off. I cant drive so i brother to drive,dear mood cant drive brother drive,0
ham,When did dad get back.,dad get back,0
ham,"Can you tell Shola to please go to college of medicine and visit the academic department, tell the academic secretary what the current situation is and ask if she can transfer there. She should ask someone to check Sagamu for the same thing and lautech. Its vital she completes her medical education in Nigeria. Its less expensive much less expensive. Unless she will be getting citizen rates in new zealand.",tell shola please go college medicine visit academic department tell academic secretary current situation ask transfer ask someone check sagamu thing lautech vital completes medical education nigeria less expensive much less expensive unless getting citizen rate new zealand,0
ham,Yes just finished watching days of our lives. I love it.,yes finished watching day life love,0
ham,Juz go google n search 4 qet...,juz go google n search qet,0
ham,Many times we lose our best ones bcoz we are ,many time lose best one bcoz,0
ham,"Good FRIENDS CaRE for each Other.. CLoSE Friends UNDERSTaND each Other... and TRUE Friends STaY forever beyond words, beyond time. Gud ni8",good friend care close friend understand true friend stay forever beyond word beyond time gud ni,0
ham,Just getting back home,getting back home,0
ham,"Sorry, I'll call later  &lt;#&gt; mins",sorry ill call later ltgt min,0
ham,Dun need to use dial up juz open da browser n surf...,dun need use dial juz open da browser n surf,0
spam,As one of our registered subscribers u can enter the draw 4 a 100 G.B. gift voucher by replying with ENTER. To unsubscribe text STOP,one registered subscriber u enter draw gb gift voucher replying enter unsubscribe text stop,1
ham,"Awesome, plan to get here any time after like  &lt;#&gt; , I'll text you details in a wee bit",awesome plan get time like ltgt ill text detail wee bit,0
ham,Take care and sleep well.you need to learn to change in life.you only need to get CONVINCED on that.i will wait but no more conversations between us.GET CONVINCED by that time.Your family is over for you in many senses.respect them but not overemphasise.or u have no role in my life.,take care sleep wellyou need learn change lifeyou need get convinced thati wait conversation usget convinced timeyour family many sensesrespect overemphasiseor u role life,0
spam,"For your chance to WIN a FREE Bluetooth Headset then simply reply back with \ADP\""""",chance win free bluetooth headset simply reply back adp,1
ham,You also didnt get na hi hi hi hi hi,also didnt get na hi hi hi hi hi,0
ham,Ya but it cant display internal subs so i gotta extract them,ya cant display internal sub gotta extract,0
ham,If i said anything wrong sorry de:-),said anything wrong sorry de,0
ham,How stupid to say that i challenge god.You dont think at all on what i write instead you respond immed.,stupid say challenge godyou dont think write instead respond immed,0
ham,"Yeah I should be able to, I'll text you when I'm ready to meet up",yeah able ill text im ready meet,0
ham,V skint too but fancied few bevies.waz gona go meet &othrs in spoon but jst bin watchng planet earth&sofa is v comfey; If i dont make it hav gd night,v skint fancied bevieswaz gona go meet othrs spoon jst bin watchng planet earthsofa v comfey dont make hav gd night,0
ham," says that he's quitting at least5times a day so i wudn't take much notice of that. Nah, she didn't mind. Are you gonna see him again? Do you want to come to taunton tonight? U can tell me all about !",say he quitting leasttimes day wudnt take much notice nah didnt mind gonna see want come taunton tonight u tell,0
ham,"When you get free, call me",get free call,0
ham,How have your little darlings been so far this week? Need a coffee run tomo?Can't believe it's that time of week already Û_,little darling far week need coffee run tomocant believe time week already,0
ham,Still at west coast... Haiz... ÌÏ'll take forever to come back...,still west coast haiz take forever come back,0
ham,MMM ... Fuck .... Merry Christmas to me,mmm fuck merry christmas,0
ham,alright. Thanks for the advice. Enjoy your night out. I'ma try to get some sleep...,alright thanks advice enjoy night ima try get sleep,0
ham,Update your face book status frequently :),update face book status frequently,0
ham,Just now saw your message.it k da:),saw messageit k da,0
ham,Was it something u ate?,something u ate,0
ham,So what did the bank say about the money?,bank say money,0
ham,Aiyar dun disturb u liao... Thk u have lots 2 do aft ur cupboard come...,aiyar dun disturb u liao thk u lot aft ur cupboard come,0
ham,Hey they r not watching movie tonight so i'll prob b home early...,hey r watching movie tonight ill prob b home early,0
ham,Yar lor... How u noe? U used dat route too?,yar lor u noe u used dat route,0
ham,2mro i am not coming to gym machan. Goodnight.,mro coming gym machan goodnight,0
ham,Dont think you need yellow card for uk travel. Ask someone that has gone before. If you do its just  &lt;#&gt; bucks,dont think need yellow card uk travel ask someone gone ltgt buck,0
ham,Can u look 4 me in da lib i got stuff havent finish yet.,u look da lib got stuff havent finish yet,0
ham,Sounds great! Im going to sleep now. Have a good night!,sound great im going sleep good night,0
spam,Don't b floppy... b snappy & happy! Only gay chat service with photo upload call 08718730666 (10p/min). 2 stop our texts call 08712460324,dont b floppy b snappy happy gay chat service photo upload call pmin stop text call,1
ham,How come u got nothing to do?,come u got nothing,0
ham,Nothing will ever be easy. But don't be looking for a reason not to take a risk on life and love,nothing ever easy dont looking reason take risk life love,0
ham,i want to grasp your pretty booty :),want grasp pretty booty,0
ham,I've got it down to a tea. not sure which flavour,ive got tea sure flavour,0
ham,I'm going 2 orchard now laready me reaching soon. U reaching?,im going orchard laready reaching soon u reaching,0
ham,Dear i am not denying your words please,dear denying word please,0
ham,You know my old Dom I told you about yesterday ? His name is Roger? He got in touch with me last night and wants me to meet him today at 2 pm,know old dom told yesterday name roger got touch last night want meet today pm,0
ham,COME BACK TO TAMPA FFFFUUUUUUU,come back tampa ffffuuuuuuu,0
ham,"2 celebrate my båÕday, y else?",celebrate bday else,0
ham,Merry christmas to u too annie!,merry christmas u annie,0
ham,Please tell me you have some of that special stock you were talking about,please tell special stock talking,0
ham,I sent them. Do you like?,sent like,0
ham,"Awesome, be there in a minute",awesome minute,0
ham,"And that is the problem. You walk around in \julianaland\"" oblivious to what is going on around you. I say the same things constantly and they go in one ear and out the other while you go off doing whatever you want to do. It's not that you don't know why I'm upset--it's that you don't listen when i tell you WHAT is going to upset me. Then you want to be surprised when I'm mad.""",problem walk around julianaland oblivious going around say thing constantly go one ear go whatever want dont know im upsetits dont listen tell going upset want surprised im mad,0
ham,I've told you everything will stop. Just dont let her get dehydrated.,ive told everything stop dont let get dehydrated,0
ham,Or I guess  &lt;#&gt;  min,guess ltgt min,0
ham,I'm home. Ard wat time will u reach?,im home ard wat time u reach,0
ham,"If you want to mapquest it or something look up \usf dogwood drive\""",want mapquest something look usf dogwood drive,0
ham,Aight should I just plan to come up later tonight?,aight plan come later tonight,0
ham,Die... I accidentally deleted e msg i suppose 2 put in e sim archive. Haiz... I so sad...,die accidentally deleted e msg suppose put e sim archive haiz sad,0
spam,"Welcome to UK-mobile-date this msg is FREE giving you free calling to 08719839835. Future mgs billed at 150p daily. To cancel send \go stop\"" to 89123""",welcome ukmobiledate msg free giving free calling future mg billed p daily cancel send go stop,1
ham,This is wishing you a great day. Moji told me about your offer and as always i was speechless. You offer so easily to go to great lengths on my behalf and its stunning. My exam is next friday. After that i will keep in touch more. Sorry.,wishing great day moji told offer always speechless offer easily go great length behalf stunning exam next friday keep touch sorry,0
ham,"Thanks again for your reply today. When is ur visa coming in. And r u still buying the gucci and bags. My sister things are not easy, uncle john also has his own bills so i really need to think about how to make my own money. Later sha.",thanks reply today ur visa coming r u still buying gucci bag sister thing easy uncle john also bill really need think make money later sha,0
ham,"Sorry I flaked last night, shit's seriously goin down with my roommate, what you up to tonight?",sorry flaked last night shit seriously goin roommate tonight,0
ham,He said i look pretty wif long hair wat. But i thk he's cutting quite short 4 me leh.,said look pretty wif long hair wat thk he cutting quite short leh,0
ham,"\CHEERS FOR CALLIN BABE.SOZI CULDNT TALKBUT I WANNATELL U DETAILS LATER WENWECAN CHAT PROPERLY X\""""",cheer callin babesozi culdnt talkbut wannatell u detail later wenwecan chat properly x,0
ham,Hey u still at the gym?,hey u still gym,0
ham,Much better now thanks lol,much better thanks lol,0
ham,"Nothing, smsing u n xy lor. Sorry lor da guys neva c u in person but they sort of know u lor. So u wan 2 meet them xy ask me 2 bring u along 4 our next meeting.",nothing smsing u n xy lor sorry lor da guy neva c u person sort know u lor u wan meet xy ask bring u along next meeting,0
ham,"Lemme know when I can swing by and pick up, I'm free basically any time after 1 all this semester",lemme know swing pick im free basically time semester,0
ham,Wa... U so efficient... Gee... Thanx...,wa u efficient gee thanx,0
spam,3. You have received your mobile content. Enjoy,received mobile content enjoy,1
ham,S but not able to sleep.,able sleep,0
spam,Want explicit SEX in 30 secs? Ring 02073162414 now! Costs 20p/min,want explicit sex sec ring cost pmin,1
ham,We will meet soon princess! Ttyl!,meet soon princess ttyl,0
ham,I'll pick you up at about 5.15pm to go to taunton if you still want to come.,ill pick pm go taunton still want come,0
ham,Oh :-)only 4 outside players allowed to play know,oh outside player allowed play know,0
ham,Erutupalam thandiyachu,erutupalam thandiyachu,0
ham,"Y cant u try new invention to fly..i'm not joking.,",cant u try new invention flyim joking,0
ham,No..its ful of song lyrics..,noits ful song lyric,0
ham,"What do u reckon as need 2 arrange transport if u can't do it, thanks",u reckon need arrange transport u cant thanks,0
ham,True lov n care wil nevr go unrecognized. though somone often makes mistakes when valuing it. but they will definitly undrstnd once when they start missing it.,true lov n care wil nevr go unrecognized though somone often make mistake valuing definitly undrstnd start missing,0
ham,Shopping? Eh ger i toking abt syd leh...Haha,shopping eh ger toking abt syd lehhaha,0
ham,What not under standing.,standing,0
ham,have * good weekend.,good weekend,0
ham,Miss call miss call khelate kintu opponenter miss call dhorte lage. Thats d rule. One with great phone receiving quality wins.,miss call miss call khelate kintu opponenter miss call dhorte lage thats rule one great phone receiving quality win,0
ham,Call me when you get the chance plz &lt;3,call get chance plz lt,0
ham,The new deus ex game comin early next yr,new deus ex game comin early next yr,0
ham,My computer just fried the only essential part we don't keep spares of because my fucking idiot roommates looovvve leaving the thing running on full  &lt;#&gt; /7,computer fried essential part dont keep spare fucking idiot roommate looovvve leaving thing running full ltgt,0
ham,"My friend, she's studying at warwick, we've planned to go shopping and to concert tmw, but it may be canceled, havn't seen  for ages, yeah we should get together sometime!",friend shes studying warwick weve planned go shopping concert tmw may canceled havnt seen age yeah get together sometime,0
ham,Probably a couple hours tops,probably couple hour top,0
ham,"LOL .. *grins* .. I'm not babe, but thanks for thinking of me!",lol grin im babe thanks thinking,0
ham,Man this bus is so so so slow. I think you're gonna get there before me,man bus slow think youre gonna get,0
ham,Hope this text meets you smiling. If not then let this text give you a reason to smile. Have a beautiful day.,hope text meet smiling let text give reason smile beautiful day,0
ham,"In case you wake up wondering where I am, I forgot I have to take care of something for grandma today, should be done before the parade",case wake wondering forgot take care something grandma today done parade,0
spam,"Latest Nokia Mobile or iPOD MP3 Player +å£400 proze GUARANTEED! Reply with: WIN to 83355 now! Norcorp Ltd.å£1,50/Mtmsgrcvd18+",latest nokia mobile ipod mp player proze guaranteed reply win norcorp ltdmtmsgrcvd,1
spam,"SMS SERVICES. for your inclusive text credits, pls goto www.comuk.net login= 3qxj9 unsubscribe with STOP, no extra charge. help 08702840625.COMUK. 220-CM2 9AE",sm service inclusive text credit pls goto login qxj unsubscribe stop extra charge help comuk cm ae,1
ham,Nvm take ur time.,nvm take ur time,0
ham,So wat's da decision?,wats da decision,0
ham,Wot is u up 2 then bitch?,wot u bitch,0
ham,She told to hr that he want posting in chennai:)because i'm working here:),told hr want posting chennaibecause im working,0
spam,Mobile Club: Choose any of the top quality items for your mobile. 7cfca1a,mobile club choose top quality item mobile cfcaa,1
ham,When are you guys leaving?,guy leaving,0
ham,He neva grumble but i sad lor... Hee... Buy tmr lor aft lunch. But we still meetin 4 lunch tmr a not. Neva hear fr them lei. ÌÏ got a lot of work ar?,neva grumble sad lor hee buy tmr lor aft lunch still meetin lunch tmr neva hear fr lei got lot work ar,0
ham,Not able to do anything.,able anything,0
ham,ÌÏ takin linear algebra today?,takin linear algebra today,0
ham,This weekend is fine (an excuse not to do too much decorating),weekend fine excuse much decorating,0
ham,"Sorry I missed you babe. I was up late and slept in. I hope you enjoy your driving lesson, boytoy. I miss you too ... *teasing kiss*",sorry missed babe late slept hope enjoy driving lesson boytoy miss teasing kiss,0
ham,Now project pa. After that only i can come.,project pa come,0
spam,Money i have won wining number 946 wot do i do next,money wining number wot next,1
ham,"Sure, whenever you show the fuck up &gt;:(",sure whenever show fuck gt,0
ham,That was random saw my old roomate on campus. He graduated,random saw old roomate campus graduated,0
ham,"Men always needs a beautiful, intelligent, caring, loving, adjustable, cooperative wife. But the law allows only one wife....",men always need beautiful intelligent caring loving adjustable cooperative wife law allows one wife,0
ham,That sucks. So what do you got planned for your yo valentine? I am your yo valentine aren't I?,suck got planned yo valentine yo valentine arent,0
ham,"Just got part Nottingham - 3 hrs 63miles. Good thing i love my man so much, but only doing 40mph. Hey ho",got part nottingham hr mile good thing love man much mph hey ho,0
ham,What to think no one saying clearly. Ok leave no need to ask her. I will go if she come or not,think one saying clearly ok leave need ask go come,0
ham,Hi good mornin.. Thanku wish u d same..,hi good mornin thanku wish u,0
ham,DO U WANT 2 MEET UP 2MORRO,u want meet morro,0
ham,Actually I decided I was too hungry so I haven't left yet :V,actually decided hungry havent left yet v,0
ham,I've sent Ì_ my part..,ive sent part,0
ham,Cos i was out shopping wif darren jus now n i called him 2 ask wat present he wan lor. Then he started guessing who i was wif n he finally guessed darren lor.,co shopping wif darren jus n called ask wat present wan lor started guessing wif n finally guessed darren lor,0
spam,"I want some cock! My hubby's away, I need a real man 2 satisfy me. Txt WIFE to 89938 for no strings action. (Txt STOP 2 end, txt rec å£1.50ea. OTBox 731 LA1 7WS. )",want cock hubby away need real man satisfy txt wife string action txt stop end txt rec ea otbox la w,1
ham,Understand. his loss is my gain :) so do you work? School?,understand loss gain work school,0
ham,HOW ARE U? I HAVE MISSED U! I HAVENT BEEN UP 2 MUCH A BIT BORED WITH THE HOLIDAY WANT 2 GO BAK 2 COLLEGE! SAD ISNT IT?xx,u missed u havent much bit bored holiday want go bak college sad isnt itxx,0
ham,"Hiya, probably coming home * weekend after next",hiya probably coming home weekend next,0
ham,Don't forget though that I love you .... And I walk beside you. Watching over you and keeping your heart warm.,dont forget though love walk beside watching keeping heart warm,0
ham,I wish things were different. I wonder when i will be able to show you how much i value you. Pls continue the brisk walks no drugs without askin me please and find things to laugh about. I love you dearly.,wish thing different wonder able show much value pls continue brisk walk drug without askin please find thing laugh love dearly,0
ham,Ok both our days. So what are you making for dinner tonite? Am I invited?,ok day making dinner tonite invited,0
spam,Gr8 new service - live sex video chat on your mob - see the sexiest dirtiest girls live on ur phone - 4 details text horny to 89070 to cancel send STOP to 89070,gr new service live sex video chat mob see sexiest dirtiest girl live ur phone detail text horny cancel send stop,1
ham,I have no money 4 steve mate! !,money steve mate,0
ham,IM LATE TELLMISS IM ON MY WAY,im late tellmiss im way,0
ham,Normally i use to drink more water daily:),normally use drink water daily,0
ham,Dare i ask... Any luck with sorting out the car?,dare ask luck sorting car,0
ham,"Party's at my place at usf, no charge (but if you can contribute in any way it is greatly appreciated) and yeah, we got room for one more",party place usf charge contribute way greatly appreciated yeah got room one,0
ham,"Urgh, coach hot, smells of chip fat! Thanks again, especially for the duvet (not a predictive text word).",urgh coach hot smell chip fat thanks especially duvet predictive text word,0
ham,Hiya. How was last night? I've been naughty and bought myself clothes and very little ... Ready for more shopping tho! What kind of time do you wanna meet?,hiya last night ive naughty bought clothes little ready shopping tho kind time wanna meet,0
spam,FreeMsg Hi baby wow just got a new cam moby. Wanna C a hot pic? or Fancy a chat?Im w8in 4uTxt / rply CHAT to 82242 Hlp 08712317606 Msg150p 2rcv,freemsg hi baby wow got new cam moby wanna c hot pic fancy chatim win utxt rply chat hlp msgp rcv,1
ham,I've been trying to reach him without success,ive trying reach without success,0
ham,when you and derek done with class?,derek done class,0
ham,Never y lei... I v lazy... Got wat? Dat day Ì_ send me da url cant work one...,never lei v lazy got wat dat day send da url cant work one,0
ham,Never try alone to take the weight of a tear that comes out of ur heart and falls through ur eyes... Always remember a STUPID FRIEND is here to share... BSLVYL,never try alone take weight tear come ur heart fall ur eye always remember stupid friend share bslvyl,0
ham,Hey mate. Spoke to the mag people. WeÛ÷re on.  the is deliver by the end of the month. Deliver on the 24th sept. Talk later. ,hey mate spoke mag people deliver end month deliver th sept talk later,0
ham,"Haha, my friend tyler literally just asked if you could get him a dubsack",haha friend tyler literally asked could get dubsack,0
ham,"\Hey! do u fancy meetin me at 4 at cha åÐ hav a lil beverage on me. if not txt or ring me and we can meet up l8r. quite tired got in at 3 v.pist ;) love Pete x x x\""""",hey u fancy meetin cha hav lil beverage txt ring meet lr quite tired got vpist love pete x x x,0
ham,Great. Have a safe trip. Dont panic surrender all.,great safe trip dont panic surrender,0
ham,"\SYMPTOMS\"" when U are in love: \""1.U like listening songs 2.U get stopped where u see the name of your beloved 3.U won't get angry when your""",symptom u love u like listening song u get stopped u see name beloved u wont get angry,0
ham,Sun ah... Thk mayb can if dun have anythin on... Thk have to book e lesson... E pilates is at orchard mrt u noe hor...  ,sun ah thk mayb dun anythin thk book e lesson e pilate orchard mrt u noe hor,0
ham,Try to do something dear. You read something for exams,try something dear read something exam,0
ham,Gettin rdy to ship comp,gettin rdy ship comp,0
ham,I am in hospital da. . I will return home in evening,hospital da return home evening,0
ham,PISS IS TALKING IS SOMEONE THAT REALISE U THAT POINT THIS AT IS IT.(NOW READ IT BACKWARDS),piss talking someone realise u point itnow read backwards,0
ham,Think + da. You wil do.,think da wil,0
ham,I'm awake oh. What's up.,im awake oh whats,0
ham,Good afternoon my boytoy. How goes that walking here and there day ? Did you get that police abstract? Are you still out and about? I wake and miss you babe,good afternoon boytoy go walking day get police abstract still wake miss babe,0
ham,How much u trying to get?,much u trying get,0
ham,"Come around  &lt;DECIMAL&gt; pm vikky..i'm otside nw, il come by tht time",come around ltdecimalgt pm vikkyim otside nw il come tht time,0
ham,Tell me again what your address is,tell address,0
ham,Should i buy him a blackberry bold 2 or torch. Should i buy him new or used. Let me know. Plus are you saying i should buy the  &lt;#&gt; g wifi ipad. And what are you saying about the about the  &lt;#&gt; g?,buy blackberry bold torch buy new used let know plus saying buy ltgt g wifi ipad saying ltgt g,0
ham,But you were together so you should be thinkin about him,together thinkin,0
ham,hiya hows it going in sunny africa? hope u r avin a good time. give that big old silver back a big kiss from me.,hiya hows going sunny africa hope u r avin good time give big old silver back big kiss,0
ham,At WHAT TIME should i come tomorrow,time come tomorrow,0
spam,Wanna have a laugh? Try CHIT-CHAT on your mobile now! Logon by txting the word: CHAT and send it to No: 8883 CM PO Box 4217 London W1A 6ZF 16+ 118p/msg rcvd,wanna laugh try chitchat mobile logon txting word chat send cm po box london wa zf pmsg rcvd,1
ham,\CHA QUITEAMUZING THATåÕSCOOL BABE,cha quiteamuzing thatscool babe,0
ham,Omg how did u know what I ate?,omg u know ate,0
spam,"\URGENT! This is the 2nd attempt to contact U!U have WON å£1000CALL 09071512432 b4 300603t&csBCM4235WC1N3XX.callcost150ppmmobilesvary. maxå£7. 50\""""",urgent nd attempt contact uu call b tcsbcmwcnxxcallcostppmmobilesvary max,1
ham,Not directly behind... Abt 4 rows behind Ì_...,directly behind abt row behind,0
spam,Congratulations ur awarded 500 of CD vouchers or 125gift guaranteed & Free entry 2 100 wkly draw txt MUSIC to 87066,congratulation ur awarded cd voucher gift guaranteed free entry wkly draw txt music,1
spam,"Had your contract mobile 11 Mnths? Latest Motorola, Nokia etc. all FREE! Double Mins & Text on Orange tariffs. TEXT YES for callback, no to remove from records",contract mobile mnths latest motorola nokia etc free double min text orange tariff text yes callback remove record,1
ham,No plans yet. What are you doing ?,plan yet,0
ham,Hi ....My engagement has been fixd on  &lt;#&gt; th of next month. I know its really shocking bt....hmm njan vilikkam....t ws al of a sudn;-(.,hi engagement fixd ltgt th next month know really shocking bthmm njan vilikkamt w al sudn,0
ham,Not course. Only maths one day one chapter with in one month we can finish.,course math one day one chapter one month finish,0
ham,Wow didn't think it was that common. I take it all back ur not a freak! Unless u chop it off:-),wow didnt think common take back ur freak unless u chop,0
ham,Noooooooo please. Last thing I need is stress. For once in your life be fair.,noooooooo please last thing need stress life fair,0
spam,U have a Secret Admirer who is looking 2 make contact with U-find out who they R*reveal who thinks UR so special-call on 09065171142-stopsms-08718727870150ppm,u secret admirer looking make contact ufind rreveal think ur specialcall stopsmsppm,1
ham,"I'll see if I can swing by in a bit, got some things to take care of here firsg",ill see swing bit got thing take care firsg,0
ham,I wanted to wish you a Happy New Year and I wanted to talk to you about some legal advice to do with when Gary and I split but in person. I'll make a trip to Ptbo for that. I hope everything is good with you babe and I love ya :),wanted wish happy new year wanted talk legal advice gary split person ill make trip ptbo hope everything good babe love ya,0
ham,Have you not finished work yet or something?,finished work yet something,0
ham,Right it wasnt you who phoned it was someone with a number like yours!,right wasnt phoned someone number like,0
ham,It's ok i wun b angry. Msg u aft i come home tonight.,ok wun b angry msg u aft come home tonight,0
ham,I had a good time too. Its nice to do something a bit different with my weekends for a change. See ya soon,good time nice something bit different weekend change see ya soon,0
ham,Yo sorry was in the shower sup,yo sorry shower sup,0
ham,"Carlos is down but I have to pick it up from him, so I'll swing by usf in a little bit",carlos pick ill swing usf little bit,0
ham,Full heat pa:-) i have applyed oil pa.,full heat pa applyed oil pa,0
ham,I'm stuck in da middle of da row on da right hand side of da lt... ,im stuck da middle da row da right hand side da lt,0
ham,Have you laid your airtel line to rest?,laid airtel line rest,0
ham,Hi did u decide wot 2 get 4 his bday if not ill prob jus get him a voucher frm virgin or sumfing ,hi u decide wot get bday ill prob jus get voucher frm virgin sumfing,0
spam,FreeMsg: Txt: CALL to No: 86888 & claim your reward of 3 hours talk time to use from your phone now! Subscribe6GBP/mnth inc 3hrs 16 stop?txtStop,freemsg txt call claim reward hour talk time use phone subscribegbpmnth inc hr stoptxtstop,1
ham,\Hey j! r u feeling any better,hey j r u feeling better,0
ham,And I don't plan on staying the night but I prolly won't be back til late,dont plan staying night prolly wont back til late,0
ham,THANX 4 PUTTIN DA FONE DOWN ON ME!!,thanx puttin da fone,0
ham,"I need an 8th but I'm off campus atm, could I pick up in an hour or two?",need th im campus atm could pick hour two,0
ham,"Oh... Haha... Den we shld had went today too... Gee, nvm la... Kaiez, i dun mind goin jazz oso... Scared hiphop open cant catch up... ",oh haha den shld went today gee nvm la kaiez dun mind goin jazz oso scared hiphop open cant catch,0
ham,Been running but only managed 5 minutes and then needed oxygen! Might have to resort to the roller option!,running managed minute needed oxygen might resort roller option,0
ham,We live in the next  &lt;#&gt; mins,live next ltgt min,0
ham,Y de asking like this.,de asking like,0
ham,Just glad to be talking to you.,glad talking,0
ham,Wat time Ì_ finish?,wat time finish,0
ham,Sorry da. I gone mad so many pending works what to do.,sorry da gone mad many pending work,0
ham,How much you got for cleaning,much got cleaning,0
ham,hows my favourite person today? r u workin hard? couldn't sleep again last nite nearly rang u at 4.30,hows favourite person today r u workin hard couldnt sleep last nite nearly rang u,0
spam,Sunshine Quiz! Win a super Sony DVD recorder if you canname the capital of Australia? Text MQUIZ to 82277. B,sunshine quiz win super sony dvd recorder canname capital australia text mquiz b,1
ham,ÌÏ called dad oredi...,called dad oredi,0
ham,Good. do you think you could send me some pix? I would love to see your top and bottom...,good think could send pix would love see top bottom,0
ham,Nvm... I'm going to wear my sport shoes anyway... I'm going to be late leh.,nvm im going wear sport shoe anyway im going late leh,0
ham,THIS IS A LONG FUCKIN SHOWR,long fuckin showr,0
ham,"Received, understood n acted upon!",received understood n acted upon,0
ham,They finally came to fix the ceiling.,finally came fix ceiling,0
ham,"U need my presnts always bcz U cant mis love. \jeevithathile irulinae neekunna prakasamanu sneham\"" prakasam ennal prabha 'That mns prabha is'LOVE' Got it. Dont mis me....""",u need presnts always bcz u cant mi love jeevithathile irulinae neekunna prakasamanu sneham prakasam ennal prabha mn prabha islove got dont mi,0
ham,Jus finish blowing my hair. U finish dinner already?,jus finish blowing hair u finish dinner already,0
ham,I'm on the bus. Love you,im bus love,0
ham,Lol ... I knew that .... I saw him in the dollar store,lol knew saw dollar store,0
spam,Todays Voda numbers ending with 7634 are selected to receive a å£350 reward. If you have a match please call 08712300220 quoting claim code 7684 standard rates apply.,today voda number ending selected receive reward match please call quoting claim code standard rate apply,1
ham,Only saturday and sunday holiday so its very difficult:),saturday sunday holiday difficult,0
ham,Everybody had fun this evening. Miss you.,everybody fun evening miss,0
ham,"Got hella gas money, want to go on a grand nature adventure with galileo in a little bit?",got hella gas money want go grand nature adventure galileo little bit,0
ham,Oh wow thats gay. Will firmware update help,oh wow thats gay firmware update help,0
ham,These won't do. Have to move on to morphine,wont move morphine,0
ham,How come i din c Ì_... Yup i cut my hair...,come din c yup cut hair,0
ham,K k pa Had your lunch aha.,k k pa lunch aha,0
ham,Captain vijaykanth is doing comedy in captain tv..he is drunken :),captain vijaykanth comedy captain tvhe drunken,0
ham,Of course. I guess god's just got me on hold right now.,course guess god got hold right,0
ham,Do you hide anythiing or keeping distance from me,hide anythiing keeping distance,0
ham,Havent.,havent,0
spam,You are being ripped off! Get your mobile content from www.clubmoby.com call 08717509990 poly/true/Pix/Ringtones/Games six downloads for only 3,ripped get mobile content call polytruepixringtonesgames six downloads,1
ham,Sorry i din lock my keypad.,sorry din lock keypad,0
ham,Are you planning to come chennai?,planning come chennai,0
spam,We tried to contact you re your reply to our offer of a Video Phone 750 anytime any network mins Half Price Line Rental Camcorder Reply or call 08000930705,tried contact reply offer video phone anytime network min half price line rental camcorder reply call,1
ham,God created gap btwn ur fingers so dat sum1 vry special will fill those gaps by holding ur hands.. Now plz dont ask y he created so much gap between legs !!!,god created gap btwn ur finger dat sum vry special fill gap holding ur hand plz dont ask created much gap leg,0
ham,We are okay. Going to sleep now. Later,okay going sleep later,0
ham,"Finally it has happened..! Aftr decades..! BEER is now cheaper than PETROL! The goverment expects us to \DRINK\"". . . But don't \""DRIVE \""""",finally happened aftr decade beer cheaper petrol goverment expects u drink dont drive,0
spam,A å£400 XMAS REWARD IS WAITING FOR YOU! Our computer has randomly picked you from our loyal mobile customers to receive a å£400 reward. Just call 09066380611 ,xmas reward waiting computer randomly picked loyal mobile customer receive reward call,1
ham,Where r e meeting tmr?,r e meeting tmr,0
ham,Lol yes. But it will add some spice to your day.,lol yes add spice day,0
ham,Our Prasanth ettans mother passed away last night. Just pray for her and family.,prasanth ettans mother passed away last night pray family,0
ham,"K, I'll work something out",k ill work something,0
ham,This message is from a great Doctor in India:-): 1) Do not drink APPY FIZZ. It contains Cancer causing age,message great doctor india drink appy fizz contains cancer causing age,0
ham,You call him and tell now infront of them. Call him now.,call tell infront call,0
ham,Ok no prob...,ok prob,0
ham,Ladies first and genus second k .,lady first genus second k,0
ham,No. Yes please. Been swimming?,yes please swimming,0
ham,Mum not going robinson already.,mum going robinson already,0
ham,Ok set let u noe e details later...,ok set let u noe e detail later,0
ham,Not..tel software name..,nottel software name,0
ham,I send the print  outs da.,send print out da,0
ham,IM REALY SOZ IMAT MY MUMS 2NITE WHAT ABOUT 2MORO ,im realy soz imat mum nite moro,0
ham,"When I was born, GOD said, \Oh No! Another IDIOT\"". When you were born",born god said oh another idiot born,0
ham,"I didnt get ur full msg..sometext is missing, send it again",didnt get ur full msgsometext missing send,0
ham,"Probably not, I'm almost out of gas and I get some cash tomorrow",probably im almost gas get cash tomorrow,0
ham,I forgot 2 ask Ì_ all smth.. There's a card on da present lei... How? ÌÏ all want 2 write smth or sign on it?,forgot ask smth there card da present lei want write smth sign,0
spam,"Hi babe its Chloe, how r u? I was smashed on saturday night, it was great! How was your weekend? U been missing me? SP visionsms.com Text stop to stop 150p/text",hi babe chloe r u smashed saturday night great weekend u missing sp visionsmscom text stop stop ptext,1
ham,ÌÏ ready then call me...,ready call,0
ham,Wewa is 130. Iriver 255. All 128 mb.,wewa iriver mb,0
ham,It is a good thing I'm now getting the connection to bw,good thing im getting connection bw,0
ham,Sry da..jst nw only i came to home..,sry dajst nw came home,0
ham,"That's cool he'll be here all night, lemme know when you're around",thats cool hell night lemme know youre around,0
ham,Are you staying in town ?,staying town,0
ham,"Haha yeah, 2 oz is kind of a shitload",haha yeah oz kind shitload,0
ham,Ok u can take me shopping when u get paid =D,ok u take shopping u get paid,0
ham,"Alright we'll bring it to you, see you in like  &lt;#&gt;  mins",alright well bring see like ltgt min,0
ham,But pls dont play in others life.,pls dont play others life,0
ham,Eatin my lunch...,eatin lunch,0
ham,Hmmm.but you should give it on one day..,hmmmbut give one day,0
ham,"Didn't try, g and I decided not to head out",didnt try g decided head,0
ham,Surly ill give it to you:-) while coming to review.,surly ill give coming review,0
ham,"By march ending, i should be ready. But will call you for sure. The problem is that my capital never complete. How far with you. How's work and the ladies",march ending ready call sure problem capital never complete far hows work lady,0
ham,Pls give her the food preferably pap very slowly with loads of sugar. You can take up to an hour to give it. And then some water. Very very slowly.,pls give food preferably pap slowly load sugar take hour give water slowly,0
ham,A guy who gets used but is too dumb to realize it.,guy get used dumb realize,0
ham,"Okey dokey, iÛ÷ll be over in a bit just sorting some stuff out.",okey dokey ill bit sorting stuff,0
ham,Yes fine ,yes fine,0
ham,I liked the new mobile,liked new mobile,0
ham,Anytime...,anytime,0
ham,Mmmmmmm *snuggles into you* ...*deep contented sigh* ... *whispers* ... I fucking love you so much I can barely stand it ...,mmmmmmm snuggle deep contented sigh whisper fucking love much barely stand,0
ham,Yar but they say got some error.,yar say got error,0
ham,Hey anyway i have to :-),hey anyway,0
ham,Wow so healthy. Old airport rd lor. Cant thk of anything else. But i'll b bathing my dog later.,wow healthy old airport rd lor cant thk anything else ill b bathing dog later,0
ham,Wif my family booking tour package.,wif family booking tour package,0
ham,"Did you say bold, then torch later. Or one torch and 2bold?",say bold torch later one torch bold,0
ham,"Haha awesome, I might need to take you up on that, what you doin tonight?",haha awesome might need take doin tonight,0
ham,Ya i knw u vl giv..its ok thanks kano..anyway enjoy wit ur family wit 1st salary..:-);-),ya knw u vl givits ok thanks kanoanyway enjoy wit ur family wit st salary,0
ham,Huh so slow i tot u reach long ago liao... U 2 more days only i 4 more leh...,huh slow tot u reach long ago liao u day leh,0
ham,Thats cool princess! I will cover your face in hot sticky cum :),thats cool princess cover face hot sticky cum,0
ham,Big brotherÛ÷s really scraped the barrel with this shower of social misfits,big brother really scraped barrel shower social misfit,0
ham,Oops i thk i dun haf enuff... I go check then tell Ì_..,oops thk dun haf enuff go check tell,0
ham,S:)8 min to go for lunch:),min go lunch,0
ham,"Hey. What happened? U switch off ur cell d whole day. This isnt good. Now if u do care, give me a call tomorrow.",hey happened u switch ur cell whole day isnt good u care give call tomorrow,0
ham,"K will do, addie &amp; I are doing some art so I'll be here when you get home",k addie amp art ill get home,0
ham,"Aiyo... Her lesson so early... I'm still sleepin, haha... Okie, u go home liao den confirm w me lor...",aiyo lesson early im still sleepin haha okie u go home liao den confirm w lor,0
ham,Forgot to tell Ì_ smth.. Can Ì_ like number the sections so that it's clearer..,forgot tell smth like number section clearer,0
ham,"Yup. Anything lor, if u dun wan it's ok...",yup anything lor u dun wan ok,0
ham,"I'm home, my love ... If your still awake ... *loving kiss*",im home love still awake loving kiss,0
ham,HELLO PEACH! MY CAKE TASTS LUSH!,hello peach cake tasts lush,0
spam,"FREE GAME. Get Rayman Golf 4 FREE from the O2 Games Arcade. 1st get UR games settings. Reply POST, then save & activ8. Press 0 key for Arcade. Termsapply",free game get rayman golf free game arcade st get ur game setting reply post save activ press key arcade termsapply,1
ham,"There'll be a minor shindig at my place later tonight, you interested?",therell minor shindig place later tonight interested,0
ham,Jason says it's cool if we pick some up from his place in like an hour,jason say cool pick place like hour,0
spam,"Had your mobile 10 mths? Update to the latest Camera/Video phones for FREE. KEEP UR SAME NUMBER, Get extra free mins/texts. Text YES for a call",mobile mths update latest cameravideo phone free keep ur number get extra free minstexts text yes call,1
ham,I (Career Tel) have added u as a contact on INDYAROCKS.COM to send FREE SMS. To remove from phonebook - sms NO to  &lt;#&gt;,career tel added u contact indyarockscom send free sm remove phonebook sm ltgt,0
ham,I've reached already.,ive reached already,0
ham,I dont know ask to my brother. Nothing problem some thing that. Just i told .,dont know ask brother nothing problem thing told,0
ham,K:)eng rocking in ashes:),keng rocking ash,0
ham,Wat time r Ì_ going to xin's hostel?,wat time r going xins hostel,0
ham,Good Morning my Dear Shijutta........... Have a great &amp; successful day.,good morning dear shijutta great amp successful day,0
ham,Oh k:)after that placement there ah?,oh kafter placement ah,0
ham,"Not for possession, especially not first offense",possession especially first offense,0
ham,"Nt only for driving even for many reasons she is called BBD..thts it chikku, then hw abt dvg cold..heard tht vinobanagar violence hw is the condition..and hw ru ? Any problem?",nt driving even many reason called bbdthts chikku hw abt dvg coldheard tht vinobanagar violence hw conditionand hw ru problem,0
ham,I bought the test yesterday. Its something that lets you know the exact day u ovulate.when will get 2u in about 2 to 3wks. But pls pls dont fret. I know u r worried. Pls relax. Also is there anything in ur past history u need to tell me?,bought test yesterday something let know exact day u ovulatewhen get u wks pls pls dont fret know u r worried pls relax also anything ur past history u need tell,0
ham,We have pizza if u want,pizza u want,0
ham,"I keep seeing weird shit and bein all \woah\"" then realising it's actually reasonable and I'm all \""oh\""""",keep seeing weird shit bein woah realising actually reasonable im oh,0
ham,Many more happy returns of the day. I wish you happy birthday.,many happy return day wish happy birthday,0
ham,"\Thinking of u ;) x\""""",thinking u x,0
ham,Orh i tot u say she now still dun believe.,orh tot u say still dun believe,0
ham,"When you just put in the + sign, choose my number and the pin will show. Right?",put sign choose number pin show right,0
ham,The beauty of life is in next second.. which hides thousands of secrets. I wish every second will be wonderful in ur life...!! gud n8,beauty life next second hide thousand secret wish every second wonderful ur life gud n,0
ham,Thanx u darlin!im cool thanx. A few bday drinks 2 nite. 2morrow off! Take care c u soon.xxx,thanx u darlinim cool thanx bday drink nite morrow take care c u soonxxx,0
ham,"If you're still up, maybe leave the credit card so I can get gas when I get back like he told me to",youre still maybe leave credit card get gas get back like told,0
spam,Your weekly Cool-Mob tones are ready to download !This weeks new Tones include: 1) Crazy Frog-AXEL F>>> 2) Akon-Lonely>>> 3) Black Eyed-Dont P >>>More info in n,weekly coolmob tone ready download week new tone include crazy frogaxel f akonlonely black eyeddont p info n,1
ham,Well boy am I glad G wasted all night at applebees for nothing,well boy glad g wasted night applebees nothing,0
spam,Cashbin.co.uk (Get lots of cash this weekend!) www.cashbin.co.uk Dear Welcome to the weekend We have got our biggest and best EVER cash give away!! These..,cashbincouk get lot cash weekend dear welcome weekend got biggest best ever cash give away,1
ham,Ok lor... Or u wan me go look 4 u?,ok lor u wan go look u,0
ham,U wan 2 haf lunch i'm in da canteen now.,u wan haf lunch im da canteen,0
ham,Don't make life too stressfull.. Always find time to Laugh.. It may not add years to your Life! But surely adds more life to ur years!! Gud ni8..swt dreams..,dont make life stressfull always find time laugh may add year life surely add life ur year gud niswt dream,0
ham,"hey, looks like I was wrong and one of the kappa guys numbers is still on my phone, if you want I can text him and see if he's around",hey look like wrong one kappa guy number still phone want text see he around,0
spam,Thanks 4 your continued support Your question this week will enter u in2 our draw 4 å£100 cash. Name the NEW US President? txt ans to 80082,thanks continued support question week enter u draw cash name new u president txt an,1
ham,I'm home. Doc gave me pain meds says everything is fine.,im home doc gave pain med say everything fine,0
ham,It's Ì© only $140 ard...Ìä rest all ard $180 at least...Which is Ì© price 4 Ì© 2 bedrm ($900),ard rest ard leastwhich price bedrm,0
ham,Me too! Have a lovely night xxx,lovely night xxx,0
ham,Prepare to be pleasured :),prepare pleasured,0
ham,Hi.:)technical support.providing assistance to us customer through call and email:),hitechnical supportproviding assistance u customer call email,0
ham,if you text on your way to cup stop that should work. And that should be BUS,text way cup stop work bus,0
ham,Whens your radio show?,whens radio show,0
spam,Your unique user ID is 1172. For removal send STOP to 87239 customer services 08708034412,unique user id removal send stop customer service,1
ham,I'm not sure if its still available though,im sure still available though,0
ham,watever reLation u built up in dis world only thing which remains atlast iz lonlines with lotz n lot memories! feeling..,watever relation u built dis world thing remains atlast iz lonlines lotz n lot memory feeling,0
ham,CHEERS LOU! YEAH WAS A GOODNITE SHAME U NEVA CAME! C YA GAILxx,cheer lou yeah goodnite shame u neva came c ya gailxx,0
ham,Hi..i got the money da:),hii got money da,0
ham,Ok then u tell me wat time u coming later lor.,ok u tell wat time u coming later lor,0
ham,U repeat e instructions again. Wat's e road name of ur house?,u repeat e instruction wats e road name ur house,0
ham,Quite lor. But dun tell him wait he get complacent...,quite lor dun tell wait get complacent,0
ham,Sorry completely forgot * will pop em round this week if your still here?,sorry completely forgot pop em round week still,0
ham,U R THE MOST BEAUTIFUL GIRL IVE EVER SEEN. U R MY BABY COME AND C ME IN THE COMMON ROOM,u r beautiful girl ive ever seen u r baby come c common room,0
ham,O we cant see if we can join denis and mina? Or does denis want alone time,cant see join denis mina denis want alone time,0
ham,Sen told that he is going to join his uncle finance in cbe,sen told going join uncle finance cbe,0
ham,Yup... Hey then one day on fri we can ask miwa and jiayin take leave go karaoke ,yup hey one day fri ask miwa jiayin take leave go karaoke,0
ham,"Call me, i am senthil from hsbc.",call senthil hsbc,0
ham,"Especially since i talk about boston all up in my personal statement, lol! I woulda changed that if i had realized it said nyc! It says boston now.",especially since talk boston personal statement lol woulda changed realized said nyc say boston,0
ham,Indeed and by the way it was either or - not both !,indeed way either,0
ham,Holy living christ what is taking you so long,holy living christ taking long,0
ham,ÌÏ thk of wat to eat tonight.,thk wat eat tonight,0
ham,"Thanx. Yup we coming back on sun. Finish dinner going back 2 hotel now. Time flies, we're tog 4 exactly a mth today. Hope we'll haf many more mths to come...",thanx yup coming back sun finish dinner going back hotel time fly tog exactly mth today hope well haf many mths come,0
ham,We're on the opposite side from where we dropped you off,opposite side dropped,0
ham,Yup. Izzit still raining heavily cos i'm in e mrt i can't c outside.,yup izzit still raining heavily co im e mrt cant c outside,0
ham,Send me your resume:-),send resume,0
ham,Gd luck 4 ur exams :-),gd luck ur exam,0
ham,Or u ask they all if next sat can a not. If all of them can make it then i'm ok lor.,u ask next sat make im ok lor,0
ham,Sorry that was my uncle. I.ll keep in touch,sorry uncle ill keep touch,0
ham,Saw Guys and Dolls last night with Patrick Swayze it was great,saw guy doll last night patrick swayze great,0
spam,URGENT This is our 2nd attempt to contact U. Your å£900 prize from YESTERDAY is still awaiting collection. To claim CALL NOW 09061702893,urgent nd attempt contact u prize yesterday still awaiting collection claim call,1
spam,Santa calling! Would your little ones like a call from Santa Xmas Eve? Call 09077818151 to book you time. Calls1.50ppm last 3mins 30s T&C www.santacalling.com,santa calling would little one like call santa xmas eve call book time callsppm last min tc,1
ham,Just come home. I don't want u to be miserable,come home dont want u miserable,0
ham,I dont know why she.s not getting your messages,dont know shes getting message,0
ham,"its cool but tyler had to take off so we're gonna buy for him and drop it off at his place later tonight. Our total order is a quarter, you got enough?",cool tyler take gonna buy drop place later tonight total order quarter got enough,0
ham,"The guy at the car shop who was flirting with me got my phone number from the paperwork and called and texted me. I'm nervous because of course now he may have my address. Should i call his boss and tell him, knowing this may get him fired?",guy car shop flirting got phone number paperwork called texted im nervous course may address call bos tell knowing may get fired,0
ham,How do you plan to manage that,plan manage,0
ham,"Er, hello, things didnÛ÷t quite go to plan ÛÒ is limping slowly home followed by aa and with exhaust hanging off",er hello thing didnt quite go plan limping slowly home followed aa exhaust hanging,0
ham,Sorry for the delay. Yes masters,sorry delay yes master,0
ham,Call me when u finish then i come n pick u.,call u finish come n pick u,0
ham,What's up my own oga. Left my phone at home and just saw ur messages. Hope you are good. Have a great weekend.,whats oga left phone home saw ur message hope good great weekend,0
ham,"Don't worry though, I understand how important it is that I be put in my place with a poorly thought out punishment in the face of the worst thing that has ever happened to me. Brb gonna go kill myself",dont worry though understand important put place poorly thought punishment face worst thing ever happened brb gonna go kill,0
ham,"Honey, can you pls find out how much they sell Predicte in Nigeria. And how many times can it be used. Its very important to have a reply before monday",honey pls find much sell predicte nigeria many time used important reply monday,0
ham,E admin building there? I might b slightly earlier... I'll call u when i'm reaching...,e admin building might b slightly earlier ill call u im reaching,0
ham,"fyi I'm at usf now, swing by the room whenever",fyi im usf swing room whenever,0
ham,i can call in  &lt;#&gt;  min if thats ok,call ltgt min thats ok,0
ham,ÌÏ no home work to do meh... ,home work meh,0
ham,Anything is valuable in only 2 situations: First- Before getting it... Second- After loosing it...,anything valuable situation first getting second loosing,0
ham,Me too. Mark is taking forever to pick up my prescription and the pain is coming back.,mark taking forever pick prescription pain coming back,0
ham,How's ur paper?,hows ur paper,0
ham,Got smaller capacity one? Quite ex...,got smaller capacity one quite ex,0
spam,Check Out Choose Your Babe Videos @ sms.shsex.netUN fgkslpoPW fgkslpo,check choose babe video smsshsexnetun fgkslpopw fgkslpo,1
ham,Im good! I have been thinking about you...,im good thinking,0
spam,u r a winner U ave been specially selected 2 receive å£1000 cash or a 4* holiday (flights inc) speak to a live operator 2 claim 0871277810710p/min (18 ),u r winner u ave specially selected receive cash holiday flight inc speak live operator claim pmin,1
ham,Not thought bout it... || Drink in tap & spile at seven. || Is that pub on gas st off broad st by canal. || Ok?,thought bout drink tap spile seven pub gas st broad st canal ok,0
ham,I am going to sleep. I am tired of travel.,going sleep tired travel,0
ham,"Haha, just what I was thinkin",haha thinkin,0
ham,Yup but it's not giving me problems now so mayb i'll jus leave it...,yup giving problem mayb ill jus leave,0
ham,Lol no. Just trying to make your day a little more interesting,lol trying make day little interesting,0
ham,"How long before you get reply, just defer admission til next semester",long get reply defer admission til next semester,0
ham,"The word \Checkmate\"" in chess comes from the Persian phrase \""Shah Maat\"" which means; \""the king is dead..\"" Goodmorning.. Have a good day..:)""",word checkmate chess come persian phrase shah maat mean king dead goodmorning good day,0
ham,Po de :-):):-):-):-). No need job aha.,po de need job aha,0
ham,Rats. Hey did u ever vote for the next themes?,rat hey u ever vote next theme,0
spam,"New Mobiles from 2004, MUST GO! Txt: NOKIA to No: 89545 & collect yours today! From ONLY å£1. www.4-tc.biz 2optout 087187262701.50gbp/mtmsg18 TXTAUCTION.",new mobile must go txt nokia collect today optout gbpmtmsg txtauction,1
ham,I hope your pee burns tonite.,hope pee burn tonite,0
ham,"OH RITE. WELL IM WITH MY BEST MATE PETE, WHO I WENT OUT WITH 4 A WEEK+ NOW WERE 2GEVA AGAIN. ITS BEEN LONGER THAN A WEEK.",oh rite well im best mate pete went week geva longer week,0
ham,Yay can't wait to party together!,yay cant wait party together,0
ham,....photoshop makes my computer shut down.,photoshop make computer shut,0
ham,All boys made fun of me today. Ok i have no problem. I just sent one message just for fun,boy made fun today ok problem sent one message fun,0
ham,That's one of the issues but california is okay. No snow so its manageable,thats one issue california okay snow manageable,0
ham,"Hmmm.... Mayb can try e shoppin area one, but forgot e name of hotel...",hmmm mayb try e shoppin area one forgot e name hotel,0
ham,"Awesome, that gonna be soon or later tonight?",awesome gonna soon later tonight,0
ham,I need details about that online job.,need detail online job,0
ham,Missing you too.pray inshah allah,missing toopray inshah allah,0
ham,Pls help me tell Ashley that i cant find her number oh,pls help tell ashley cant find number oh,0
ham,S.this will increase the chance of winning.,sthis increase chance winning,0
ham,either way works for me. I am  &lt;#&gt;  years old. Hope that doesnt bother you.,either way work ltgt year old hope doesnt bother,0
ham,Maybe you should find something else to do instead???,maybe find something else instead,0
ham,Gain the rights of a wife.dont demand it.i am trying as husband too.Lets see,gain right wifedont demand iti trying husband toolets see,0
ham,I liked your new house,liked new house,0
ham,I'm fine. Hope you are also,im fine hope also,0
ham,"Also north carolina and texas atm, you would just go to the gre site and pay for the test results to be sent.",also north carolina texas atm would go gre site pay test result sent,0
ham,yes baby! I need to stretch open your pussy!,yes baby need stretch open pussy,0
ham,Thanks  and ! Or bomb and date as my phone wanted to say! ,thanks bomb date phone wanted say,0
ham,"Hey, a guy I know is breathing down my neck to get him some bud, anyway you'd be able to get a half track to usf tonight?",hey guy know breathing neck get bud anyway youd able get half track usf tonight,0
ham,"\Response\"" is one of d powerful weapon 2 occupy a place in others 'HEART'... So",response one powerful weapon occupy place others heart,0
ham,Nokia phone is lovly..,nokia phone lovly,0
spam,**FREE MESSAGE**Thanks for using the Auction Subscription Service. 18 . 150p/MSGRCVD 2 Skip an Auction txt OUT. 2 Unsubscribe txt STOP CustomerCare 08718726270,free messagethanks using auction subscription service pmsgrcvd skip auction txt unsubscribe txt stop customercare,1
ham,Sorry da..today i wont come to play..i have driving clas..,sorry datoday wont come playi driving clas,0
ham,I'm really sorry I lit your hair on fire,im really sorry lit hair fire,0
ham,"Oh! Shit, I thought that was your trip! Loooooool ... That just makes SO much more sense now ... *grins* and the sofa reference was ... The \sleep on a couch\"" link you sent me ... Wasn't that how you went on your trip ? Oh ... And didn't your babe go with you for that celebration with your rents?""",oh shit thought trip loooooool make much sense grin sofa reference sleep couch link sent wasnt went trip oh didnt babe go celebration rent,0
ham,Okey dokey swashbuckling stuff what oh.,okey dokey swashbuckling stuff oh,0
ham,1. Tension face 2. Smiling face 3. Waste face 4. Innocent face 5.Terror face 6.Cruel face 7.Romantic face 8.Lovable face 9.decent face  &lt;#&gt; .joker face.,tension face smiling face waste face innocent face terror face cruel face romantic face lovable face decent face ltgt joker face,0
ham,Dip's cell dead. So i m coming with him. U better respond else we shall come back.,dip cell dead coming u better respond else shall come back,0
ham,Well. You know what i mean. Texting,well know mean texting,0
ham,Hi dis is yijue i would be happy to work wif Ì_ all for gek1510...,hi dis yijue would happy work wif gek,0
ham,Lol! Oops sorry! Have fun. ,lol oops sorry fun,0
ham,Wat happened to the cruise thing,wat happened cruise thing,0
ham,"I know dat feelin had it with Pete! Wuld get with em , nuther place nuther time mayb?",know dat feelin pete wuld get em nuther place nuther time mayb,0
spam,lyricalladie(21/F) is inviting you to be her friend. Reply YES-910 or NO-910. See her: www.SMS.ac/u/hmmross STOP? Send STOP FRND to 62468,lyricalladief inviting friend reply yes see stop send stop frnd,1
ham,The world's most happiest frnds never have the same characters... Dey just have the best understanding of their differences...,world happiest frnds never character dey best understanding difference,0
ham,Yeah just open chat and click friend lists. Then make the list. Easy as pie,yeah open chat click friend list make list easy pie,0
ham,alright tyler's got a minor crisis and has to be home sooner than he thought so be here asap,alright tyler got minor crisis home sooner thought asap,0
ham,When/where do I pick you up,whenwhere pick,0
ham,As usual u can call me ard 10 smth.,usual u call ard smth,0
ham,For many things its an antibiotic and it can be used for chest abdomen and gynae infections even bone infections.,many thing antibiotic used chest abdomen gynae infection even bone infection,0
ham,Poor girl can't go one day lmao,poor girl cant go one day lmao,0
ham,Or just do that 6times,time,0
ham,You have to pls make a note of all she.s exposed to. Also find out from her school if anyone else was vomiting. Is there a dog or cat in the house? Let me know later.,pls make note shes exposed also find school anyone else vomiting dog cat house let know later,0
ham,Sounds like there could be a lot of time spent in that chastity device boy ... *grins* ... Or take your beatings like a good dog. Going to lounge in a nice long bath now ?,sound like could lot time spent chastity device boy grin take beating like good dog going lounge nice long bath,0
ham,Its worse if if uses half way then stops. Its better for him to complete it.,worse us half way stop better complete,0
ham,Miserable. They don't tell u that the side effects of birth control are massive gut wrenching cramps for the first 2 months. I didn't sleep at all last night.,miserable dont tell u side effect birth control massive gut wrenching cramp first month didnt sleep last night,0
ham,Send me the new number,send new number,0
spam,Want the latest Video handset? 750 anytime any network mins? Half price line rental? Reply or call 08000930705 for delivery tomorrow,want latest video handset anytime network min half price line rental reply call delivery tomorrow,1
ham,2 and half years i missed your friendship:-),half year missed friendship,0
ham,Oh for fuck's sake she's in like tallahassee,oh fuck sake shes like tallahassee,0
ham,"Haha, that was the first person I was gonna ask",haha first person gonna ask,0
spam,"ou are guaranteed the latest Nokia Phone, a 40GB iPod MP3 player or a å£500 prize! Txt word: COLLECT to No: 83355! IBHltd LdnW15H 150p/Mtmsgrcvd18",ou guaranteed latest nokia phone gb ipod mp player prize txt word collect ibhltd ldnwh pmtmsgrcvd,1
ham,Taka lor. Wat time u wan 2 come n look 4 us?,taka lor wat time u wan come n look u,0
spam,* FREE* POLYPHONIC RINGTONE Text SUPER to 87131 to get your FREE POLY TONE of the week now! 16 SN PoBox202 NR31 7ZS subscription 450pw,free polyphonic ringtone text super get free poly tone week sn pobox nr z subscription pw,1
ham,"\I;m reaching in another 2 stops.\""""",im reaching another stop,0
ham,"no, i *didn't* mean to post it. I wrote it, and like so many other times i've ritten stuff to you, i let it sit there. it WAS what i was feeling at the time. I was angry. Before i left, i hit send, then stop. It wasn't there. I checked on my phone when i got to my car. It wasn't there. You said you didn't sleep, you were bored. So why wouldn't THAT be the time to clean, fold laundry, etc.? At least make the bed?",didnt mean post wrote like many time ive ritten stuff let sit feeling time angry left hit send stop wasnt checked phone got car wasnt said didnt sleep bored wouldnt time clean fold laundry etc least make bed,0
spam,Warner Village 83118 C Colin Farrell in SWAT this wkend @Warner Village & get 1 free med. Popcorn!Just show msg+ticket@kiosk.Valid 4-7/12. C t&c @kiosk. Reply SONY 4 mre film offers,warner village c colin farrell swat wkend warner village get free med popcornjust show msgticketkioskvalid c tc kiosk reply sony mre film offer,1
ham,Will you come online today night,come online today night,0
ham,Then anything special?,anything special,0
ham,"I'm in solihull, | do you want anything?",im solihull want anything,0
ham,Will do. Have a good day,good day,0
ham,WE REGRET TO INFORM U THAT THE NHS HAS MADE A MISTAKE.U WERE NEVER ACTUALLY BORN.PLEASE REPORT 2 YOR LOCAL HOSPITAL 2B TERMINATED.WE R SORRY 4 THE INCONVENIENCE,regret inform u nh made mistakeu never actually bornplease report yor local hospital b terminatedwe r sorry inconvenience,0
ham,Love that holiday Monday feeling even if I have to go to the dentists in an hour,love holiday monday feeling even go dentist hour,0
ham,I am on the way to tirupur.,way tirupur,0
spam,"Goal! Arsenal 4 (Henry, 7 v Liverpool 2 Henry scores with a simple shot from 6 yards from a pass by Bergkamp to give Arsenal a 2 goal margin after 78 mins.",goal arsenal henry v liverpool henry score simple shot yard pas bergkamp give arsenal goal margin min,1
ham,You've already got a flaky parent. It'snot supposed to be the child's job to support the parent...not until they're The Ride age anyway. I'm supposed to be there to support you. And now i've hurt you. unintentional. But hurt nonetheless.,youve already got flaky parent itsnot supposed child job support parentnot theyre ride age anyway im supposed support ive hurt unintentional hurt nonetheless,0
ham,We took hooch for a walk toaday and i fell over! Splat! Grazed my knees and everything! Should have stayed at home! See you tomorrow! ,took hooch walk toaday fell splat grazed knee everything stayed home see tomorrow,0
ham,"Just dropped em off, omw back now",dropped em omw back,0
ham,Sitting in mu waiting for everyone to get out of my suite so I can take a shower,sitting mu waiting everyone get suite take shower,0
ham,Re your call; You didn't see my facebook huh?,call didnt see facebook huh,0
ham,"G says you never answer your texts, confirm/deny",g say never answer text confirmdeny,0
ham,"Its so common hearin How r u? Wat r u doing? How was ur day? So let me ask u something different. Did u smile today? If not, do it now.... Gud evng.",common hearin r u wat r u ur day let ask u something different u smile today gud evng,0
ham,Oh yah... We never cancel leh... Haha ,oh yah never cancel leh haha,0
ham,We can go 4 e normal pilates after our intro...  ,go e normal pilate intro,0
ham,Ok... Let u noe when i leave my house.,ok let u noe leave house,0
ham,"Oh yes, why is it like torture watching england?",oh yes like torture watching england,0
ham,Wanna do some art?! :D,wanna art,0
ham,Just hopeing that wasnÛ÷t too pissed up to remember and has gone off to his sisters or something!,hopeing wasnt pissed remember gone sister something,0
spam,"Hi, the SEXYCHAT girls are waiting for you to text them. Text now for a great night chatting. send STOP to stop this service",hi sexychat girl waiting text text great night chatting send stop stop service,1
ham,"Good morning, my boytoy! How's those yummy lips ? Where's my sexy buns now ? What do you do ? Do you think of me ? Do you crave me ? Do you need me ?",good morning boytoy hows yummy lip wheres sexy bun think crave need,0
ham,Match started.india  &lt;#&gt;  for 2,match startedindia ltgt,0
ham,Once free call me sir.,free call sir,0
ham,Hey do you want anything to buy:),hey want anything buy,0
ham,"Hey babe, how's it going ? Did you ever figure out where your going for New Years ?",hey babe hows going ever figure going new year,0
ham,K..k.:)congratulation ..,kkcongratulation,0
ham,G wants to know where the fuck you are,g want know fuck,0
ham,No it was cancelled yeah baby! Well that sounds important so i understand my darlin give me a ring later on this fone love Kate x,cancelled yeah baby well sound important understand darlin give ring later fone love kate x,0
ham,Tomarrow i want to got to court. At  &lt;DECIMAL&gt; . So you come to bus stand at 9.,tomarrow want got court ltdecimalgt come bus stand,0
ham,ÌÏ go home liao? Ask dad to pick me up at 6...,go home liao ask dad pick,0
ham,Omg you can make a wedding chapel in frontierville? Why do they get all the good stuff?,omg make wedding chapel frontierville get good stuff,0
ham,"I'm eatin now lor, but goin back to work soon... E mountain deer show huh... I watch b4 liao, very nice...",im eatin lor goin back work soon e mountain deer show huh watch b liao nice,0
ham,Check mail.i have mailed varma and kept copy to you regarding membership.take care.insha allah.,check maili mailed varma kept copy regarding membershiptake careinsha allah,0
ham,Wrong phone! This phone! I answer this one but assume the other is people i don't well,wrong phone phone answer one assume people dont well,0
ham,"Anyway I don't think I can secure anything up here, lemme know if you want me to drive down south and chill",anyway dont think secure anything lemme know want drive south chill,0
ham,I'm already back home so no probably not,im already back home probably,0
spam,"Hi this is Amy, we will be sending you a free phone number in a couple of days, which will give you an access to all the adult parties...",hi amy sending free phone number couple day give access adult party,1
ham,I am in bus on the way to calicut,bus way calicut,0
ham,Hi its me you are probably having too much fun to get this message but i thought id txt u cos im bored! and james has been farting at me all night,hi probably much fun get message thought id txt u co im bored james farting night,0
ham,hi baby im sat on the bloody bus at the mo and i wont be home until about 7:30 wanna do somethin later? call me later ortxt back jess xx,hi baby im sat bloody bus mo wont home wanna somethin later call later ortxt back jess xx,0
spam,"Welcome to Select, an O2 service with added benefits. You can now call our specially trained advisors FREE from your mobile by dialling 402.",welcome select service added benefit call specially trained advisor free mobile dialling,1
ham,I lost 4 pounds since my doc visit last week woot woot! Now I'm gonna celebrate by stuffing my face!,lost pound since doc visit last week woot woot im gonna celebrate stuffing face,0
ham,U coming back 4 dinner rite? Dad ask me so i re confirm wif u...,u coming back dinner rite dad ask confirm wif u,0
ham,Doing my masters. When will you buy a bb cos i have for sale and how's bf,master buy bb co sale hows bf,0
ham,"Ahhhh...just woken up!had a bad dream about u tho,so i dont like u right now :) i didnt know anything about comedy night but i guess im up for it.",ahhhhjust woken uphad bad dream u thoso dont like u right didnt know anything comedy night guess im,0
ham,I'm vivek:)i got call from your number.,im viveki got call number,0
ham,Why didn't u call on your lunch?,didnt u call lunch,0
ham,"What i mean was i left too early to check, cos i'm working a 9-6.",mean left early check co im working,0
ham,I want  &lt;#&gt;  rs da:)do you have it?,want ltgt r dado,0
ham,I want to see your pretty pussy...,want see pretty pussy,0
spam,Dear Voucher holder Have your next meal on us. Use the following link on your pc 2 enjoy a 2 4 1 dining experiencehttp://www.vouch4me.com/etlp/dining.asp,dear voucher holder next meal u use following link pc enjoy dining experience,1
ham,"A few people are at the game, I'm at the mall with iouri and kaila",people game im mall iouri kaila,0
spam,You can donate å£2.50 to UNICEF's Asian Tsunami disaster support fund by texting DONATE to 864233. å£2.50 will be added to your next bill,donate unicef asian tsunami disaster support fund texting donate added next bill,1
ham,Future is not what we planned for tomorrow.....! it is the result of what we do today...! Do the best in present... enjoy the future.,future planned tomorrow result today best present enjoy future,0
ham,I will cme i want to go to hos 2morow. After that i wil cme. This what i got from her dear what to do. She didnt say any time,cme want go ho morow wil cme got dear didnt say time,0
ham,We are supposed to meet to discuss abt our trip... Thought xuhui told you? In the afternoon. Thought we can go for lesson after that,supposed meet discus abt trip thought xuhui told afternoon thought go lesson,0
ham,Hey come online! Use msn... We are all there,hey come online use msn,0
ham,I'm fine. Hope you are good. Do take care.,im fine hope good take care,0
ham,Oops I was in the shower when u called. Hey a parking garage collapsed at university hospital. See I'm not crazy. Stuff like that DOES happen.,oops shower u called hey parking garage collapsed university hospital see im crazy stuff like happen,0
ham,Aiyo u so poor thing... Then u dun wan 2 eat? U bathe already?,aiyo u poor thing u dun wan eat u bathe already,0
ham,Yar... I tot u knew dis would happen long ago already.,yar tot u knew dis would happen long ago already,0
ham,You are gorgeous! keep those pix cumming :) thank you!,gorgeous keep pix cumming thank,0
ham,JADE ITS PAUL. Y DIDNåÕT U TXT ME? DO U REMEMBER ME FROM BARMED? I WANT 2 TALK 2 U! TXT ME,jade paul didnt u txt u remember barmed want talk u txt,0
ham,Spending new years with my brother and his family. Lets plan to meet next week. Are you ready to be spoiled? :),spending new year brother family let plan meet next week ready spoiled,0
ham,So what u doing today?,u today,0
ham,I said its okay. Sorry,said okay sorry,0
ham,Slept? I thinkThis time ( &lt;#&gt;  pm) is not dangerous,slept thinkthis time ltgt pm dangerous,0
ham,Networking job is there.,networking job,0
spam,goldviking (29/M) is inviting you to be his friend. Reply YES-762 or NO-762 See him: www.SMS.ac/u/goldviking STOP? Send STOP FRND to 62468,goldviking inviting friend reply yes see stop send stop frnd,1
ham,Dont let studying stress you out. L8r.,dont let studying stress lr,0
ham,That's y u haf 2 keep me busy...,thats u haf keep busy,0
ham,No rushing. I'm not working. I'm in school so if we rush we go hungry.,rushing im working im school rush go hungry,0
ham,Which channel:-):-):):-).,channel,0
ham,So your telling me I coulda been your real Valentine and I wasn't? U never pick me for NOTHING!!,telling coulda real valentine wasnt u never pick nothing,0
spam,Phony å£350 award - Todays Voda numbers ending XXXX are selected to receive a å£350 award. If you have a match please call 08712300220 quoting claim code 3100 standard rates app,phony award today voda number ending xxxx selected receive award match please call quoting claim code standard rate app,1
ham,"We made it! Eta at taunton is 12:30 as planned, hope thatÛ÷s still okday?! Good to see you! :-xx",made eta taunton planned hope thats still okday good see xx,0
ham,I'm hungry buy smth home...,im hungry buy smth home,0
ham,\HEY KATE,hey kate,0
ham,My drive can only be read. I need to write,drive read need write,0
ham,"Just looked it up and addie goes back Monday, sucks to be her",looked addie go back monday suck,0
ham,Happy new year. Hope you are having a good semester,happy new year hope good semester,0
ham,Esplanade lor. Where else...,esplanade lor else,0
ham,Can you talk with me..,talk,0
ham,"Hmph. Go head, big baller.",hmph go head big baller,0
ham,Well its not like you actually called someone a punto. That woulda been worse.,well like actually called someone punto woulda worse,0
ham,"Nope. Since ayo travelled, he has forgotten his guy",nope since ayo travelled forgotten guy,0
ham,You still around? Looking to pick up later,still around looking pick later,0
spam,CDs 4u: Congratulations ur awarded å£500 of CD gift vouchers or å£125 gift guaranteed & Freeentry 2 å£100 wkly draw xt MUSIC to 87066 TnCs www.ldew.com1win150ppmx3age16 ,cd u congratulation ur awarded cd gift voucher gift guaranteed freeentry wkly draw xt music tncs,1
ham,There's someone here that has a year  &lt;#&gt;  toyota camry like mr olayiwola's own. Mileage is  &lt;#&gt; k.its clean but i need to know how much will it sell for. If i can raise the dough for it how soon after landing will it sell. Holla back.,there someone year ltgt toyota camry like mr olayiwolas mileage ltgt kit clean need know much sell raise dough soon landing sell holla back,0
ham,Guess which pub im in? Im as happy as a pig in clover or whatever the saying is! ,guess pub im im happy pig clover whatever saying,0
ham,ILL B DOWN SOON,ill b soon,0
ham,Oh k. . I will come tomorrow,oh k come tomorrow,0
ham,Go fool dont cheat others ok,go fool dont cheat others ok,0
ham,"My mobile number.pls sms ur mail id.convey regards to achan,amma.Rakhesh.Qatar",mobile numberpls sm ur mail idconvey regard achanammarakheshqatar,0
ham,"By the way, 'rencontre' is to meet again. Mountains dont....",way rencontre meet mountain dont,0
ham,U attend ur driving lesson how many times a wk n which day?,u attend ur driving lesson many time wk n day,0
ham,"Uncle G, just checking up on you. Do have a rewarding month",uncle g checking rewarding month,0
ham,Hello boytoy ! Geeee ... I'm missing you today. I like to send you a tm and remind you I'm thinking of you ... And you are loved ... *loving kiss*,hello boytoy geeee im missing today like send tm remind im thinking loved loving kiss,0
ham,I think the other two still need to get cash but we can def be ready by 9,think two still need get cash def ready,0
ham,Hey gals...U all wanna meet 4 dinner at nÌÂte? ,hey galsu wanna meet dinner nte,0
ham,Babe ! What are you doing ? Where are you ? Who are you talking to ? Do you think of me ? Are you being a good boy? Are you missing me? Do you love me ?,babe talking think good boy missing love,0
ham,Great! How is the office today?,great office today,0
ham,"It's cool, we can last a little while. Getting more any time soon?",cool last little getting time soon,0
ham,:-( sad puppy noise,sad puppy noise,0
ham,Yes its possible but dint try. Pls dont tell to any one k,yes possible dint try pls dont tell one k,0
ham,Anyway holla at me whenever you're around because I need an excuse to go creep on people in sarasota,anyway holla whenever youre around need excuse go creep people sarasota,0
ham,Where you. What happen,happen,0
ham,I was gonna ask you lol but i think its at 7,gonna ask lol think,0
spam,Ur cash-balance is currently 500 pounds - to maximize ur cash-in now send GO to 86688 only 150p/meg. CC: 08718720201 HG/Suite342/2lands Row/W1j6HL,ur cashbalance currently pound maximize ur cashin send go pmeg cc hgsuitelands rowwjhl,1
spam,PRIVATE! Your 2003 Account Statement for shows 800 un-redeemed S.I.M. points. Call 08715203685 Identifier Code:4xx26 Expires 13/10/04,private account statement show unredeemed sim point call identifier codexx expires,1
ham,Go chase after her and run her over while she's crossing the street,go chase run shes crossing street,0
spam,I'd like to tell you my deepest darkest fantasies. Call me 09094646631 just 60p/min. To stop texts call 08712460324 (nat rate),id like tell deepest darkest fantasy call pmin stop text call nat rate,1
ham,Hey... Very inconvenient for your sis a not huh?,hey inconvenient si huh,0
ham,Ok i vl..do u know i got adsense approved..,ok vldo u know got adsense approved,0
ham,"* Was really good to see you the other day dudette, been missing you!",really good see day dudette missing,0
ham,I want to go to perumbavoor,want go perumbavoor,0
ham,How many times i told in the stage all use to laugh. You not listen aha.,many time told stage use laugh listen aha,0
ham,(You didn't hear it from me),didnt hear,0
ham,Thanks for being there for me just to talk to on saturday. You are very dear to me. I cherish having you as a brother and role model.,thanks talk saturday dear cherish brother role model,0
ham,Pls clarify back if an open return ticket that i have can be preponed for me to go back to kerala.,pls clarify back open return ticket preponed go back kerala,0
spam,Natalie (20/F) is inviting you to be her friend. Reply YES-165 or NO-165 See her: www.SMS.ac/u/natalie2k9 STOP? Send STOP FRND to 62468,natalie f inviting friend reply yes see stop send stop frnd,1
ham,She ran off with a younger man. we will make pretty babies together :),ran younger man make pretty baby together,0
spam,Jamster! To get your free wallpaper text HEART to 88888 now! T&C apply. 16 only. Need Help? Call 08701213186.,jamster get free wallpaper text heart tc apply need help call,1
ham,O ic lol. Should play 9 doors sometime yo,ic lol play door sometime yo,0
ham,"Dunno, my dad said he coming home 2 bring us out 4 lunch. Yup i go w u lor. I call u when i reach school lor...",dunno dad said coming home bring u lunch yup go w u lor call u reach school lor,0
ham,Desires- u going to doctor 4 liver. And get a bit stylish. Get ur hair managed. Thats it.,desire u going doctor liver get bit stylish get ur hair managed thats,0
ham,Hmmm.still we dont have opener?,hmmmstill dont opener,0
ham,Yeah so basically any time next week you can get away from your mom &amp; get up before 3,yeah basically time next week get away mom amp get,0
ham,I will vote for wherever my heart guides me,vote wherever heart guide,0
ham,With my sis lor... We juz watched italian job.,si lor juz watched italian job,0
ham,"Tick, tick, tick .... Where are you ? I could die of loneliness you know ! *pouts* *stomps feet* I need you ...",tick tick tick could die loneliness know pout stomp foot need,0
ham,Lmao you know me so well...,lmao know well,0
ham,Am on a train back from northampton so i'm afraid not! I'm staying skyving off today ho ho! Will be around wednesday though. Do you fancy the comedy club this week by the way?,train back northampton im afraid im staying skyving today ho ho around wednesday though fancy comedy club week way,0
ham,Goodnight da thangam I really miss u dear.,goodnight da thangam really miss u dear,0
ham,Hey next sun 1030 there's a basic yoga course... at bugis... We can go for that... Pilates intro next sat.... Tell me what time you r free,hey next sun there basic yoga course bugis go pilate intro next sat tell time r free,0
ham,"Geeeee ... Your internet is really bad today, eh ?",geeeee internet really bad today eh,0
ham,I think i am disturbing her da,think disturbing da,0
ham,"Sorry, I'll call you  later. I am in meeting sir.",sorry ill call later meeting sir,0
ham,Havent stuck at orchard in my dad's car. Going 4 dinner now. U leh? So r they free tonight?,havent stuck orchard dad car going dinner u leh r free tonight,0
ham,Ok i also wan 2 watch e 9 pm show...,ok also wan watch e pm show,0
ham,I dunno lei... Like dun haf...,dunno lei like dun haf,0
ham,But your brother transfered only  &lt;#&gt;  +  &lt;#&gt; . Pa.,brother transfered ltgt ltgt pa,0
ham,I calls you later. Afternoon onwords mtnl service get problem in south mumbai. I can hear you but you cann't listen me.,call later afternoon onwords mtnl service get problem south mumbai hear cannt listen,0
spam,83039 62735=å£450 UK Break AccommodationVouchers terms & conditions apply. 2 claim you mustprovide your claim number which is 15541 ,uk break accommodationvouchers term condition apply claim mustprovide claim number,1
ham,Talk to g and x about that,talk g x,0
ham,Hai dear friends... This is my new &amp; present number..:) By Rajitha Raj (Ranju),hai dear friend new amp present number rajitha raj ranju,0
ham,As in different styles?,different style,0
spam,WIN a å£200 Shopping spree every WEEK Starting NOW. 2 play text STORE to 88039. SkilGme. TsCs08714740323 1Winawk! age16 å£1.50perweeksub.,win shopping spree every week starting play text store skilgme tscs winawk age perweeksub,1
ham,Gud ni8 dear..slp well..take care..swt dreams..Muah..,gud ni dearslp welltake careswt dreamsmuah,0
spam,"This is the 2nd attempt to contract U, you have won this weeks top prize of either å£1000 cash or å£200 prize. Just call 09066361921",nd attempt contract u week top prize either cash prize call,1
ham,"Well, i'm glad you didn't find it totally disagreeable ... Lol",well im glad didnt find totally disagreeable lol,0
ham,"Guy, no flash me now. If you go call me, call me. How madam. Take care oh.",guy flash go call call madam take care oh,0
ham,Mark works tomorrow. He gets out at 5. His work is by your house so he can meet u afterwards.,mark work tomorrow get work house meet u afterwards,0
ham,\Keep ur problems in ur heart,keep ur problem ur heart,0
ham,"Yeah, give me a call if you've got a minute",yeah give call youve got minute,0
ham,\HI BABE UAWAKE?FEELLIKW SHIT.JUSTFOUND OUT VIA ALETTER THATMUM GOTMARRIED 4thNOV.BEHIND OURBACKS åÐ FUCKINNICE!SELFISH,hi babe uawakefeellikw shitjustfound via aletter thatmum gotmarried thnovbehind ourbacks fuckinniceselfish,0
ham,Amazing : If you rearrange these letters it gives the same meaning... Dormitory = Dirty room Astronomer = Moon starer The eyes = They see Election results = Lies lets recount Mother-in-law = Woman Hitler Eleven plus two =Twelve plus one Its Amazing... !:-),amazing rearrange letter give meaning dormitory dirty room astronomer moon starer eye see election result lie let recount motherinlaw woman hitler eleven plus two twelve plus one amazing,0
ham,Aiya we discuss later lar... Pick Ì_ up at 4 is it?,aiya discus later lar pick,0
ham,Hey happy birthday...,hey happy birthday,0
ham,Sorry i missed your call. Can you please call back.,sorry missed call please call back,0
ham,Omg if its not one thing its another. My cat has worms :/ when does this bad day end?,omg one thing another cat worm bad day end,0
ham,"Good morning, im suffering from fever and dysentry ..will not be able to come to office today.",good morning im suffering fever dysentry able come office today,0
ham,I wont do anything de.,wont anything de,0
ham,What type of stuff do you sing?,type stuff sing,0
ham,"St andre, virgil's cream",st andre virgil cream,0
ham,"My fri ah... Okie lor,goin 4 my drivin den go shoppin after tt...",fri ah okie lorgoin drivin den go shoppin tt,0
ham,Gokila is talking with you aha:),gokila talking aha,0
ham,"Hi Shanil,Rakhesh here.thanks,i have exchanged the uncut diamond stuff.leaving back. Excellent service by Dino and Prem.",hi shanilrakhesh herethanksi exchanged uncut diamond stuffleaving back excellent service dino prem,0
ham,K.k.this month kotees birthday know?,kkthis month kotees birthday know,0
ham,But i'm really really broke oh. No amount is too small even  &lt;#&gt; ,im really really broke oh amount small even ltgt,0
ham,Sorry about that this is my mates phone and i didnt write it love Kate,sorry mate phone didnt write love kate,0
spam,"TheMob>Hit the link to get a premium Pink Panther game, the new no. 1 from Sugababes, a crazy Zebra animation or a badass Hoody wallpaper-all 4 FREE!",themobhit link get premium pink panther game new sugababes crazy zebra animation badass hoody wallpaperall free,1
ham,"Ah, well that confuses things, doesnt it? I thought was friends with now. Maybe i did the wrong thing but i already sort of invited -tho he may not come cos of money.",ah well confuses thing doesnt thought friend maybe wrong thing already sort invited tho may come co money,0
ham,"Aight, call me once you're close",aight call youre close,0
ham,Nope thats fine. I might have a nap tho! ,nope thats fine might nap tho,0
spam,This msg is for your mobile content order It has been resent as previous attempt failed due to network error Queries to customersqueries@netvision.uk.com,msg mobile content order resent previous attempt failed due network error query customersqueriesnetvisionukcom,1
ham,In other news after hassling me to get him weed for a week andres has no money. HAUGHAIGHGTUJHYGUJ,news hassling get weed week andres money haughaighgtujhyguj,0
ham,Ding me on ya break fassyole! Blacko from londn,ding ya break fassyole blacko londn,0
ham,I REALLY NEED 2 KISS U I MISS U MY BABY FROM UR BABY 4EVA,really need kiss u miss u baby ur baby eva,0
ham,Oh you got many responsibilities.,oh got many responsibility,0
ham,I've reached sch already...,ive reached sch already,0
spam,December only! Had your mobile 11mths+? You are entitled to update to the latest colour camera mobile for Free! Call The Mobile Update VCo FREE on 08002986906 ,december mobile mths entitled update latest colour camera mobile free call mobile update vco free,1
ham,U definitely need a module from e humanities dis sem izzit? U wan 2 take other modules 1st?,u definitely need module e humanity dis sem izzit u wan take module st,0
ham,Argh why the fuck is nobody in town ;_;,argh fuck nobody town,0
ham,Thanks. Fills me with complete calm and reassurance! ,thanks fill complete calm reassurance,0
ham,Aslamalaikkum....insha allah tohar beeen muht albi mufti mahfuuz...meaning same here....,aslamalaikkuminsha allah tohar beeen muht albi mufti mahfuuzmeaning,0
ham,Are you driving or training?,driving training,0
ham,Lol for real. She told my dad I have cancer,lol real told dad cancer,0
spam,PRIVATE! Your 2003 Account Statement for 078,private account statement,1
ham,"Oops I did have it,  &lt;#&gt; ?",oops ltgt,0
ham,"\NOT ENUFCREDEIT TOCALL.SHALL ILEAVE UNI AT 6 +GET A BUS TO YOR HOUSE?\""""",enufcredeit tocallshall ileave uni get bus yor house,0
ham,"Hi Chikku, send some nice msgs",hi chikku send nice msg,0
ham,"He is impossible to argue with and he always treats me like his sub, like he never released me ... Which he did and I will remind him of that if necessary",impossible argue always treat like sub like never released remind necessary,0
ham,"After my work ah... Den 6 plus lor... U workin oso rite... Den go orchard lor, no other place to go liao...",work ah den plus lor u workin oso rite den go orchard lor place go liao,0
ham,"To the wonderful Okors, have a great month. We cherish you guys and wish you well each day. MojiBiola",wonderful okors great month cherish guy wish well day mojibiola,0
ham,Cuz ibored. And don wanna study,cuz ibored wanna study,0
ham,Wot about on wed nite I am 3 then but only til 9!,wot wed nite til,0
ham,That sucks. I'll go over so u can do my hair. You'll do it free right?,suck ill go u hair youll free right,0
ham,it's still not working. And this time i also tried adding zeros. That was the savings. The checking is  &lt;#&gt; ,still working time also tried adding zero saving checking ltgt,0
ham,"Hmm... Dunno leh, mayb a bag 4 goigng out dat is not too small. Or jus anything except perfume, smth dat i can keep.",hmm dunno leh mayb bag goigng dat small jus anything except perfume smth dat keep,0
ham,Sday only joined.so training we started today:),sday joinedso training started today,0
ham,Sorry * was at the grocers.,sorry grocer,0
ham,There are some nice pubs near here or there is Frankie n Bennys near the warner cinema?,nice pub near frankie n benny near warner cinema,0
spam,"YOU VE WON! Your 4* Costa Del Sol Holiday or å£5000 await collection. Call 09050090044 Now toClaim. SAE, TC s, POBox334, Stockport, SK38xh, Costå£1.50/pm, Max10mins",costa del sol holiday await collection call toclaim sae tc pobox stockport skxh costpm maxmins,1
ham,Yup... I havent been there before... You want to go for the yoga? I can call up to book ,yup havent want go yoga call book,0
ham,Oh shut it. Omg yesterday I had a dream that I had 2 kids both boys. I was so pissed. Not only about the kids but them being boys. I even told mark in my dream that he was changing diapers cause I'm not getting owed in the face.,oh shut omg yesterday dream kid boy pissed kid boy even told mark dream changing diaper cause im getting owed face,0
ham,Yeah I imagine he would be really gentle. Unlike the other docs who treat their patients like turkeys.,yeah imagine would really gentle unlike doc treat patient like turkey,0
ham,Now that you have started dont stop. Just pray for more good ideas and anything i see that can help you guys i.ll forward you a link.,started dont stop pray good idea anything see help guy ill forward link,0
ham,Hi darlin im on helens fone im gonna b up the princes 2 nite please come up tb love Kate,hi darlin im helen fone im gonna b prince nite please come tb love kate,0
ham,I'm in office now da:)where are you?,im office dawhere,0
ham,Aiyar u so poor thing... I give u my support k... Jia you! I'll think of u...,aiyar u poor thing give u support k jia ill think u,0
ham,Oh unintentionally not bad timing. Great. Fingers  the trains play along! Will give fifteen min warning.,oh unintentionally bad timing great finger train play along give fifteen min warning,0
spam,Get your garden ready for summer with a FREE selection of summer bulbs and seeds worth å£33:50 only with The Scotsman this Saturday. To stop go2 notxt.co.uk,get garden ready summer free selection summer bulb seed worth scotsman saturday stop go notxtcouk,1
ham,K..then come wenever u lik to come and also tel vikky to come by getting free time..:-),kthen come wenever u lik come also tel vikky come getting free time,0
ham,Pls call me da. What happen.,pls call da happen,0
ham,"Happy new year to u and ur family...may this new year bring happiness , stability and tranquility to ur vibrant colourful life:):)",happy new year u ur familymay new year bring happiness stability tranquility ur vibrant colourful life,0
ham,No problem with the renewal. I.ll do it right away but i dont know his details.,problem renewal ill right away dont know detail,0
ham,Idk. I'm sitting here in a stop and shop parking lot right now bawling my eyes out because i feel like i'm a failure in everything. Nobody wants me and now i feel like i'm failing you.,idk im sitting stop shop parking lot right bawling eye feel like im failure everything nobody want feel like im failing,0
ham,Haven't left yet so probably gonna be here til dinner,havent left yet probably gonna til dinner,0
ham,"Like  &lt;#&gt; , same question",like ltgt question,0
ham,MY NEW YEARS EVE WAS OK. I WENT TO A PARTY WITH MY BOYFRIEND. WHO IS THIS SI THEN HEY,new year eve ok went party boyfriend si hey,0
ham,"Sir, I need Velusamy sir's date of birth and company bank facilities details.",sir need velusamy sir date birth company bank facility detail,0
ham,K k:) sms chat with me.,k k sm chat,0
ham,I will come with karnan car. Please wait till 6pm will directly goto doctor.,come karnan car please wait till pm directly goto doctor,0
ham,No but the bluray player can,bluray player,0
ham,Ok... Then r we meeting later?,ok r meeting later,0
ham,Lol no. I just need to cash in my nitros. Hurry come on before I crash out!,lol need cash nitros hurry come crash,0
ham,Just send a text. We'll skype later.,send text well skype later,0
ham,Ok leave no need to ask,ok leave need ask,0
ham,ÌÏ still got lessons?  ÌÏ in sch?,still got lesson sch,0
ham,Y she dun believe leh? I tot i told her it's true already. I thk she muz c us tog then she believe.,dun believe leh tot told true already thk muz c u tog believe,0
ham,Oh did you charge camera,oh charge camera,0
ham,"IÛ÷ve got some salt, you can rub it in my open wounds if you like!",ive got salt rub open wound like,0
ham,Now i'm going for lunch.,im going lunch,0
ham,I'm in school now n i'll be in da lab doing some stuff give me a call when Ì_ r done.,im school n ill da lab stuff give call r done,0
ham,"Aight, text me tonight and we'll see what's up",aight text tonight well see whats,0
ham,Water logging in desert. Geoenvironmental implications.,water logging desert geoenvironmental implication,0
ham,"Very strange.  and  are watching the 2nd one now but i'm in bed. Sweet dreams, miss u ",strange watching nd one im bed sweet dream miss u,0
spam,SMS AUCTION - A BRAND NEW Nokia 7250 is up 4 auction today! Auction is FREE 2 join & take part! Txt NOKIA to 86021 now!,sm auction brand new nokia auction today auction free join take part txt nokia,1
ham,"Hi hope u r both ok, he said he would text and he hasn't, have u seen him, let me down gently please ",hi hope u r ok said would text hasnt u seen let gently please,0
ham,"Babe! I fucking love you too !! You know? Fuck it was so good to hear your voice. I so need that. I crave it. I can't get enough. I adore you, Ahmad *kisses*",babe fucking love know fuck good hear voice need crave cant get enough adore ahmad kiss,0
ham,K sure am in my relatives home. Sms me de. Pls:-),k sure relative home sm de pls,0
ham,"Fuuuuck I need to stop sleepin, sup",fuuuuck need stop sleepin sup,0
ham,I'm in town now so i'll jus take mrt down later.,im town ill jus take mrt later,0
ham,I just cooked a rather nice salmon a la you,cooked rather nice salmon la,0
ham,I uploaded mine to Facebook,uploaded mine facebook,0
ham,WHAT TIME U WRKIN?,time u wrkin,0
spam,ree entry in 2 a weekly comp for a chance to win an ipod. Txt POD to 80182 to get entry (std txt rate) T&C's apply 08452810073 for details 18+,ree entry weekly comp chance win ipod txt pod get entry std txt rate tc apply detail,1
spam,Our records indicate u maybe entitled to 5000 pounds in compensation for the Accident you had. To claim 4 free reply with CLAIM to this msg. 2 stop txt STOP,record indicate u maybe entitled pound compensation accident claim free reply claim msg stop txt stop,1
ham,Oh oh... Den muz change plan liao... Go back have to yan jiu again...,oh oh den muz change plan liao go back yan jiu,0
ham,"It's wylie, you in tampa or sarasota?",wylie tampa sarasota,0
ham,Ok... Take ur time n enjoy ur dinner...,ok take ur time n enjoy ur dinner,0
ham,Darren was saying dat if u meeting da ge den we dun meet 4 dinner. Cos later u leave xy will feel awkward. Den u meet him 4 lunch lor.,darren saying dat u meeting da ge den dun meet dinner co later u leave xy feel awkward den u meet lunch lor,0
ham,I like cheap! But iÛ÷m happy to splash out on the wine if it makes you feel better..,like cheap im happy splash wine make feel better,0
ham,She.s fine. I have had difficulties with her phone. It works with mine. Can you pls send her another friend request.,shes fine difficulty phone work mine pls send another friend request,0
ham,Ugh my leg hurts. Musta overdid it on mon.,ugh leg hurt musta overdid mon,0
ham,WOT STUDENT DISCOUNT CAN U GET ON BOOKS?,wot student discount u get book,0
ham,How come she can get it? Should b quite diff to guess rite...,come get b quite diff guess rite,0
spam,Had your mobile 11mths ? Update for FREE to Oranges latest colour camera mobiles & unlimited weekend calls. Call Mobile Upd8 on freefone 08000839402 or 2StopTxt,mobile mths update free orange latest colour camera mobile unlimited weekend call call mobile upd freefone stoptxt,1
ham,"Babe, I'm answering you, can't you see me ? Maybe you'd better reboot YM ... I got the photo ... It's great !",babe im answering cant see maybe youd better reboot ym got photo great,0
ham,Hi.what you think about match?,hiwhat think match,0
ham,"I know you are thinkin malaria. But relax, children cant handle malaria. She would have been worse and its gastroenteritis. If she takes enough to replace her loss her temp will reduce. And if you give her malaria meds now she will just vomit. Its a self limiting illness she has which means in a few days it will completely stop",know thinkin malaria relax child cant handle malaria would worse gastroenteritis take enough replace loss temp reduce give malaria med vomit self limiting illness mean day completely stop,0
ham,Dai i downloaded but there is only exe file which i can only run that exe after installing.,dai downloaded exe file run exe installing,0
ham,It is only yesterday true true.,yesterday true true,0
ham,K.k.how is your business now?,kkhow business,0
ham,3 pa but not selected.,pa selected,0
ham,Well thats nice. Too bad i cant eat it,well thats nice bad cant eat,0
ham,I accidentally brought em home in the box,accidentally brought em home box,0
ham,Pls she needs to dat slowly or she will vomit more.,pls need dat slowly vomit,0
ham,"Jane babes not goin 2 wrk, feel ill after lst nite. Foned in already cover 4 me chuck.:-)",jane babe goin wrk feel ill lst nite foned already cover chuck,0
ham,5 nights...We nt staying at port step liao...Too ex,nightswe nt staying port step liaotoo ex,0
ham,If I die I want u to have all my stuffs.,die want u stuff,0
ham,"\OH FUCK. JUSWOKE UP IN A BED ON A BOATIN THE DOCKS. SLEPT WID 25 YEAR OLD. SPINOUT! GIV U DA GOSSIP L8R. XXX\""""",oh fuck juswoke bed boatin dock slept wid year old spinout giv u da gossip lr xxx,0
ham,I re-met alex nichols from middle school and it turns out he's dealing!,remet alex nichols middle school turn he dealing,0
spam,PRIVATE! Your 2003 Account Statement for <fone no> shows 800 un-redeemed S. I. M. points. Call 08715203656 Identifier Code: 42049 Expires 26/10/04,private account statement fone show unredeemed point call identifier code expires,1
ham,It means u could not keep ur words.,mean u could keep ur word,0
ham,"Nope, I'm still in the market",nope im still market,0
ham,I realise you are a busy guy and i'm trying not to be a bother. I have to get some exams outta the way and then try the cars. Do have a gr8 day,realise busy guy im trying bother get exam outta way try car gr day,0
ham,Hey what how about your project. Started aha da.,hey project started aha da,0
ham,Ok cool. See ya then.,ok cool see ya,0
ham,Am on the uworld site. Am i buying the qbank only or am i buying it with the self assessment also?,uworld site buying qbank buying self assessment also,0
spam,Someonone you know is trying to contact you via our dating service! To find out who it could be call from your mobile or landline 09064015307 BOX334SK38ch ,someonone know trying contact via dating service find could call mobile landline boxskch,1
ham,Yeah I can still give you a ride,yeah still give ride,0
ham,"Jay wants to work out first, how's 4 sound?",jay want work first hows sound,0
ham,"Gud gud..k, chikku tke care.. sleep well gud nyt",gud gudk chikku tke care sleep well gud nyt,0
ham,Hmm thinking lor...,hmm thinking lor,0
ham,Of course ! Don't tease me ... You know I simply must see ! *grins* ... Do keep me posted my prey ... *loving smile* *devouring kiss*,course dont tease know simply must see grin keep posted prey loving smile devouring kiss,0
ham,thanks for the temales it was wonderful. Thank. Have a great week.,thanks temales wonderful thank great week,0
ham,Thank you princess! I want to see your nice juicy booty...,thank princess want see nice juicy booty,0
ham,Haven't eaten all day. I'm sitting here staring at this juicy pizza and I can't eat it. These meds are ruining my life.,havent eaten day im sitting staring juicy pizza cant eat med ruining life,0
ham,U come n search tat vid..not finishd..,u come n search tat vidnot finishd,0
ham,"K I'm leaving soon, be there a little after 9",k im leaving soon little,0
spam,Urgent! Please call 09061213237 from a landline. å£5000 cash or a 4* holiday await collection. T &Cs SAE PO Box 177 M227XY. 16+,urgent please call landline cash holiday await collection c sae po box mxy,1
ham,"Yeah work is fine, started last week, all the same stuff as before, dull but easy and guys are fun!",yeah work fine started last week stuff dull easy guy fun,0
ham,You do your studies alone without anyones help. If you cant no need to study.,study alone without anyones help cant need study,0
ham,Please tell me not all of my car keys are in your purse,please tell car key purse,0
ham,I didnt get anything da,didnt get anything da,0
ham,Ok... Sweet dreams...,ok sweet dream,0
ham,Well she's in for a big surprise!,well shes big surprise,0
ham,1 in cbe. 2 in chennai.,cbe chennai,0
ham,Can help u swoop by picking u up from wherever ur other birds r meeting if u want.,help u swoop picking u wherever ur bird r meeting u want,0
ham,If anyone calls for a treadmill say you'll buy it. Make sure its working. I found an ad on Craigslist selling for $ &lt;#&gt; .,anyone call treadmill say youll buy make sure working found ad craigslist selling ltgt,0
ham,I absolutely LOVE South Park! I only recently started watching the office.,absolutely love south park recently started watching office,0
ham,Did you see that film:),see film,0
ham,Pls speak with me. I wont ask anything other then you friendship.,pls speak wont ask anything friendship,0
ham,Gud ni8.swt drms.take care,gud niswt drmstake care,0
ham,HI DARLIN ITS KATE ARE U UP FOR DOIN SOMETHIN TONIGHT? IM GOING TO A PUB CALLED THE SWAN OR SOMETHING WITH MY PARENTS FOR ONE DRINK SO PHONE ME IF U CAN,hi darlin kate u doin somethin tonight im going pub called swan something parent one drink phone u,0
ham,Anything lar then Ì_ not going home 4 dinner?,anything lar going home dinner,0
ham,\ER,er,0
ham,Did u fix the teeth?if not do it asap.ok take care.,u fix teethif asapok take care,0
ham,So u wan 2 come for our dinner tonight a not?,u wan come dinner tonight,0
ham,"Hello.How u doing?What u been up 2?When will u b moving out of the flat, cos I will need to arrange to pick up the lamp, etc. Take care. Hello caroline!",hellohow u doingwhat u u b moving flat co need arrange pick lamp etc take care hello caroline,0
ham,Its too late:)but its k.wish you the same.,latebut kwish,0
ham,"Hi. Hope ur day * good! Back from walk, table booked for half eight. Let me know when ur coming over.",hi hope ur day good back walk table booked half eight let know ur coming,0
ham,Oh yeah clearly it's my fault,oh yeah clearly fault,0
ham,Dunno leh cant remember mayb lor. So wat time r we meeting tmr?,dunno leh cant remember mayb lor wat time r meeting tmr,0
ham,"Best msg: It's hard to be with a person, when u know that one more step foward will make u fall in love.. &amp; One step back can ruin ur friendship.. good night:-) ...",best msg hard person u know one step foward make u fall love amp one step back ruin ur friendship good night,0
ham,"Vikky, come around  &lt;TIME&gt; ..",vikky come around lttimegt,0
ham,"And how you will do that, princess? :)",princess,0
ham,I have gone into get info bt dont know what to do,gone get info bt dont know,0
ham,"Yeah, probably here for a while",yeah probably,0
ham,I'm still pretty weak today .. Bad day ?,im still pretty weak today bad day,0
ham,Hey ! Don't forget ... You are MINE ... For ME ... My possession ... MY property ... MMM ... *childish smile* ...,hey dont forget mine possession property mmm childish smile,0
ham,An excellent thought by a misundrstud frnd: I knw u hate me bt the day wen u'll knw the truth u'll hate urself:-( Gn:-),excellent thought misundrstud frnd knw u hate bt day wen ull knw truth ull hate urself gn,0
ham,Hey! Congrats 2u2. id luv 2 but ive had 2 go home!,hey congrats u id luv ive go home,0
ham,Dear where you. Call me,dear call,0
ham,Xy trying smth now. U eat already? We havent...,xy trying smth u eat already havent,0
spam,Urgent! Please call 09061213237 from landline. å£5000 cash or a luxury 4* Canary Islands Holiday await collection. T&Cs SAE PO Box 177. M227XY. 150ppm. 16+,urgent please call landline cash luxury canary island holiday await collection tc sae po box mxy ppm,1
ham,I donno its in your genes or something,donno gene something,0
ham,Alex says he's not ok with you not being ok with it,alex say he ok ok,0
ham,Are u coming to the funeral home,u coming funeral home,0
ham,My darling sister. How are you doing. When's school resuming. Is there a minimum wait period before you reapply? Do take care,darling sister whens school resuming minimum wait period reapply take care,0
ham,I.ll hand her my phone to chat wit u,ill hand phone chat wit u,0
ham,Well good morning mr . Hows london treatin' ya treacle?,well good morning mr hows london treatin ya treacle,0
ham,I can't make it tonight,cant make tonight,0
ham,About  &lt;#&gt; bucks. The banks fees are fixed. Better to call the bank and find out.,ltgt buck bank fee fixed better call bank find,0
ham,"I can. But it will tell quite long, cos i haven't finish my film yet...",tell quite long co havent finish film yet,0
ham,Pls ask macho how much is budget for bb bold 2 is cos i saw a new one for  &lt;#&gt;  dollars.,pls ask macho much budget bb bold co saw new one ltgt dollar,0
ham,"\Hi missed your Call and my mumHas beendropping red wine all over theplace! what is your adress?\""""",hi missed call mumhas beendropping red wine theplace adress,0
ham,Ill be at yours in about 3 mins but look out for me,ill min look,0
ham,What you did in  leave.,leave,0
ham,I'm coming back on Thursday. Yay. Is it gonna be ok to get the money. Cheers. Oh yeah and how are you. Everything alright. Hows school. Or do you call it work now,im coming back thursday yay gonna ok get money cheer oh yeah everything alright hows school call work,0
ham,"Jolly good! By the way,  will give u tickets for sat eve 7.30. Speak before then x",jolly good way give u ticket sat eve speak x,0
ham,"yeah, that's what I was thinking",yeah thats thinking,0
ham,K.k:)i'm going to tirunelvali this week to see my uncle ..i already spend the amount by taking dress .so only i want money.i will give it on feb 1,kkim going tirunelvali week see uncle already spend amount taking dress want moneyi give feb,0
ham,Here got ur favorite oyster... N got my favorite sashimi... Ok lar i dun say already... Wait ur stomach start rumbling...,got ur favorite oyster n got favorite sashimi ok lar dun say already wait ur stomach start rumbling,0
ham,My sister going to earn more than me da.,sister going earn da,0
ham,Jus finish watching tv... U?,jus finish watching tv u,0
ham,"K, fyi I'm back in my parents' place in south tampa so I might need to do the deal somewhere else",k fyi im back parent place south tampa might need deal somewhere else,0
ham,"Good morning, my Love ... I go to sleep now and wish you a great day full of feeling better and opportunity ... You are my last thought babe, I LOVE YOU *kiss*",good morning love go sleep wish great day full feeling better opportunity last thought babe love kiss,0
ham,Kothi print out marandratha.,kothi print marandratha,0
ham,But we havent got da topic yet rite?,havent got da topic yet rite,0
ham,Ok no problem... Yup i'm going to sch at 4 if i rem correctly...,ok problem yup im going sch rem correctly,0
ham,"Thanks, I'll keep that in mind",thanks ill keep mind,0
ham,Aah bless! How's your arm?,aah bless hows arm,0
ham,"Dear Sir,Salam Alaikkum.Pride and Pleasure meeting you today at the Tea Shop.We are pleased to send you our contact number at Qatar.Rakhesh an Indian.Pls save our Number.Respectful Regards.",dear sirsalam alaikkumpride pleasure meeting today tea shopwe pleased send contact number qatarrakhesh indianpls save numberrespectful regard,0
ham,"Gal n boy walking in d park. gal-can i hold ur hand? boy-y? do u think i would run away? gal-no, jst wana c how it feels walking in heaven with an prince..GN:-)",gal n boy walking park galcan hold ur hand boyy u think would run away galno jst wana c feel walking heaven princegn,0
ham,What makes you most happy?,make happy,0
ham,Wishing you a wonderful week.,wishing wonderful week,0
ham,Sweet heart how are you?,sweet heart,0
ham,"Sir, waiting for your letter.",sir waiting letter,0
ham,Dude im no longer a pisces. Im an aquarius now.,dude im longer pisces im aquarius,0
ham,X course it 2yrs. Just so her messages on messenger lik you r sending me,x course yr message messenger lik r sending,0
ham,I think steyn surely get one wicket:),think steyn surely get one wicket,0
ham,"Neither [in sterm voice] - i'm studying. All fine with me! Not sure the  thing will be resolved, tho. Anyway. Have a fab hols",neither sterm voice im studying fine sure thing resolved tho anyway fab hols,0
ham,"Garbage bags, eggs, jam, bread, hannaford wheat chex",garbage bag egg jam bread hannaford wheat chex,0
ham,No. It's not pride. I'm almost  &lt;#&gt;  years old and shouldn't be takin money from my kid. You're not supposed to have to deal with this stuff. This is grownup stuff--why i don't tell you.,pride im almost ltgt year old shouldnt takin money kid youre supposed deal stuff grownup stuffwhy dont tell,0
ham,Sounds better than my evening im just doing my costume. Im not sure what time i finish tomorrow but i will txt you at the end.,sound better evening im costume im sure time finish tomorrow txt end,0
ham,My birthday is on feb  &lt;#&gt;  da. .,birthday feb ltgt da,0
ham,So when do you wanna gym?,wanna gym,0
ham,You'd like that wouldn't you? Jerk!,youd like wouldnt jerk,0
ham,Are u awake? Is there snow there?,u awake snow,0
ham,And of course you should make a stink!,course make stink,0
spam,"u r subscribed 2 TEXTCOMP 250 wkly comp. 1st wk?s free question follows, subsequent wks charged@150p/msg.2 unsubscribe txt STOP 2 84128,custcare 08712405020",u r subscribed textcomp wkly comp st wks free question follows subsequent wks chargedpmsg unsubscribe txt stop custcare,1
ham,No go. No openings for that room 'til after thanksgiving without an upcharge.,go opening room til thanksgiving without upcharge,0
ham,When you guys planning on coming over?,guy planning coming,0
ham,Wat Ì_ doing now?,wat,0
ham,No sir. That's why i had an 8-hr trip on the bus last week. Have another audition next wednesday but i think i might drive this time.,sir thats hr trip bus last week another audition next wednesday think might drive time,0
ham,Do I? I thought I put it back in the box,thought put back box,0
ham,No one interested. May be some business plan.,one interested may business plan,0
ham,Yup it's at paragon... I havent decided whether 2 cut yet... Hee...,yup paragon havent decided whether cut yet hee,0
ham,Good morning princess! Have a great day!,good morning princess great day,0
ham,Guai... ÌÏ shd haf seen him when he's naughty... ÌÏ so free today? Can go jogging...,guai shd haf seen he naughty free today go jogging,0
ham,Aiyo cos i sms Ì_ then Ì_ neva reply so i wait 4 Ì_ to reply lar. I tot Ì_ havent finish ur lab wat.,aiyo co sm neva reply wait reply lar tot havent finish ur lab wat,0
ham,"Living is very simple.. Loving is also simple.. Laughing is too simple.. Winning is tooo simple.. But, Being 'SIMPLE' is very difficult...;-) :-)",living simple loving also simple laughing simple winning tooo simple simple difficult,0
ham,Tell me something. Thats okay.,tell something thats okay,0
ham,Hmm. Shall i bring a bottle of wine to keep us amused? Just joking! I'll still bring a bottle. Red or white? See you tomorrow,hmm shall bring bottle wine keep u amused joking ill still bring bottle red white see tomorrow,0
ham,This is ur face test ( 1 2 3 4 5 6 7 8 9  &lt;#&gt;  ) select any number i will tell ur face astrology.... am waiting. quick reply...,ur face test ltgt select number tell ur face astrology waiting quick reply,0
ham,"Hey, iouri gave me your number, I'm wylie, ryan's friend",hey iouri gave number im wylie ryans friend,0
ham,Yep get with the program. You're slacking.,yep get program youre slacking,0
ham,I'm in inside office..still filling forms.don know when they leave me.,im inside officestill filling formsdon know leave,0
ham,"I think your mentor is , but not 100 percent sure.",think mentor percent sure,0
spam,Call 09095350301 and send our girls into erotic ecstacy. Just 60p/min. To stop texts call 08712460324 (nat rate),call send girl erotic ecstacy pmin stop text call nat rate,1
ham,Just trying to figure out when I'm suppose to see a couple different people this week. We said we'd get together but I didn't set dates,trying figure im suppose see couple different people week said wed get together didnt set date,0
spam,IMPORTANT MESSAGE. This is a final contact attempt. You have important messages waiting out our customer claims dept. Expires 13/4/04. Call 08717507382 NOW!,important message final contact attempt important message waiting customer claim dept expires call,1
ham,Hi mom we might be back later than  &lt;#&gt; ,hi mom might back later ltgt,0
spam,dating:i have had two of these. Only started after i sent a text to talk sport radio last week. Any connection do you think or coincidence?,datingi two started sent text talk sport radio last week connection think coincidence,1
ham,"Lol, oh you got a friend for the dog ?",lol oh got friend dog,0
ham,"Ok., is any problem to u frm him? Wats matter?",ok problem u frm wats matter,0
ham,"K I'll head out in a few mins, see you there",k ill head min see,0
ham,I don't want you to leave. But i'm barely doing what i can to stay sane. fighting with you constantly isn't helping.,dont want leave im barely stay sane fighting constantly isnt helping,0
spam,The current leading bid is 151. To pause this auction send OUT. Customer Care: 08718726270,current leading bid pause auction send customer care,1
spam,"Free entry to the gr8prizes wkly comp 4 a chance to win the latest Nokia 8800, PSP or å£250 cash every wk.TXT GREAT to 80878 http//www.gr8prizes.com 08715705022",free entry grprizes wkly comp chance win latest nokia psp cash every wktxt great,1
ham,Somebody set up a website where you can play hold em using eve online spacebucks,somebody set website play hold em using eve online spacebucks,0
ham,Its sunny in california. The weather's just cool,sunny california weather cool,0
spam,You have 1 new message. Call 0207-083-6089,new message call,1
ham,"I can make it up there, squeezed  &lt;#&gt;  bucks out of my dad",make squeezed ltgt buck dad,0
ham,Good day to You too.Pray for me.Remove the teeth as its painful maintaining other stuff.,good day toopray meremove teeth painful maintaining stuff,0
ham,How are you babes. Hope your doing ok. I had a shit nights sleep. I fell asleep at 5.IåÕm knackered and iåÕm dreading work tonight. What are thou upto tonight. X,babe hope ok shit night sleep fell asleep im knackered im dreading work tonight thou upto tonight x,0
ham,How do friends help us in problems? They give the most stupid suggestion that Lands us into another problem and helps us forgt the previous problem,friend help u problem give stupid suggestion land u another problem help u forgt previous problem,0
ham,I will be gentle baby! Soon you will be taking all  &lt;#&gt;  inches deep inside your tight pussy...,gentle baby soon taking ltgt inch deep inside tight pussy,0
ham,NOT MUCH NO FIGHTS. IT WAS A GOOD NITE!!,much fight good nite,0
ham,Nt joking seriously i told,nt joking seriously told,0
ham,Watching ajith film ah?,watching ajith film ah,0
ham,Ooooooh I forgot to tell u I can get on yoville on my phone,ooooooh forgot tell u get yoville phone,0
ham,"All done, all handed in. Don't know if mega shop in asda counts as celebration but thats what i'm doing!",done handed dont know mega shop asda count celebration thats im,0
ham,I dont know exactly could you ask chechi.,dont know exactly could ask chechi,0
ham,Dunno lei shd b driving lor cos i go sch 1 hr oni.,dunno lei shd b driving lor co go sch hr oni,0
ham,As in i want custom officer discount oh.,want custom officer discount oh,0
ham,That's necessarily respectful,thats necessarily respectful,0
ham,Hi. Hope you had a good day. Have a better night.,hi hope good day better night,0
ham,And he's apparently bffs with carly quick now,he apparently bffs carly quick,0
ham,HARD BUT TRUE: How much you show &amp;  express your love to someone....that much it will hurt when they leave you or you get seperated...!ö´Ó_??Û¬ud evening...,hard true much show amp express love someonethat much hurt leave get seperatedud evening,0
ham,Babes I think I got ur brolly I left it in English wil bring it in 2mrw 4 u luv Franxx,babe think got ur brolly left english wil bring mrw u luv franxx,0
ham,Hi babe its me thanks for coming even though it didnt go that well!i just wanted my bed! Hope to see you soon love and kisses xxx,hi babe thanks coming even though didnt go welli wanted bed hope see soon love kiss xxx,0
ham,So gd got free ice cream... I oso wan...,gd got free ice cream oso wan,0
ham,Pls give her prometazine syrup. 5mls then  &lt;#&gt; mins later feed.,pls give prometazine syrup ml ltgt min later feed,0
ham,So how many days since then?,many day since,0
ham,Dear are you angry i was busy dear,dear angry busy dear,0
ham,Yup he msg me: is tat yijue? Then i tot it's my group mate cos we meeting today mah... I'm askin if Ì_ leaving earlier or wat mah cos mayb Ì_ haf to walk v far...,yup msg tat yijue tot group mate co meeting today mah im askin leaving earlier wat mah co mayb haf walk v far,0
ham,... Are you in the pub?,pub,0
ham,There is a first time for everything :),first time everything,0
ham,"Daddy, shu shu is looking 4 u... U wan me 2 tell him u're not in singapore or wat?",daddy shu shu looking u u wan tell ure singapore wat,0
ham,I ask if u meeting da ge tmr nite...,ask u meeting da ge tmr nite,0
ham,Gr8. So how do you handle the victoria island traffic. Plus when's the album due,gr handle victoria island traffic plus whens album due,0
ham,Nite nite pocay wocay luv u more than n e thing 4eva I promise ring u 2morrowxxxx,nite nite pocay wocay luv u n e thing eva promise ring u morrowxxxx,0
ham,East coast,east coast,0
ham,You should get more chicken broth if you want ramen unless there's some I don't know about,get chicken broth want ramen unless there dont know,0
ham,My slave! I want you to take 2 or 3 pictures of yourself today in bright light on your cell phone! Bright light!,slave want take picture today bright light cell phone bright light,0
ham,Nope. I just forgot. Will show next week,nope forgot show next week,0
ham,So how are you really. What are you up to. How's the masters. And so on.,really hows master,0
ham,I'm at bruce &amp; fowler now but I'm in my mom's car so I can't park (long story),im bruce amp fowler im mom car cant park long story,0
ham,I dont know oh. Hopefully this month.,dont know oh hopefully month,0
ham,"Hi elaine, is today's meeting confirmed?",hi elaine today meeting confirmed,0
ham,Ok k..sry i knw 2 siva..tats y i askd..,ok ksry knw sivatats askd,0
ham,U horrible gal... U knew dat i was going out wif him yest n u still come n ask me...,u horrible gal u knew dat going wif yest n u still come n ask,0
ham,Oh yeah! And my diet just flew out the window,oh yeah diet flew window,0
spam,Santa Calling! Would your little ones like a call from Santa Xmas eve? Call 09058094583 to book your time.,santa calling would little one like call santa xmas eve call book time,1
ham,You didnt complete your gist oh.,didnt complete gist oh,0
ham,"Er yeah, i will b there at 15:26, sorry! Just tell me which pub/cafe to sit in and come wen u can",er yeah b sorry tell pubcafe sit come wen u,0
ham,"If you can make it any time tonight or whenever you can it's cool, just text me whenever you're around",make time tonight whenever cool text whenever youre around,0
ham,If I was I wasn't paying attention,wasnt paying attention,0
ham,Thanx a lot 4 ur help!,thanx lot ur help,0
ham,You're gonna have to be way more specific than that,youre gonna way specific,0
ham,Jesus armand really is trying to tell everybody he can find,jesus armand really trying tell everybody find,0
ham,I'm wif him now buying tix lar...,im wif buying tix lar,0
ham,Mode men or have you left.,mode men left,0
ham,Am slow in using biola's fne,slow using biolas fne,0
ham,"\What are youdoing later? Sar xxx\""""",youdoing later sar xxx,0
ham,Hey i've booked the 2 lessons on sun liao...,hey ive booked lesson sun liao,0
ham,Thank you. do you generally date the brothas?,thank generally date brothas,0
ham,"By the way, make sure u get train to worc foregate street not shrub hill. Have fun night x",way make sure u get train worc foregate street shrub hill fun night x,0
ham,"I thought i'd get him a watch, just cos thats the kind of thing u get4an18th. And he loves so much!",thought id get watch co thats kind thing u getanth love much,0
spam,You have won a guaranteed 32000 award or maybe even å£1000 cash to claim ur award call free on 0800 ..... (18+). Its a legitimat efreefone number wat do u think???,guaranteed award maybe even cash claim ur award call free legitimat efreefone number wat u think,1
ham,Good morning. At the repair shop--the ONLY reason i'm up at this hour.,good morning repair shopthe reason im hour,0
ham,"And that's fine, I got enough bud to last most of the night at least",thats fine got enough bud last night least,0
ham,I am back. Good journey! Let me know if you need any of the receipts. Shall i tell you like the pendent?,back good journey let know need receipt shall tell like pendent,0
ham,So that takes away some money worries,take away money worry,0
ham,"aight we can pick some up, you open before tonight?",aight pick open tonight,0
spam,"Latest News! Police station toilet stolen, cops have nothing to go on!",latest news police station toilet stolen cop nothing go,1
ham,Sac needs to carry on:),sac need carry,0
ham,Just sing HU. I think its also important to find someone female that know the place well preferably a citizen that is also smart to help you navigate through. Even things like choosing a phone plan require guidance. When in doubt ask especially girls.,sing hu think also important find someone female know place well preferably citizen also smart help navigate even thing like choosing phone plan require guidance doubt ask especially girl,0
ham,What???? Hello wats talks email address?,hello wats talk email address,0
ham,Except theres a chick with huge boobs.,except there chick huge boob,0
ham,Im just wondering what your doing right now?,im wondering right,0
ham,Wishing you a beautiful day. Each moment revealing even more things to keep you smiling. Do enjoy it.,wishing beautiful day moment revealing even thing keep smiling enjoy,0
spam,"\For the most sparkling shopping breaks from 45 per person; call 0121 2025050 or visit www.shortbreaks.org.uk\""""",sparkling shopping break per person call visit,1
ham,If you hear a loud scream in about &lt;#&gt; minutes its cause my Gyno will be shoving things up me that don't belong :/,hear loud scream ltgt minute cause gyno shoving thing dont belong,0
ham,Ok i thk i got it. Then u wan me 2 come now or wat?,ok thk got u wan come wat,0
spam,Txt: CALL to No: 86888 & claim your reward of 3 hours talk time to use from your phone now! Subscribe6GBP/mnth inc 3hrs 16 stop?txtStop www.gamb.tv,txt call claim reward hour talk time use phone subscribegbpmnth inc hr stoptxtstop,1
ham,U GOIN OUT 2NITE?,u goin nite,0
ham,I will treasure every moment we spend together...,treasure every moment spend together,0
ham,Shall I bring us a bottle of wine to keep us amused? Only joking! IÛ÷ll bring one anyway,shall bring u bottle wine keep u amused joking ill bring one anyway,0
spam,http//tms. widelive.com/index. wml?id=820554ad0a1705572711&first=trueåÁC C RingtoneåÁ,widelivecomindex wmlidadafirsttruec c ringtone,1
spam,"URGENT! Last weekend's draw shows that you have won å£1000 cash or a Spanish holiday! CALL NOW 09050000332 to claim. T&C: RSTM, SW7 3SS. 150ppm",urgent last weekend draw show cash spanish holiday call claim tc rstm sw s ppm,1
ham,I thought slide is enough.,thought slide enough,0
ham,Well obviously not because all the people in my cool college life went home ;_;,well obviously people cool college life went home,0
ham,Ok lor Ì_ reaching then message me.,ok lor reaching message,0
ham,Where's mummy's boy ? Is he being good or bad ? Is he being positive or negative ? Why is mummy being made to wait? Hmmmm?,wheres mummy boy good bad positive negative mummy made wait hmmmm,0
ham,Dhoni have luck to win some big title.so we will win:),dhoni luck win big titleso win,0
ham,Yes princess! I want to please you every night. Your wish is my command...,yes princess want please every night wish command,0
ham,No probably  &lt;#&gt; %.,probably ltgt,0
ham,Really do hope the work doesnt get stressful. Have a gr8 day.,really hope work doesnt get stressful gr day,0
ham,Have you seen who's back at Holby?!,seen who back holby,0
ham,Shall call now dear having food,shall call dear food,0
spam,URGENT We are trying to contact you Last weekends draw shows u have won a å£1000 prize GUARANTEED Call 09064017295 Claim code K52 Valid 12hrs 150p pm,urgent trying contact last weekend draw show u prize guaranteed call claim code k valid hr p pm,1
ham,So li hai... Me bored now da lecturer repeating last weeks stuff waste time... ,li hai bored da lecturer repeating last week stuff waste time,0
ham,", ,  and  picking them up from various points | going 2 yeovil | and they will do the motor project 4 3 hours | and then u take them home. || 12 2 5.30 max. || Very easy",picking various point going yeovil motor project hour u take home max easy,0
ham,Also fuck you and your family for going to rhode island or wherever the fuck and leaving me all alone the week I have a new bong &gt;:(,also fuck family going rhode island wherever fuck leaving alone week new bong gt,0
ham,Ofcourse I also upload some songs,ofcourse also upload song,0
spam,2p per min to call Germany 08448350055 from your BT line. Just 2p per min. Check PlanetTalkInstant.com for info & T's & C's. Text stop to opt out,p per min call germany bt line p per min check planettalkinstantcom info t c text stop opt,1
ham,Oh thanks a lot..i already bought 2 eggs ..,oh thanks loti already bought egg,0
ham,U studying in sch or going home? Anyway i'll b going 2 sch later.,u studying sch going home anyway ill b going sch later,0
spam,Marvel Mobile Play the official Ultimate Spider-man game (å£4.50) on ur mobile right now. Text SPIDER to 83338 for the game & we ll send u a FREE 8Ball wallpaper,marvel mobile play official ultimate spiderman game ur mobile right text spider game send u free ball wallpaper,1
ham,I think if he rule tamilnadu..then its very tough for our people.,think rule tamilnaduthen tough people,0
ham,"Cool, we shall go and see, have to go to tip anyway. Are you at home, got something to drop in later? So lets go to town tonight! Maybe mum can take us in.",cool shall go see go tip anyway home got something drop later let go town tonight maybe mum take u,0
ham,"Good afternoon, my love ... How goes your day ? How did you sleep ? I hope your well, my boytoy ... I think of you ...",good afternoon love go day sleep hope well boytoy think,0
ham,Yes... I trust u to buy new stuff ASAP so I can try it out,yes trust u buy new stuff asap try,0
ham,Why did I wake up on my own &gt;:(,wake gt,0
ham,Now get step 2 outta the way. Congrats again.,get step outta way congrats,0
ham,Love has one law; Make happy the person you love. In the same way friendship has one law; Never make ur friend feel alone until you are alive.... Gud night,love one law make happy person love way friendship one law never make ur friend feel alone alive gud night,0
ham,Apo all other are mokka players only,apo mokka player,0
ham,"Perhaps * is much easy give your account identification, so i will tomorrow at UNI",perhaps much easy give account identification tomorrow uni,0
ham,Wait . I will msg after  &lt;#&gt;  min.,wait msg ltgt min,0
ham,What i told before i tell. Stupid hear after i wont tell anything to you. You dad called to my brother and spoken. Not with me.,told tell stupid hear wont tell anything dad called brother spoken,0
ham,God's love has no limit. God's grace has no measure. God's power has no boundaries. May u have God's endless blessings always in ur life...!! Gud ni8,god love limit god grace measure god power boundary may u god endless blessing always ur life gud ni,0
ham,I want to be inside you every night...,want inside every night,0
ham,"Machan you go to gym tomorrow,  i wil come late goodnight.",machan go gym tomorrow wil come late goodnight,0
ham,Lol they were mad at first but then they woke up and gave in.,lol mad first woke gave,0
ham,"ItÛ÷s reassuring, in this crazy world.",reassuring crazy world,0
ham,"Just making dinner, you ?",making dinner,0
ham,Yes. Please leave at  &lt;#&gt; . So that at  &lt;#&gt;  we can leave,yes please leave ltgt ltgt leave,0
ham,Oh... Okie lor...We go on sat... ,oh okie lorwe go sat,0
ham,You are a great role model. You are giving so much and i really wish each day for a miracle but God as a reason for everything and i must say i wish i knew why but i dont. I've looked up to you since i was young and i still do. Have a great day.,great role model giving much really wish day miracle god reason everything must say wish knew dont ive looked since young still great day,0
ham,"Ya, i'm referin to mei's ex wat... No ah, waitin 4 u to treat, somebody shld b rich liao...So gd, den u dun have to work frm tmr onwards...",ya im referin mei ex wat ah waitin u treat somebody shld b rich liaoso gd den u dun work frm tmr onwards,0
ham,Miles and smiles r made frm same letters but do u know d difference..? smile on ur face keeps me happy even though I am miles away from u.. :-)keep smiling.. Good nyt,mile smile r made frm letter u know difference smile ur face keep happy even though mile away u keep smiling good nyt,0
ham,"By the way, i've put a skip right outside the front of the house so you can see which house it is. Just pull up before it.",way ive put skip right outside front house see house pull,0
ham,Can you pls send me that company name. In saibaba colany,pls send company name saibaba colany,0
ham,You are a big chic. Common. Declare,big chic common declare,0
ham,Thats cool. I want to please you...,thats cool want please,0
ham,Going to join tomorrow.,going join tomorrow,0
ham,I want to tell you how bad I feel that basically the only times I text you lately are when I need drugs,want tell bad feel basically time text lately need drug,0
ham,"Total disappointment, when I texted you was the craziest shit got :(",total disappointment texted craziest shit got,0
ham,Its just the effect of irritation. Just ignore it,effect irritation ignore,0
ham,What about this one then.,one,0
ham,I think that tantrum's finished so yeah I'll be by at some point,think tantrum finished yeah ill point,0
ham,Compliments to you. Was away from the system. How your side.,compliment away system side,0
ham,happened here while you were adventuring,happened adventuring,0
ham,"Hey chief, can you give me a bell when you get this. Need to talk to you about this royal visit on the 1st june. ",hey chief give bell get need talk royal visit st june,0
ham,Ok which your another number,ok another number,0
ham,Aiyah ok wat as long as got improve can already wat...,aiyah ok wat long got improve already wat,0
spam,Want explicit SEX in 30 secs? Ring 02073162414 now! Costs 20p/min Gsex POBOX 2667 WC1N 3XX,want explicit sex sec ring cost pmin gsex pobox wcn xx,1
ham,I can't believe how attached I am to seeing you every day. I know you will do the best you can to get to me babe. I will go to teach my class at your midnight,cant believe attached seeing every day know best get babe go teach class midnight,0
spam,ASKED 3MOBILE IF 0870 CHATLINES INCLU IN FREE MINS. INDIA CUST SERVs SED YES. L8ER GOT MEGA BILL. 3 DONT GIV A SHIT. BAILIFF DUE IN DAYS. I O å£250 3 WANT å£800,asked mobile chatlines inclu free min india cust servs sed yes ler got mega bill dont giv shit bailiff due day want,1
ham,Yeah it's jus rite...,yeah jus rite,0
ham,Armand says get your ass over to epsilon,armand say get as epsilon,0
ham,U still havent got urself a jacket ah?,u still havent got urself jacket ah,0
ham,"I'm taking derek &amp; taylor to walmart, if I'm not back by the time you're done just leave the mouse on my desk and I'll text you when priscilla's ready",im taking derek amp taylor walmart im back time youre done leave mouse desk ill text priscillas ready,0
ham,Hi its in durban are you still on this number,hi durban still number,0
ham,Ic. There are a lotta childporn cars then.,ic lotta childporn car,0
ham,"No, I was trying it all weekend ;V",trying weekend v,0
ham,"You know, wot people wear. T shirts, jumpers, hat, belt, is all we know. We r at Cribbs",know wot people wear shirt jumper hat belt know r cribbs,0
ham,"Cool, what time you think you can get here?",cool time think get,0
ham,Wen did you get so spiritual and deep. That's great,wen get spiritual deep thats great,0
ham,Have a safe trip to Nigeria. Wish you happiness and very soon company to share moments with,safe trip nigeria wish happiness soon company share moment,0
ham,Well keep in mind I've only got enough gas for one more round trip barring a sudden influx of cash,well keep mind ive got enough gas one round trip barring sudden influx cash,0
ham,Yeh. Indians was nice. Tho it did kane me off a bit he he. We shud go out 4 a drink sometime soon. Mite hav 2 go 2 da works 4 a laugh soon. Love Pete x x,yeh indian nice tho kane bit shud go drink sometime soon mite hav go da work laugh soon love pete x x,0
ham,Yes i have. So that's why u texted. Pshew...missing you so much,yes thats u texted pshewmissing much,0
ham,No. I meant the calculation is the same. That  &lt;#&gt; units at  &lt;#&gt; . This school is really expensive. Have you started practicing your accent. Because its important. And have you decided if you are doing 4years of dental school or if you'll just do the nmde exam.,meant calculation ltgt unit ltgt school really expensive started practicing accent important decided year dental school youll nmde exam,0
ham,if you aren't here in the next  &lt;#&gt;  hours imma flip my shit,arent next ltgt hour imma flip shit,0
ham,Anything lor. Juz both of us lor.,anything lor juz u lor,0
ham,Get me out of this dump heap. My mom decided to come to lowes. BORING.,get dump heap mom decided come lowes boring,0
ham,Ok lor... Sony ericsson salesman... I ask shuhui then she say quite gd 2 use so i considering...,ok lor sony ericsson salesman ask shuhui say quite gd use considering,0
ham,Ard 6 like dat lor.,ard like dat lor,0
ham,Why don't you wait 'til at least wednesday to see if you get your .,dont wait til least wednesday see get,0
ham,Huh y lei...,huh lei,0
spam,"REMINDER FROM O2: To get 2.50 pounds free call credit and details of great offers pls reply 2 this text with your valid name, house no and postcode",reminder get pound free call credit detail great offer pls reply text valid name house postcode,1
spam,"This is the 2nd time we have tried 2 contact u. U have won the å£750 Pound prize. 2 claim is easy, call 087187272008 NOW1! Only 10p per minute. BT-national-rate.",nd time tried contact u u pound prize claim easy call p per minute btnationalrate,1
ham,Will Ì_ b going to esplanade fr home?,b going esplanade fr home,0
ham,"Pity, * was in mood for that. So...any other suggestions?",pity mood soany suggestion,0
ham,The guy did some bitching but I acted like i'd be interested in buying something else next week and he gave it to us for free,guy bitching acted like id interested buying something else next week gave u free,0
ham,Rofl. Its true to its name,rofl true name,0
